url_length,domain_length,path_length,num_dots,num_hyphens,num_underscores,num_slashes,num_question_marks,num_equals,num_at_symbols,num_ampersands,num_digits,num_subdomains,has_ip_address,is_https,has_port,double_slash_redirect,has_hyphen_in_domain,suspicious_word_count,brand_keyword_count,is_shortened,digit_ratio,special_char_ratio,tld_length,label
58,13,37,2,4,0,5,0,0,0,0,4,1,0,1,0,0,0,0,0,0,0.06896551724137931,0.20689655172413793,3,0
39,22,9,2,0,0,3,0,0,0,0,0,1,0,1,0,0,0,0,0,0,0.0,0.15384615384615385,3,0
45,15,22,2,0,1,4,0,0,0,0,0,1,0,1,0,0,0,0,0,0,0.0,0.17777777777777778,3,0
45,15,22,3,0,0,5,0,0,0,0,1,1,0,1,0,0,0,0,0,0,0.022222222222222223,0.2,3,0
44,14,23,2,0,0,5,0,0,0,0,0,0,0,0,0,0,0,0,0,0,0.0,0.18181818181818182,3,1
61,21,32,2,3,0,5,0,0,0,0,0,1,0,1,0,0,0,0,0,0,0.0,0.18032786885245902,3,0
33,11,14,2,1,0,4,0,0,0,0,0,1,0,1,0,0,0,0,0,0,0.0,0.24242424242424243,3,0
41,16,6,2,0,0,3,1,1,0,0,3,1,0,1,0,0,0,0,0,0,0.07317073170731707,0.1951219512195122,3,0
99,14,78,2,0,1,10,0,0,0,0,0,0,0,0,0,0,0,0,0,0,0.0,0.1414141414141414,2,1
93,15,71,1,3,2,6,0,0,0,0,7,0,0,0,0,0,0,0,0,0,0.07526881720430108,0.13978494623655913,3,0
31,18,5,2,0,0,3,0,0,0,0,0,1,0,1,0,0,0,0,0,0,0.0,0.1935483870967742,3,0
55,10,37,1,4,0,5,0,0,0,0,4,0,0,1,0,0,0,0,0,0,0.07272727272727272,0.2,3,0
32,15,9,2,0,0,3,0,0,0,0,0,1,0,1,0,0,0,0,0,0,0.0,0.1875,3,0
152,21,11,1,9,0,4,1,2,0,2,25,0,0,1,0,0,0,0,0,0,0.16447368421052633,0.13157894736842105,3,1
77,16,53,1,1,0,9,0,0,0,0,0,0,0,1,0,0,0,0,1,0,0.0,0.15584415584415584,3,1
76,29,39,3,0,0,5,0,0,0,1,13,1,0,1,0,0,0,1,0,0,0.17105263157894737,0.25,3,1
59,11,41,1,1,0,7,0,0,0,0,2,0,0,0,0,0,0,0,0,0,0.03389830508474576,0.1694915254237288,3,1
39,30,1,3,1,0,3,0,0,0,0,0,2,0,1,0,0,1,0,1,0,0.0,0.20512820512820512,3,1
35,15,12,2,0,0,4,0,0,0,0,0,1,0,1,0,0,0,0,0,0,0.0,0.2,3,0
55,15,32,2,3,0,5,0,0,0,0,0,1,0,1,0,0,0,0,0,0,0.0,0.2,3,0
147,13,127,2,0,0,5,0,0,0,0,41,1,0,0,0,0,0,0,0,0,0.2789115646258503,0.32653061224489793,2,0
50,31,1,3,1,0,3,1,1,0,0,0,2,0,0,0,0,1,0,0,0,0.0,0.2,3,1
98,11,55,2,2,1,8,1,1,0,1,0,0,0,0,0,0,0,1,0,0,0.0,0.1836734693877551,3,1
28,15,6,1,0,0,3,0,0,0,0,0,0,0,0,0,0,0,0,0,0,0.0,0.17857142857142858,3,1
35,13,14,2,1,0,4,0,0,0,0,0,1,0,1,0,0,0,0,0,0,0.0,0.22857142857142856,3,0
39,14,6,2,0,0,3,1,1,0,0,3,1,0,1,0,0,0,0,0,0,0.07692307692307693,0.20512820512820512,3,0
39,14,17,2,0,0,5,0,0,0,0,0,0,0,1,0,0,0,0,0,0,0.0,0.20512820512820512,3,1
26,11,7,2,0,0,3,0,0,0,0,0,1,0,1,0,0,0,0,0,0,0.0,0.23076923076923078,3,0
61,21,32,2,3,0,5,0,0,0,0,0,1,0,1,0,0,0,0,0,0,0.0,0.18032786885245902,3,0
29,12,9,2,0,0,3,0,0,0,0,0,1,0,1,0,0,0,0,0,0,0.0,0.20689655172413793,3,0
47,19,20,2,0,0,5,0,0,0,0,0,1,0,1,0,0,0,0,0,0,0.0,0.1702127659574468,3,0
36,14,15,1,0,0,4,0,0,0,0,0,0,0,0,0,0,0,1,1,0,0.0,0.16666666666666666,3,1
50,13,30,5,0,0,5,0,0,0,0,10,2,1,0,0,0,0,1,1,0,0.2,0.22,3,1
34,17,9,2,0,0,3,0,0,0,0,0,1,0,1,0,0,0,0,0,0,0.0,0.17647058823529413,3,0
17,9,1,1,0,0,3,0,0,0,0,0,0,0,0,0,0,0,0,0,0,0.0,0.29411764705882354,3,1
33,17,8,2,0,0,3,0,0,0,0,0,1,0,1,0,0,0,0,0,0,0.0,0.18181818181818182,3,0
42,23,12,1,0,0,4,0,0,0,0,0,0,0,0,0,0,0,0,0,0,0.0,0.14285714285714285,3,1
87,21,33,2,1,0,6,1,1,1,0,0,0,0,0,0,0,1,1,0,0,0.0,0.14942528735632185,2,1
33,17,8,2,0,0,3,0,0,0,0,0,1,0,1,0,0,0,0,0,0,0.0,0.18181818181818182,3,0
26,11,7,1,0,0,3,0,0,0,0,0,0,0,1,0,0,0,0,0,0,0.0,0.19230769230769232,3,0
32,9,15,1,0,0,4,0,0,0,0,4,0,0,1,0,0,0,0,0,0,0.125,0.1875,2,0
29,15,6,2,0,0,3,0,0,0,0,0,1,0,1,0,0,0,1,0,0,0.0,0.20689655172413793,3,0
73,22,44,1,1,0,8,0,0,0,0,3,0,0,0,0,0,0,3,1,0,0.0410958904109589,0.1506849315068493,3,1
32,16,8,2,0,0,3,0,0,0,0,0,1,0,1,0,0,0,0,0,0,0.0,0.1875,3,0
35,17,10,2,0,0,6,0,0,0,0,1,1,0,1,0,0,0,0,0,0,0.02857142857142857,0.2571428571428571,3,0
113,15,76,2,2,3,7,1,1,0,0,5,1,0,1,0,0,0,0,1,0,0.04424778761061947,0.1504424778761062,3,1
56,15,33,2,0,2,6,0,1,0,0,5,1,0,1,0,0,0,0,0,0,0.08928571428571429,0.21428571428571427,3,0
37,15,15,3,0,0,4,0,0,0,0,0,1,0,0,0,0,0,0,0,0,0.0,0.21621621621621623,2,1
68,17,44,4,1,0,5,0,0,0,0,0,1,0,0,0,0,0,1,1,0,0.0,0.16176470588235295,3,1
50,31,1,3,1,0,3,1,1,0,0,0,2,0,0,0,0,1,0,0,0,0.0,0.2,3,1
56,15,33,2,0,2,6,0,1,0,0,5,1,0,1,0,0,0,0,0,0,0.08928571428571429,0.21428571428571427,3,0
218,41,12,7,0,1,4,1,3,0,2,89,5,0,0,0,0,0,3,0,0,0.40825688073394495,0.0871559633027523,2,1
166,12,26,3,2,1,7,1,3,0,2,46,0,0,1,0,0,1,1,0,0,0.27710843373493976,0.13253012048192772,3,1
63,13,37,2,1,0,5,1,0,0,0,0,0,0,0,0,0,0,0,0,0,0.0,0.15873015873015872,3,1
32,17,7,2,0,0,3,0,0,0,0,0,1,0,1,0,0,0,0,0,0,0.0,0.1875,3,0
23,15,1,1,0,0,3,0,0,0,0,0,0,0,0,0,0,0,0,0,0,0.0,0.21739130434782608,4,1
39,16,15,2,1,0,3,0,0,0,0,0,1,0,1,0,0,0,1,0,0,0.0,0.1794871794871795,3,0
55,20,4,2,0,0,4,1,0,0,2,0,1,0,0,0,0,0,0,0,0,0.0,0.21818181818181817,2,1
54,18,28,2,1,0,4,0,0,0,0,0,0,0,1,0,0,0,0,0,0,0.0,0.14814814814814814,3,1
57,12,37,1,4,0,5,0,0,0,0,4,0,0,1,0,0,0,0,1,0,0.07017543859649122,0.19298245614035087,3,0
62,14,41,2,2,0,6,0,0,0,0,0,0,0,0,0,0,0,0,1,0,0.0,0.1774193548387097,3,1
41,16,6,2,0,0,3,1,1,0,0,3,1,0,1,0,0,0,0,0,0,0.07317073170731707,0.1951219512195122,3,0
23,15,0,2,0,0,2,0,0,0,0,0,1,0,1,0,0,0,0,0,0,0.0,0.21739130434782608,3,0
48,18,22,2,0,1,4,0,0,0,0,0,1,0,1,0,0,0,0,0,0,0.0,0.16666666666666666,3,0
139,17,115,8,9,2,5,0,0,0,0,6,1,0,0,0,0,0,0,0,0,0.04316546762589928,0.17985611510791366,2,1
102,17,10,3,0,0,3,1,3,0,2,17,1,0,1,0,0,0,0,0,0,0.16666666666666666,0.16666666666666666,3,1
39,12,20,1,1,0,5,0,0,0,0,0,0,0,0,0,0,0,0,0,0,0.0,0.20512820512820512,3,1
86,12,57,4,0,0,7,1,1,0,0,9,2,1,0,0,0,0,1,1,0,0.10465116279069768,0.16279069767441862,2,1
40,15,6,2,0,0,3,1,1,0,0,3,1,0,1,0,0,0,0,0,0,0.075,0.2,3,0
84,12,65,1,9,0,4,0,0,0,0,0,0,0,0,0,0,0,0,0,0,0.0,0.17857142857142858,3,0
30,13,9,2,0,0,3,0,0,0,0,0,1,0,1,0,0,0,1,1,0,0.0,0.2,3,0
30,16,6,2,0,0,3,0,0,0,0,0,1,0,1,0,0,0,1,0,0,0.0,0.2,3,0
106,6,93,2,7,0,8,0,0,0,0,1,0,0,0,0,0,0,0,0,0,0.009433962264150943,0.16981132075471697,2,0
45,14,11,2,0,0,3,1,0,0,0,8,1,0,1,0,0,0,0,0,0,0.17777777777777778,0.15555555555555556,4,1
67,15,44,1,0,0,5,0,0,0,0,17,0,0,1,0,0,0,0,0,0,0.2537313432835821,0.1044776119402985,3,1
28,10,10,2,0,0,6,0,0,0,0,1,1,0,1,0,0,0,0,0,0,0.03571428571428571,0.32142857142857145,3,0
23,15,0,2,0,0,2,0,0,0,0,0,1,0,1,0,0,0,0,0,0,0.0,0.21739130434782608,3,0
48,15,25,2,1,0,5,0,0,0,0,0,0,0,1,0,0,1,1,0,0,0.0,0.1875,3,1
45,15,22,3,0,0,5,0,0,0,0,1,1,0,1,0,0,0,0,0,0,0.022222222222222223,0.2,3,0
113,15,15,3,1,3,4,1,6,0,5,25,1,0,0,0,0,0,0,0,0,0.22123893805309736,0.21238938053097345,2,0
46,19,20,2,0,1,4,0,0,0,0,1,0,0,0,0,0,0,0,0,0,0.021739130434782608,0.17391304347826086,3,1
45,17,20,2,0,0,5,0,0,0,0,0,1,0,1,0,0,0,0,0,0,0.0,0.17777777777777778,3,0
21,12,1,1,0,0,3,0,0,0,0,0,0,0,1,0,0,0,0,0,0,0.0,0.23809523809523808,3,0
30,15,7,2,0,0,3,0,0,0,0,0,1,0,1,0,0,0,0,0,0,0.0,0.2,3,0
35,12,15,1,0,0,4,0,0,0,0,4,0,0,1,0,0,0,0,0,0,0.11428571428571428,0.17142857142857143,3,0
41,32,1,3,1,0,3,0,0,0,0,0,2,0,1,0,0,1,1,0,0,0.0,0.1951219512195122,3,1
224,13,28,14,2,0,6,2,6,0,10,64,0,0,1,0,0,0,0,0,0,0.2857142857142857,0.1875,2,1
45,29,9,2,0,0,3,0,0,0,0,0,0,0,0,0,0,0,0,0,0,0.0,0.13333333333333333,3,1
61,16,37,2,4,0,5,0,0,0,0,4,1,0,1,0,0,0,0,0,0,0.06557377049180328,0.19672131147540983,3,0
53,12,33,2,0,2,6,0,1,0,0,5,1,0,1,0,0,0,0,0,0,0.09433962264150944,0.22641509433962265,3,0
97,13,7,2,1,0,8,1,2,0,1,0,0,0,0,0,0,0,0,0,0,0.0,0.18556701030927836,3,0
117,28,81,1,0,0,4,0,0,0,0,11,0,0,1,0,0,0,0,0,0,0.09401709401709402,0.05128205128205128,3,1
22,13,1,2,0,0,3,0,0,0,0,0,1,0,1,0,0,0,0,1,0,0.0,0.2727272727272727,3,0
33,13,12,1,0,0,6,0,0,0,0,0,0,0,1,0,0,0,0,0,0,0.0,0.24242424242424243,3,1
31,17,6,2,0,0,3,0,0,0,0,0,1,0,1,0,0,0,0,0,0,0.0,0.1935483870967742,3,0
37,14,15,2,0,0,4,0,0,0,0,4,1,0,1,0,0,0,0,0,0,0.10810810810810811,0.1891891891891892,3,0
27,9,10,1,0,0,6,0,0,0,0,1,0,0,1,0,0,0,1,0,0,0.037037037037037035,0.2962962962962963,3,0
67,29,16,3,1,0,4,1,1,0,0,11,1,0,1,0,0,1,1,0,0,0.16417910447761194,0.16417910447761194,2,1
56,33,15,3,0,0,4,0,0,0,0,3,1,0,1,0,0,0,0,0,0,0.05357142857142857,0.14285714285714285,3,1
45,15,22,2,0,1,4,0,0,0,0,0,1,0,1,0,0,0,0,0,0,0.0,0.17777777777777778,3,0
41,18,15,2,1,0,3,0,0,0,0,0,1,0,1,0,0,0,1,0,0,0.0,0.17073170731707318,3,0
29,13,8,2,0,0,3,0,0,0,0,0,1,0,1,0,0,0,1,1,0,0.0,0.20689655172413793,3,0
44,22,14,2,1,0,4,0,0,0,0,0,1,0,1,0,0,0,0,0,0,0.0,0.18181818181818182,3,0
28,14,7,2,0,0,4,0,0,0,0,0,1,0,0,0,0,0,0,0,0,0.0,0.25,3,1
21,13,1,2,0,0,3,0,0,0,0,3,1,0,0,0,0,0,0,0,0,0.14285714285714285,0.2857142857142857,3,1
191,21,28,3,11,0,6,1,3,0,2,39,1,0,1,0,0,1,0,1,0,0.20418848167539266,0.1518324607329843,3,1
43,26,9,2,0,0,3,0,0,0,0,0,1,0,1,0,0,0,0,0,0,0.0,0.13953488372093023,3,0
42,19,15,2,0,0,4,0,0,0,0,4,1,0,1,0,0,0,0,0,0,0.09523809523809523,0.16666666666666666,3,0
50,28,15,3,0,0,3,0,0,0,0,0,1,0,0,0,0,0,0,0,0,0.0,0.14,4,1
46,16,22,2,0,1,4,0,0,0,0,0,1,0,1,0,0,0,0,0,0,0.0,0.17391304347826086,3,0
38,23,7,2,0,0,3,0,0,0,0,0,1,0,1,0,0,0,0,0,0,0.0,0.15789473684210525,3,0
21,6,8,1,0,0,3,0,0,0,0,1,0,0,0,0,0,0,0,0,1,0.047619047619047616,0.23809523809523808,2,1
45,15,22,2,0,1,4,0,0,0,0,0,1,0,1,0,0,0,0,1,0,0.0,0.17777777777777778,3,0
25,10,7,1,0,0,3,0,0,0,0,0,0,0,1,0,0,0,0,0,0,0.0,0.2,3,0
105,22,44,3,1,1,8,1,2,0,1,3,0,0,0,0,0,0,3,1,0,0.02857142857142857,0.18095238095238095,3,1
40,19,14,1,1,0,5,0,0,0,0,0,0,0,0,0,0,1,0,0,0,0.0,0.2,3,1
29,20,1,2,0,0,3,0,0,0,0,0,1,0,1,0,0,0,1,0,0,0.0,0.20689655172413793,3,1
37,15,14,2,1,0,4,0,0,0,0,0,1,0,1,0,0,0,0,1,0,0.0,0.21621621621621623,3,0
25,9,8,1,0,0,3,0,0,0,0,0,0,0,1,0,0,0,0,0,0,0.0,0.2,3,0
35,14,14,3,0,1,4,0,0,0,0,11,2,1,0,0,0,0,0,0,0,0.3142857142857143,0.2571428571428571,3,1
36,21,7,2,0,0,3,0,0,0,0,0,1,0,1,0,0,0,0,0,0,0.0,0.16666666666666666,3,0
59,32,19,5,0,0,4,0,0,0,0,0,3,0,1,0,0,0,0,0,0,0.0,0.1694915254237288,3,1
33,24,1,2,0,0,3,0,0,0,0,0,1,0,1,0,0,0,0,0,0,0.0,0.18181818181818182,3,1
27,11,8,2,0,0,3,0,0,0,0,0,1,0,1,0,0,0,0,0,0,0.0,0.2222222222222222,3,0
72,20,45,4,1,0,7,0,0,0,0,0,0,0,0,0,0,0,1,0,0,0.0,0.18055555555555555,3,1
25,17,0,2,0,0,2,0,0,0,0,0,1,0,1,0,0,0,0,0,0,0.0,0.2,3,0
29,13,8,2,0,0,3,0,0,0,0,0,1,0,1,0,0,0,0,0,0,0.0,0.20689655172413793,3,0
120,18,95,8,0,0,9,0,0,0,0,1,1,0,0,0,0,0,1,0,0,0.008333333333333333,0.15,3,1
132,16,24,3,0,0,4,1,1,0,0,10,1,0,1,0,0,0,0,0,0,0.07575757575757576,0.07575757575757576,3,1
54,11,35,2,0,0,4,0,0,0,0,11,1,0,1,0,0,0,0,0,0,0.2037037037037037,0.12962962962962962,3,1
275,32,65,3,1,5,7,1,3,0,2,58,1,0,1,0,0,1,0,0,0,0.2109090909090909,0.11636363636363636,3,1
33,15,10,2,0,0,6,0,0,0,0,1,1,0,1,0,0,0,0,0,0,0.030303030303030304,0.2727272727272727,3,0
50,18,25,2,0,0,7,0,0,0,0,0,1,0,0,0,0,0,0,0,0,0.0,0.2,3,1
72,22,43,1,1,0,7,0,0,0,0,3,0,0,0,0,0,0,3,1,0,0.041666666666666664,0.1388888888888889,3,1
52,12,32,2,3,0,5,0,0,0,0,0,1,0,1,0,0,0,0,0,0,0.0,0.21153846153846154,3,0
79,13,59,7,0,0,3,0,0,0,0,0,0,0,0,0,0,0,5,1,0,0.0,0.13924050632911392,2,1
34,11,15,2,1,0,3,0,0,0,0,0,1,0,1,0,0,0,1,0,0,0.0,0.20588235294117646,3,0
33,25,1,2,0,0,3,0,0,0,0,0,1,0,0,0,0,0,0,0,0,0.0,0.18181818181818182,3,1
35,13,14,2,1,0,4,0,0,0,0,0,1,0,1,0,0,0,0,0,0,0.0,0.22857142857142856,3,0
59,21,31,2,1,0,7,0,0,0,0,0,0,0,0,0,0,0,0,0,0,0.0,0.1864406779661017,2,1
109,16,23,2,0,2,5,1,1,0,0,7,1,0,1,0,0,0,0,1,0,0.06422018348623854,0.11009174311926606,3,1
31,20,3,2,0,0,4,0,0,0,0,1,1,0,1,0,0,0,0,0,0,0.03225806451612903,0.22580645161290322,3,1
42,12,22,3,0,0,5,0,0,0,0,1,1,0,1,0,0,0,0,0,0,0.023809523809523808,0.21428571428571427,3,0
110,22,80,5,1,0,5,0,0,0,0,32,1,0,1,0,0,0,3,1,0,0.2909090909090909,0.17272727272727273,3,1
38,16,14,2,1,0,4,0,0,0,0,0,1,0,1,0,0,0,0,0,0,0.0,0.21052631578947367,3,0
39,16,15,2,0,0,4,0,0,0,0,4,1,0,1,0,0,0,0,0,0,0.10256410256410256,0.1794871794871795,3,0
32,12,12,1,0,0,4,0,0,0,0,0,0,0,1,0,0,0,0,0,0,0.0,0.1875,3,0
32,15,9,2,0,0,3,0,0,0,0,0,1,0,1,0,0,0,0,0,0,0.0,0.1875,3,0
66,11,48,3,3,0,4,0,1,0,0,0,1,0,0,0,0,0,1,0,0,0.0,0.18181818181818182,2,1
112,19,74,4,7,0,8,1,1,0,0,10,2,0,0,0,0,0,0,0,0,0.08928571428571429,0.19642857142857142,2,0
31,13,10,2,0,0,6,0,0,0,0,1,1,0,1,0,0,0,0,0,0,0.03225806451612903,0.2903225806451613,3,0
105,9,89,1,0,0,4,0,0,0,0,36,0,0,0,0,0,0,0,0,0,0.34285714285714286,0.3047619047619048,2,0
38,15,15,2,1,0,3,0,0,0,0,0,1,0,1,0,0,0,1,0,0,0.0,0.18421052631578946,3,0
146,7,132,1,1,0,6,0,0,0,0,51,0,0,0,0,0,0,0,0,0,0.3493150684931507,0.3082191780821918,3,0
46,16,22,3,0,0,5,0,0,0,0,1,1,0,1,0,0,0,0,1,0,0.021739130434782608,0.1956521739130435,3,0
25,10,7,2,0,0,3,0,0,0,0,0,1,0,1,0,0,0,0,0,0,0.0,0.24,3,0
79,22,49,1,1,0,8,0,0,0,0,0,0,0,1,0,0,0,0,0,0,0.0,0.13924050632911392,3,1
131,19,101,1,2,1,13,1,0,0,0,5,0,0,0,0,0,0,3,0,0,0.03816793893129771,0.1450381679389313,3,1
39,14,6,2,0,0,3,1,1,0,0,3,1,0,1,0,0,0,0,0,0,0.07692307692307693,0.20512820512820512,3,0
36,13,15,2,1,0,3,0,0,0,0,0,1,0,1,0,0,0,1,0,0,0.0,0.19444444444444445,3,0
116,31,78,4,0,0,4,0,1,0,0,26,3,0,0,0,0,0,2,1,0,0.22413793103448276,0.08620689655172414,2,1
306,28,72,3,1,5,9,1,4,0,3,55,1,0,1,0,0,1,0,0,0,0.17973856209150327,0.13071895424836602,3,1
57,16,33,2,0,2,6,0,1,0,0,5,1,0,1,0,0,0,0,0,0,0.08771929824561403,0.21052631578947367,3,0
34,18,8,2,0,0,3,0,0,0,0,0,1,0,1,0,0,0,0,0,0,0.0,0.17647058823529413,3,0
85,18,59,4,0,0,6,0,0,0,0,18,2,0,1,0,0,0,1,1,0,0.21176470588235294,0.12941176470588237,2,1
27,19,0,2,0,0,2,0,0,0,0,0,1,0,1,0,0,0,0,0,0,0.0,0.18518518518518517,3,0
35,8,20,2,0,1,4,0,0,0,0,0,0,0,0,0,0,0,0,0,0,0.0,0.22857142857142856,2,1
100,12,34,2,0,0,7,1,2,0,1,21,0,0,0,0,0,0,0,0,0,0.21,0.15,3,1
63,23,4,3,0,1,4,1,1,1,0,1,0,0,1,0,0,0,0,0,0,0.015873015873015872,0.19047619047619047,3,1
43,19,16,1,2,0,4,0,0,0,0,0,0,0,1,0,0,1,0,0,0,0.0,0.18604651162790697,3,1
58,11,40,2,0,1,8,0,0,0,0,0,0,0,0,0,0,0,1,0,0,0.0,0.20689655172413793,3,1
41,21,12,2,0,0,4,0,0,0,0,0,1,0,1,0,0,0,0,0,0,0.0,0.17073170731707318,3,0
41,16,6,2,0,0,3,1,1,0,0,3,1,0,1,0,0,0,0,0,0,0.07317073170731707,0.1951219512195122,3,0
45,15,23,1,0,1,4,0,0,0,0,0,0,0,0,0,0,0,2,0,0,0.0,0.15555555555555556,2,1
44,14,22,2,0,1,4,0,0,0,0,0,1,0,1,0,0,0,0,0,0,0.0,0.18181818181818182,3,0
54,11,35,2,0,0,4,0,0,0,0,8,1,0,1,0,0,0,0,0,0,0.14814814814814814,0.12962962962962962,3,1
40,22,10,2,0,0,4,0,0,0,0,8,1,0,1,0,0,0,0,0,0,0.2,0.175,3,1
61,18,36,3,0,0,5,0,0,0,0,4,1,0,0,0,0,0,0,0,0,0.06557377049180328,0.14754098360655737,2,1
41,23,10,2,0,0,6,0,0,0,0,1,1,0,1,0,0,0,0,0,0,0.024390243902439025,0.21951219512195122,3,0
53,15,30,1,0,0,4,0,0,0,0,15,0,0,1,0,0,0,0,0,0,0.2830188679245283,0.11320754716981132,3,1
63,13,12,2,0,0,4,1,1,1,0,0,0,0,0,0,0,0,0,0,0,0.0,0.15873015873015872,3,1
25,16,1,1,1,0,3,0,0,0,0,0,0,0,1,0,0,1,0,0,0,0.0,0.24,3,1
41,11,22,3,0,0,5,0,0,0,0,1,1,0,1,0,0,0,0,0,0,0.024390243902439025,0.21951219512195122,3,0
85,8,70,2,1,0,9,0,0,0,0,0,0,0,0,0,0,0,0,0,0,0.0,0.15294117647058825,2,1
78,32,38,2,4,0,4,0,0,0,0,26,1,0,1,0,0,1,0,0,0,0.3333333333333333,0.14102564102564102,2,1
43,14,22,4,0,0,4,0,0,0,0,13,2,1,0,0,0,0,0,0,0,0.3023255813953488,0.20930232558139536,3,1
85,14,64,1,3,2,6,0,0,0,0,8,0,0,0,0,0,0,1,0,0,0.09411764705882353,0.15294117647058825,3,0
31,16,7,2,0,0,3,0,0,0,0,0,1,0,1,0,0,0,0,0,0,0.0,0.1935483870967742,3,0
48,10,31,2,0,0,5,0,0,0,0,0,0,0,0,0,0,0,0,1,0,0.0,0.16666666666666666,3,1
45,15,22,2,0,1,4,0,0,0,0,0,1,0,1,0,0,0,0,0,0,0.0,0.17777777777777778,3,0
42,12,22,1,0,1,4,0,0,0,0,0,0,0,1,0,0,0,0,1,0,0.0,0.16666666666666666,3,0
85,12,66,1,8,0,7,0,0,0,0,10,0,0,0,0,0,0,0,0,0,0.11764705882352941,0.2,3,0
46,16,22,2,0,1,4,0,0,0,0,0,1,0,1,0,0,0,0,0,0,0.0,0.17391304347826086,3,0
29,12,9,2,0,0,3,0,0,0,0,0,1,0,1,0,0,0,0,0,0,0.0,0.20689655172413793,3,0
35,17,10,2,0,0,6,0,0,0,0,1,1,0,1,0,0,0,0,0,0,0.02857142857142857,0.2571428571428571,3,0
56,15,33,1,0,2,6,0,1,0,0,5,0,0,1,0,0,0,0,0,0,0.08928571428571429,0.19642857142857142,3,0
78,11,60,2,5,0,4,0,0,0,0,0,0,0,0,0,0,1,0,0,0,0.0,0.15384615384615385,2,1
35,19,8,3,0,0,3,0,0,0,0,0,2,0,1,0,0,0,0,1,0,0.0,0.2,3,0
123,9,94,1,12,0,5,1,1,0,0,0,0,0,1,0,0,0,1,0,0,0.0,0.17073170731707318,3,0
20,5,7,1,0,0,3,0,0,0,0,2,0,0,1,0,0,0,0,0,0,0.1,0.25,2,1
50,10,33,1,0,0,3,0,0,0,0,21,0,0,0,0,0,0,0,0,0,0.42,0.1,2,1
47,17,22,2,0,1,4,0,0,0,0,0,1,0,1,0,0,0,0,1,0,0.0,0.1702127659574468,3,0
99,15,76,2,0,1,7,0,0,0,0,3,1,0,1,0,0,0,0,1,0,0.030303030303030304,0.1111111111111111,3,1
39,21,10,2,0,0,6,0,0,0,0,1,1,0,1,0,0,0,0,1,0,0.02564102564102564,0.23076923076923078,3,0
55,20,28,3,0,0,5,0,0,0,0,0,1,0,0,0,0,0,2,0,0,0.0,0.18181818181818182,2,1
156,12,57,13,0,0,4,1,1,0,0,35,0,0,0,0,0,0,0,0,0,0.22435897435897437,0.14102564102564102,3,0
39,31,1,4,0,0,3,0,0,0,0,0,3,0,0,0,0,0,0,0,0,0.0,0.20512820512820512,2,1
52,8,37,2,4,1,4,0,0,0,0,3,0,0,0,0,0,0,0,0,0,0.057692307692307696,0.23076923076923078,2,1
285,15,81,2,1,1,8,1,3,0,4,103,0,0,0,0,0,0,1,0,0,0.36140350877192984,0.08771929824561403,3,1
33,8,6,1,0,0,3,1,1,0,0,3,0,0,1,0,0,0,0,0,0,0.09090909090909091,0.21212121212121213,3,0
39,21,10,2,0,0,6,0,0,0,0,1,1,0,1,0,0,0,0,1,0,0.02564102564102564,0.23076923076923078,3,0
110,6,97,1,8,0,6,0,0,0,0,13,0,0,0,0,0,0,0,0,0,0.11818181818181818,0.14545454545454545,2,0
68,11,50,1,3,0,7,0,0,0,0,5,0,0,0,0,0,0,0,0,0,0.07352941176470588,0.20588235294117646,3,1
47,19,20,2,0,0,5,0,0,0,0,0,1,0,1,0,0,0,0,0,0,0.0,0.1702127659574468,3,0
45,20,6,2,0,0,3,1,1,0,0,3,1,0,1,0,0,0,0,0,0,0.06666666666666667,0.17777777777777778,3,0
34,14,12,2,0,0,4,0,0,0,0,0,1,0,1,0,0,0,0,0,0,0.0,0.20588235294117646,3,0
242,12,57,2,0,1,7,1,3,0,2,76,0,0,0,0,0,0,1,1,0,0.3140495867768595,0.07851239669421488,3,1
36,18,10,2,0,0,6,0,0,0,0,1,1,0,1,0,0,0,0,0,0,0.027777777777777776,0.25,3,0
56,15,33,2,0,2,6,0,1,0,0,5,1,0,1,0,0,0,0,0,0,0.08928571428571429,0.21428571428571427,3,0
28,14,6,2,0,0,3,0,0,0,0,0,1,0,1,0,0,0,1,0,0,0.0,0.21428571428571427,3,0
26,12,6,2,0,0,3,0,0,0,0,0,1,0,1,0,0,0,2,0,0,0.0,0.23076923076923078,3,0
58,13,37,2,4,0,5,0,0,0,0,4,1,0,1,0,0,0,0,0,0,0.06896551724137931,0.20689655172413793,3,0
72,14,34,2,0,0,4,1,1,0,0,13,1,0,0,0,0,0,0,0,0,0.18055555555555555,0.125,2,1
42,18,17,1,0,1,5,0,0,0,0,1,0,0,0,0,0,0,0,0,0,0.023809523809523808,0.19047619047619047,3,1
137,19,111,4,1,0,11,0,0,0,0,18,0,0,0,0,0,0,1,0,0,0.13138686131386862,0.12408759124087591,3,1
32,18,6,2,0,0,3,0,0,0,0,0,1,0,1,0,0,0,1,0,0,0.0,0.1875,3,0
146,14,34,9,0,1,9,1,3,1,2,0,0,0,0,0,0,0,1,0,0,0.0,0.19863013698630136,3,1
53,45,1,5,0,0,3,0,0,0,0,4,4,0,0,0,0,0,1,1,0,0.07547169811320754,0.16981132075471697,3,1
61,16,37,2,4,0,5,0,0,0,0,4,1,0,1,0,0,0,0,0,0,0.06557377049180328,0.19672131147540983,3,0
79,21,29,5,1,0,5,1,1,1,0,0,2,0,0,0,0,0,0,0,0,0.0,0.189873417721519,2,1
35,12,15,2,0,0,4,0,0,0,0,4,1,0,1,0,0,0,0,0,0,0.11428571428571428,0.2,3,0
40,29,4,1,0,0,3,0,0,0,0,0,0,0,0,0,0,0,0,0,0,0.0,0.125,4,1
44,14,22,2,0,1,4,0,0,0,0,0,1,0,1,0,0,0,0,1,0,0.0,0.18181818181818182,3,0
36,20,8,2,0,0,3,0,0,0,0,0,1,0,1,0,0,0,0,0,0,0.0,0.16666666666666666,3,0
63,21,34,1,0,0,4,0,0,0,0,9,0,0,1,0,0,0,0,0,0,0.14285714285714285,0.09523809523809523,2,1
45,11,27,1,0,0,6,0,0,0,0,0,0,0,0,0,0,0,2,0,0,0.0,0.17777777777777778,3,1
121,15,88,1,10,0,7,1,1,0,0,7,0,0,0,0,0,0,2,1,0,0.05785123966942149,0.17355371900826447,3,0
21,12,1,2,0,0,3,0,0,0,0,0,1,0,1,0,0,0,0,0,0,0.0,0.2857142857142857,3,0
85,23,54,4,2,0,7,0,0,0,0,1,1,0,1,0,0,0,0,0,0,0.011764705882352941,0.16470588235294117,2,1
45,15,22,2,0,1,4,0,0,0,0,0,1,0,1,0,0,0,0,0,0,0.0,0.17777777777777778,3,0
47,14,26,2,0,0,5,0,0,0,0,0,0,0,0,0,0,0,0,0,0,0.0,0.1702127659574468,3,1
45,13,25,3,0,0,7,0,0,0,0,1,1,0,0,0,0,0,1,0,0,0.022222222222222223,0.24444444444444444,2,1
51,10,33,2,0,2,6,0,1,0,0,5,1,0,1,0,0,0,0,0,0,0.09803921568627451,0.23529411764705882,3,0
46,38,0,3,0,0,2,0,0,0,0,0,2,0,1,0,0,0,0,0,0,0.0,0.13043478260869565,3,1
27,9,10,1,0,0,6,0,0,0,0,1,0,0,1,0,0,0,0,0,0,0.037037037037037035,0.2962962962962963,3,0
58,17,33,2,0,2,6,0,1,0,0,5,1,0,1,0,0,0,0,0,0,0.08620689655172414,0.20689655172413793,2,0
48,18,22,3,0,0,5,0,0,0,0,1,1,0,1,0,0,0,0,0,0,0.020833333333333332,0.1875,3,0
111,7,9,4,0,0,7,1,2,0,1,31,0,0,0,0,0,0,0,0,0,0.27927927927927926,0.15315315315315314,2,0
188,15,67,2,2,0,8,1,5,1,2,23,0,0,1,0,0,0,1,0,0,0.12234042553191489,0.1276595744680851,3,1
45,24,14,2,0,0,4,0,0,0,0,0,0,0,0,0,0,0,0,0,0,0.0,0.15555555555555556,3,1
19,10,1,2,0,0,3,0,0,0,0,0,1,0,1,0,0,0,0,0,0,0.0,0.3157894736842105,3,0
84,16,61,1,7,0,4,0,0,0,0,8,0,0,0,0,0,0,0,0,0,0.09523809523809523,0.15476190476190477,3,0
48,36,1,2,3,0,3,1,1,0,0,1,1,0,0,0,0,1,1,1,0,0.020833333333333332,0.22916666666666666,3,1
27,13,6,2,0,0,3,0,0,0,0,0,1,0,1,0,0,0,0,0,0,0.0,0.2222222222222222,3,0
47,25,14,2,1,0,4,0,0,0,0,0,1,0,1,0,0,0,0,0,0,0.0,0.1702127659574468,3,0
64,22,34,3,0,0,4,0,0,0,0,4,1,0,1,0,0,0,1,3,0,0.0625,0.15625,3,1
26,12,6,1,0,0,3,0,0,0,0,0,0,0,1,0,0,0,0,0,0,0.0,0.19230769230769232,3,0
41,11,22,3,0,0,5,0,0,0,0,1,1,0,1,0,0,0,0,0,0,0.024390243902439025,0.21951219512195122,3,0
70,15,48,2,0,0,10,0,0,0,0,1,0,0,0,0,0,0,0,0,0,0.014285714285714285,0.18571428571428572,3,1
22,13,1,1,1,0,3,0,0,0,0,0,0,0,1,0,0,1,0,0,0,0.0,0.2727272727272727,2,1
42,14,20,2,0,0,5,0,0,0,0,0,1,0,1,0,0,0,0,0,0,0.0,0.19047619047619047,3,0
52,12,32,2,3,0,5,0,0,0,0,0,1,0,1,0,0,0,0,0,0,0.0,0.21153846153846154,3,0
51,21,22,2,0,1,4,0,0,0,0,0,1,0,1,0,0,0,0,1,0,0.0,0.1568627450980392,3,0
30,10,12,2,0,0,4,0,0,0,0,0,1,0,1,0,0,0,0,0,0,0.0,0.23333333333333334,3,0
29,21,0,2,0,0,2,0,0,0,0,0,1,0,1,0,0,0,1,0,0,0.0,0.1724137931034483,3,1
45,15,22,3,0,0,5,0,0,0,0,1,1,0,1,0,0,0,0,0,0,0.022222222222222223,0.2,3,0
139,27,95,2,3,4,7,1,1,0,0,10,1,0,1,0,0,1,0,0,0,0.07194244604316546,0.1510791366906475,3,1
46,18,20,2,0,0,5,0,0,0,0,0,1,0,1,0,0,0,0,0,0,0.0,0.17391304347826086,3,0
32,18,6,2,0,0,3,0,0,0,0,0,1,0,1,0,0,0,1,0,0,0.0,0.1875,3,0
121,22,71,5,1,0,5,0,0,1,0,17,1,0,1,0,0,0,0,1,0,0.14049586776859505,0.1487603305785124,3,1
45,20,17,2,0,0,5,0,0,0,0,0,1,0,1,0,0,0,0,0,0,0.0,0.17777777777777778,2,1
161,14,139,2,1,0,7,0,0,0,0,17,0,0,1,0,0,1,0,0,0,0.10559006211180125,0.06832298136645963,3,1
42,19,15,2,0,0,4,0,0,0,0,4,1,0,1,0,0,0,0,0,0,0.09523809523809523,0.16666666666666666,3,0
33,11,14,1,1,0,4,0,0,0,0,0,0,0,1,0,0,0,0,0,0,0.0,0.21212121212121213,3,0
86,14,65,2,1,0,7,0,0,0,0,22,0,0,0,0,0,1,0,0,0,0.2558139534883721,0.12790697674418605,2,1
100,11,63,1,6,0,7,1,1,0,0,21,0,0,0,0,0,0,0,0,0,0.21,0.17,3,0
106,15,84,8,1,1,5,0,0,0,0,18,0,0,0,0,0,0,0,0,0,0.16981132075471697,0.1792452830188679,2,0
38,8,22,2,0,0,5,0,0,0,0,1,0,0,1,0,0,0,0,0,0,0.02631578947368421,0.21052631578947367,3,0
43,23,13,2,0,0,4,0,0,0,0,0,1,0,0,0,0,0,0,0,0,0.0,0.16279069767441862,2,1
59,18,33,2,0,2,6,0,1,0,0,5,1,0,1,0,0,0,0,0,0,0.0847457627118644,0.2033898305084746,3,0
57,17,32,2,3,0,5,0,0,0,0,0,1,0,1,0,0,0,0,0,0,0.0,0.19298245614035087,3,0
36,11,6,2,0,0,3,1,1,0,0,3,1,0,1,0,0,0,0,0,0,0.08333333333333333,0.2222222222222222,3,0
24,15,1,2,0,0,3,0,0,0,0,0,1,0,1,0,0,0,0,0,0,0.0,0.25,2,1
33,19,6,2,0,0,3,0,0,0,0,0,1,0,1,0,0,0,0,0,0,0.0,0.18181818181818182,3,0
50,21,22,2,0,0,5,0,0,0,0,4,1,0,0,0,0,0,0,0,0,0.08,0.16,3,1
56,16,32,2,3,0,5,0,0,0,0,0,1,0,1,0,0,0,0,0,0,0.0,0.19642857142857142,3,0
36,9,19,1,0,0,4,0,0,0,0,2,0,0,1,0,0,0,0,0,0,0.05555555555555555,0.16666666666666666,3,1
24,17,0,2,0,0,2,0,0,0,0,0,1,0,0,0,0,0,0,0,0,0.0,0.20833333333333334,2,1
26,11,7,2,0,0,3,0,0,0,0,0,1,0,1,0,0,0,0,0,0,0.0,0.23076923076923078,3,0
33,19,6,3,0,0,3,0,0,0,0,0,2,0,1,0,0,0,1,1,0,0.0,0.21212121212121213,3,0
22,11,4,1,1,0,3,0,0,0,0,0,0,0,0,0,0,1,0,0,0,0.0,0.2727272727272727,3,1
35,18,9,2,0,0,3,0,0,0,0,0,1,0,1,0,0,0,0,0,0,0.0,0.17142857142857143,3,0
23,14,1,2,0,0,3,0,0,0,0,0,1,0,1,0,0,0,0,0,0,0.0,0.2608695652173913,3,0
49,12,30,1,1,0,6,0,0,0,0,7,0,0,0,0,0,0,0,0,0,0.14285714285714285,0.1836734693877551,2,1
251,15,63,2,0,2,8,1,3,0,2,64,0,0,0,0,0,0,2,0,0,0.2549800796812749,0.08366533864541832,2,1
143,26,12,5,0,0,3,1,1,0,0,18,3,0,1,0,0,0,1,0,0,0.1258741258741259,0.09090909090909091,3,1
24,16,0,2,0,0,2,0,0,0,0,0,1,0,1,0,0,0,0,0,0,0.0,0.20833333333333334,3,0
87,21,29,5,1,0,5,1,1,1,0,0,2,0,0,0,0,0,1,1,0,0.0,0.1724137931034483,2,1
46,23,15,2,0,0,4,0,0,0,0,4,1,0,1,0,0,0,0,0,0,0.08695652173913043,0.15217391304347827,3,0
43,23,12,2,0,0,4,0,0,0,0,0,1,0,1,0,0,0,0,0,0,0.0,0.16279069767441862,3,0
36,13,15,2,0,0,4,0,0,0,0,4,1,0,1,0,0,0,0,0,0,0.1111111111111111,0.19444444444444445,3,0
27,13,6,2,0,0,3,0,0,0,0,0,1,0,1,0,0,0,0,0,0,0.0,0.2222222222222222,3,0
24,15,1,2,0,0,3,0,0,0,0,0,1,0,1,0,0,0,0,0,0,0.0,0.25,3,0
29,12,9,1,0,0,3,0,0,0,0,0,0,0,1,0,0,0,0,0,0,0.0,0.1724137931034483,3,0
33,17,8,2,0,0,3,0,0,0,0,0,1,0,1,0,0,0,0,0,0,0.0,0.18181818181818182,3,0
39,16,16,2,1,0,5,0,0,0,0,1,1,0,0,0,0,0,0,0,0,0.02564102564102564,0.23076923076923078,3,1
26,9,9,1,0,0,3,0,0,0,0,0,0,0,1,0,0,0,0,0,0,0.0,0.19230769230769232,3,0
49,32,10,1,1,0,4,0,0,0,0,0,0,0,0,0,0,0,0,0,0,0.0,0.14285714285714285,3,1
41,11,22,2,0,1,4,0,0,0,0,0,1,0,1,0,0,0,0,0,0,0.0,0.1951219512195122,3,0
55,15,32,2,3,0,5,0,0,0,0,0,1,0,1,0,0,0,0,0,0,0.0,0.2,3,0
106,17,11,3,6,0,3,1,1,0,0,10,0,0,0,0,0,0,1,0,0,0.09433962264150944,0.16037735849056603,3,0
81,25,21,2,1,0,5,1,2,0,1,10,0,0,1,0,0,1,0,0,0,0.12345679012345678,0.16049382716049382,2,1
164,13,28,2,0,1,4,1,3,0,2,22,0,0,0,0,0,0,0,0,0,0.13414634146341464,0.25,3,0
52,11,33,1,0,0,7,0,0,0,0,0,0,0,1,0,0,0,0,0,0,0.0,0.17307692307692307,2,1
61,16,37,2,4,0,5,0,0,0,0,4,1,0,1,0,0,0,0,0,0,0.06557377049180328,0.19672131147540983,3,0
26,18,0,2,0,0,2,0,0,0,0,0,1,0,1,0,0,0,0,0,0,0.0,0.19230769230769232,3,0
66,15,15,2,0,0,6,1,1,0,0,0,0,0,1,0,0,0,0,1,0,0.0,0.16666666666666666,3,1
38,18,12,2,0,0,4,0,0,0,0,0,1,0,1,0,0,0,0,0,0,0.0,0.18421052631578946,3,0
27,13,6,2,0,0,3,0,0,0,0,0,1,0,1,0,0,0,2,1,0,0.0,0.2222222222222222,3,0
43,27,8,2,0,0,3,0,0,0,0,0,1,0,1,0,0,0,0,0,0,0.0,0.13953488372093023,3,0
40,10,22,2,0,0,5,0,0,0,0,1,0,0,1,0,0,0,0,0,0,0.025,0.2,3,0
29,15,6,2,0,0,3,0,0,0,0,0,1,0,1,0,0,0,1,1,0,0.0,0.20689655172413793,3,0
43,18,18,1,0,0,5,0,0,0,0,0,0,0,0,0,0,0,0,0,0,0.0,0.16279069767441862,2,1
90,11,72,1,3,0,8,0,0,0,0,0,0,0,0,0,0,0,1,0,0,0.0,0.14444444444444443,3,0
114,12,94,1,0,1,10,0,1,0,0,21,0,0,1,0,0,0,0,0,0,0.18421052631578946,0.12280701754385964,3,1
35,21,6,2,0,0,3,0,0,0,0,0,1,0,1,0,0,0,1,1,0,0.0,0.17142857142857143,3,0
33,25,1,1,0,0,3,0,0,0,0,0,0,0,0,0,0,0,0,0,0,0.0,0.15151515151515152,3,1
33,14,11,2,0,0,4,0,0,0,0,0,0,0,1,0,0,0,0,0,0,0.0,0.21212121212121213,3,1
53,14,31,2,0,0,8,0,0,0,0,0,0,0,1,0,0,0,1,0,0,0.0,0.20754716981132076,3,1
54,14,33,2,0,0,3,0,0,0,0,21,1,0,0,0,0,0,0,0,0,0.3888888888888889,0.1111111111111111,2,1
103,18,78,3,0,1,10,0,0,0,0,0,1,0,0,0,0,0,0,0,0,0.0,0.14563106796116504,2,1
29,14,7,2,0,0,3,0,0,0,0,0,1,0,1,0,0,0,0,0,0,0.0,0.20689655172413793,3,0
29,17,4,2,0,0,3,0,0,0,0,0,1,0,1,0,0,0,0,0,0,0.0,0.20689655172413793,2,1
29,22,0,2,0,0,2,0,0,0,0,2,1,0,0,0,0,0,0,0,0,0.06896551724137931,0.1724137931034483,3,1
54,25,22,1,1,0,4,0,0,0,0,0,0,0,0,0,0,0,0,0,0,0.0,0.12962962962962962,3,1
28,14,6,2,0,0,3,0,0,0,0,0,1,0,1,0,0,0,1,0,0,0.0,0.21428571428571427,3,0
33,13,12,1,0,0,4,0,0,0,0,0,0,0,1,0,0,0,0,0,0,0.0,0.18181818181818182,3,0
59,14,37,2,4,0,5,0,0,0,0,4,1,0,1,0,0,0,0,0,0,0.06779661016949153,0.2033898305084746,3,0
42,18,16,1,0,1,4,0,0,0,0,1,0,0,1,0,0,0,0,0,0,0.023809523809523808,0.16666666666666666,3,1
99,15,76,2,0,3,7,0,0,0,0,8,1,0,1,0,0,0,0,1,0,0.08080808080808081,0.13131313131313133,3,1
239,11,55,2,2,1,8,1,3,0,2,68,0,0,0,0,0,0,1,0,0,0.28451882845188287,0.09205020920502092,3,1
33,18,7,2,0,0,3,0,0,0,0,0,1,0,1,0,0,0,0,0,0,0.0,0.18181818181818182,3,0
37,14,15,2,0,0,4,0,0,0,0,4,1,0,1,0,0,0,0,0,0,0.10810810810810811,0.1891891891891892,3,0
192,19,13,1,20,0,5,1,2,0,2,25,0,0,1,0,1,1,0,0,0,0.13020833333333334,0.17708333333333334,3,1
27,11,9,1,0,0,3,0,0,0,0,3,0,0,0,0,0,0,0,0,1,0.1111111111111111,0.18518518518518517,3,1
91,18,65,1,2,1,7,0,0,0,0,8,0,0,1,0,0,0,0,0,0,0.08791208791208792,0.13186813186813187,3,1
23,15,0,2,0,0,2,0,0,0,0,0,1,0,1,0,0,0,0,0,0,0.0,0.21739130434782608,3,0
308,12,87,10,6,1,9,1,3,0,2,94,0,0,1,0,0,0,3,0,0,0.3051948051948052,0.11363636363636363,3,1
84,17,60,2,1,1,7,0,0,0,0,6,0,0,0,0,0,0,1,0,0,0.07142857142857142,0.14285714285714285,2,1
39,30,1,2,0,0,3,0,0,0,0,0,1,0,1,0,0,0,0,0,0,0.0,0.15384615384615385,3,1
33,22,4,1,0,0,4,0,0,0,0,0,0,0,0,0,0,0,0,0,0,0.0,0.18181818181818182,3,1
90,26,4,2,0,1,4,1,2,0,1,19,1,0,0,0,0,0,0,0,0,0.2111111111111111,0.13333333333333333,3,1
57,10,40,3,0,2,6,0,0,0,0,2,1,0,0,0,0,0,2,0,0,0.03508771929824561,0.21052631578947367,2,1
30,15,7,2,0,0,3,0,0,0,0,0,1,0,1,0,0,0,0,0,0,0.0,0.2,3,0
132,18,106,2,1,7,5,0,0,1,0,14,0,0,1,0,0,0,2,0,0,0.10606060606060606,0.14393939393939395,3,1
60,15,37,2,4,0,5,0,0,0,0,4,1,0,1,0,0,0,0,0,0,0.06666666666666667,0.2,3,0
33,21,4,2,0,0,4,0,0,0,0,0,1,0,1,0,0,0,0,0,0,0.0,0.21212121212121213,2,1
104,17,55,2,2,1,8,1,1,0,1,1,0,0,0,0,0,0,1,0,0,0.009615384615384616,0.17307692307692307,3,1
48,10,30,2,1,0,5,0,0,0,0,0,0,0,1,0,0,0,2,1,0,0.0,0.1875,2,1
257,17,67,2,2,2,8,1,3,0,2,94,0,0,0,0,0,0,2,0,0,0.3657587548638132,0.08949416342412451,3,1
60,12,41,2,1,0,6,0,0,0,0,0,0,0,0,0,0,0,1,1,0,0.0,0.16666666666666666,3,1
137,11,100,2,12,1,6,1,1,0,0,5,0,0,0,0,0,0,0,0,0,0.0364963503649635,0.17518248175182483,3,0
64,41,16,3,1,0,4,0,0,0,0,17,2,0,0,0,0,0,0,0,0,0.265625,0.140625,2,1
42,16,18,1,0,0,6,0,0,0,0,0,0,0,1,0,0,0,0,0,0,0.0,0.19047619047619047,3,1
21,13,0,2,0,0,2,0,0,0,0,0,1,0,1,0,0,0,0,0,0,0.0,0.23809523809523808,3,0
62,17,37,2,4,0,5,0,0,0,0,4,1,0,1,0,0,0,0,0,0,0.06451612903225806,0.1935483870967742,3,0
29,15,6,2,0,0,3,0,0,0,0,0,1,0,1,0,0,0,0,0,0,0.0,0.20689655172413793,3,0
76,14,25,3,0,0,5,1,1,1,0,0,0,0,1,0,0,0,0,0,0,0.0,0.15789473684210525,3,1
233,13,46,2,0,1,9,1,3,0,2,80,0,0,1,0,0,0,1,0,0,0.34334763948497854,0.09012875536480687,3,1
114,26,81,3,2,0,9,0,0,0,0,24,1,0,0,0,0,1,0,0,0,0.21052631578947367,0.13157894736842105,2,1
229,17,39,2,1,1,7,1,3,0,2,85,0,0,0,0,0,0,2,0,0,0.37117903930131,0.08733624454148471,3,1
22,14,1,3,0,0,3,0,0,0,0,11,2,1,0,0,0,0,0,0,0,0.5,0.3181818181818182,3,1
83,13,63,1,7,0,5,0,0,0,0,6,0,0,0,0,0,0,0,0,0,0.07228915662650602,0.1686746987951807,3,0
42,12,23,1,1,0,7,0,0,0,0,2,0,0,0,0,0,1,0,0,0,0.047619047619047616,0.23809523809523808,2,1
75,23,7,7,0,0,4,1,1,1,0,2,0,0,1,0,0,0,0,0,0,0.02666666666666667,0.2,3,1
41,15,19,1,1,0,5,0,0,0,0,0,0,0,0,0,0,1,0,0,0,0.0,0.1951219512195122,3,1
34,17,9,2,0,0,3,0,0,0,0,0,1,0,1,0,0,0,0,0,0,0.0,0.17647058823529413,3,0
42,19,15,2,1,0,3,0,0,0,0,0,1,0,1,0,0,0,1,0,0,0.0,0.16666666666666666,3,0
45,22,15,2,1,0,3,0,0,0,0,0,1,0,1,0,0,0,1,1,0,0.0,0.15555555555555556,3,0
297,42,59,3,1,4,7,1,4,0,3,57,1,0,1,0,0,1,0,0,0,0.1919191919191919,0.1111111111111111,3,1
29,11,10,2,0,0,6,0,0,0,0,1,1,0,1,0,0,0,0,0,0,0.034482758620689655,0.3103448275862069,3,0
38,8,22,2,0,0,5,0,0,0,0,1,0,0,1,0,0,0,0,0,0,0.02631578947368421,0.21052631578947367,3,0
43,16,19,2,0,0,5,0,0,0,0,4,1,0,1,0,0,0,0,1,0,0.09302325581395349,0.18604651162790697,3,1
29,15,6,2,0,0,3,0,0,0,0,0,1,0,1,0,0,0,1,0,0,0.0,0.20689655172413793,3,0
35,17,11,2,0,0,4,0,0,0,0,0,1,0,0,0,0,0,0,1,0,0.0,0.2,2,1
21,13,1,3,0,0,3,0,0,0,0,10,2,1,0,0,0,0,0,0,0,0.47619047619047616,0.3333333333333333,3,1
69,11,50,1,1,1,7,0,0,0,0,5,0,0,1,0,0,0,1,1,0,0.07246376811594203,0.15942028985507245,2,1
130,25,73,2,1,2,7,1,1,0,1,23,0,0,0,0,0,0,1,0,0,0.17692307692307693,0.13076923076923078,3,1
102,13,81,2,4,0,8,0,0,0,0,14,0,0,1,0,0,0,1,0,0,0.13725490196078433,0.16666666666666666,3,1
43,13,22,2,0,1,4,0,0,0,0,0,1,0,1,0,0,0,0,0,0,0.0,0.18604651162790697,3,0
67,38,21,4,1,0,4,0,0,0,0,0,2,0,1,0,0,1,1,1,0,0.0,0.14925373134328357,3,1
106,18,81,1,1,0,8,0,0,0,0,25,0,0,0,0,0,0,1,0,0,0.2358490566037736,0.10377358490566038,3,1
70,45,17,4,1,0,4,0,0,0,0,0,3,0,1,0,0,0,0,0,0,0.0,0.14285714285714285,3,1
32,15,9,2,0,0,3,0,0,0,0,0,1,0,1,0,0,0,0,0,0,0.0,0.1875,3,0
31,13,10,2,0,0,6,0,0,0,0,1,1,0,1,0,0,0,0,0,0,0.03225806451612903,0.2903225806451613,3,0
20,6,6,1,0,0,3,0,0,0,0,2,0,0,1,0,0,0,0,0,0,0.1,0.25,2,1
32,16,8,2,0,0,3,0,0,0,0,0,1,0,1,0,0,0,0,0,0,0.0,0.1875,3,0
51,26,18,2,1,0,4,0,0,0,0,1,1,0,0,0,0,1,1,1,0,0.0196078431372549,0.1568627450980392,3,1
43,24,12,1,0,0,5,0,0,0,0,0,0,0,0,0,0,0,0,0,0,0.0,0.16279069767441862,3,1
140,13,120,2,0,16,5,0,0,0,0,7,1,0,0,0,0,0,0,0,0,0.05,0.17142857142857143,2,0
31,17,6,2,0,0,3,0,0,0,0,0,1,0,1,0,0,0,1,1,0,0.0,0.1935483870967742,3,0
37,12,6,2,0,0,3,1,1,0,0,3,1,0,1,0,0,0,0,0,0,0.08108108108108109,0.21621621621621623,3,0
26,17,1,2,0,0,3,0,0,0,0,0,1,0,1,0,0,0,0,1,0,0.0,0.23076923076923078,3,0
48,18,17,2,0,0,4,1,1,0,0,4,0,0,0,0,0,0,1,0,0,0.08333333333333333,0.1875,3,1
29,14,7,2,0,0,3,0,0,0,0,0,1,0,1,0,0,0,0,0,0,0.0,0.20689655172413793,3,0
38,22,8,2,0,0,3,0,0,0,0,0,1,0,1,0,0,0,0,1,0,0.0,0.15789473684210525,3,0
34,13,14,3,0,1,4,0,0,0,0,10,2,1,0,0,0,0,0,0,0,0.29411764705882354,0.2647058823529412,3,1
48,18,22,3,0,0,5,0,0,0,0,1,1,0,1,0,0,0,0,0,0,0.020833333333333332,0.1875,3,0
38,29,1,3,1,0,3,0,0,0,0,0,2,0,1,0,0,1,0,0,0,0.0,0.21052631578947367,2,1
56,16,32,2,3,0,5,0,0,0,0,0,1,0,1,0,0,0,0,0,0,0.0,0.19642857142857142,3,0
51,11,32,2,3,0,5,0,0,0,0,0,1,0,1,0,0,0,0,0,0,0.0,0.21568627450980393,3,0
32,16,8,2,0,0,3,0,0,0,0,0,1,0,1,0,0,0,0,1,0,0.0,0.1875,3,0
51,25,18,1,1,0,5,0,0,0,0,0,0,0,1,0,0,1,0,0,0,0.0,0.1568627450980392,3,1
55,16,31,2,0,0,5,0,0,0,0,9,1,0,1,0,0,0,0,1,0,0.16363636363636364,0.14545454545454545,3,1
34,14,12,2,0,0,4,0,0,0,0,0,1,0,1,0,0,0,0,0,0,0.0,0.20588235294117646,3,0
46,25,13,2,0,0,3,0,0,0,0,0,0,0,1,0,0,0,1,0,0,0.0,0.13043478260869565,3,1
35,25,1,3,1,0,3,1,0,0,0,0,2,0,1,0,0,1,0,0,0,0.0,0.2571428571428571,4,1
54,13,33,2,0,2,6,0,1,0,0,5,1,0,1,0,0,0,0,0,0,0.09259259259259259,0.2222222222222222,3,0
29,12,9,2,0,0,3,0,0,0,0,0,1,0,1,0,0,0,0,0,0,0.0,0.20689655172413793,3,0
121,17,19,2,0,1,5,1,3,0,2,8,0,0,0,0,0,0,1,0,0,0.06611570247933884,0.12396694214876033,3,1
28,12,8,2,0,0,3,0,0,0,0,0,1,0,1,0,0,0,0,0,0,0.0,0.21428571428571427,3,0
62,10,4,3,0,0,8,1,1,0,0,0,0,0,0,0,0,0,2,0,0,0.0,0.24193548387096775,2,1
58,18,32,3,3,0,5,0,0,0,0,0,2,0,1,0,0,0,0,1,0,0.0,0.20689655172413793,3,0
35,22,5,2,0,0,3,0,0,0,0,0,1,0,1,0,0,0,0,0,0,0.0,0.17142857142857143,3,0
28,14,7,1,0,0,4,0,0,0,0,1,0,0,0,0,0,0,0,0,0,0.03571428571428571,0.21428571428571427,2,1
90,15,68,2,4,0,6,0,0,0,0,0,1,0,0,0,0,0,0,0,0,0.0,0.14444444444444443,2,0
58,18,32,2,3,0,5,0,0,0,0,0,1,0,1,0,0,0,0,1,0,0.0,0.1896551724137931,3,0
156,25,13,1,0,6,5,1,4,0,3,18,0,0,1,0,0,0,0,0,0,0.11538461538461539,0.15384615384615385,3,1
60,19,33,2,0,2,6,0,1,0,0,5,1,0,1,0,0,0,0,0,0,0.08333333333333333,0.2,3,0
78,36,35,3,3,1,4,0,0,0,0,0,1,0,0,0,0,1,3,1,0,0.0,0.15384615384615385,3,1
29,20,1,2,0,0,3,0,0,0,0,0,1,0,1,0,0,0,0,0,0,0.0,0.20689655172413793,3,0
73,22,44,1,1,0,8,0,0,0,0,3,0,0,0,0,0,0,3,1,0,0.0410958904109589,0.1506849315068493,3,1
23,4,11,1,0,0,3,0,0,0,0,2,0,0,1,0,0,0,0,0,1,0.08695652173913043,0.21739130434782608,2,1
31,22,1,2,0,0,3,0,0,0,0,0,1,0,1,0,0,0,0,0,0,0.0,0.1935483870967742,3,1
31,8,15,1,1,0,3,0,0,0,0,0,0,0,1,0,0,0,1,0,0,0.0,0.1935483870967742,3,0
42,12,23,2,0,0,6,0,0,0,0,0,0,0,0,0,0,0,0,0,0,0.0,0.21428571428571427,3,1
29,4,18,1,0,0,3,0,0,0,0,9,0,0,0,0,0,0,0,0,0,0.3103448275862069,0.1724137931034483,2,1
24,15,1,2,0,0,3,0,0,0,0,0,1,0,1,0,0,0,0,0,0,0.0,0.25,3,0
33,10,15,2,0,0,4,0,0,0,0,4,1,0,1,0,0,0,0,0,0,0.12121212121212122,0.21212121212121213,2,0
29,15,6,1,1,0,4,0,0,0,0,0,0,0,1,0,0,1,0,0,0,0.0,0.2413793103448276,3,1
38,15,15,2,0,0,4,0,0,0,0,4,1,0,1,0,0,0,0,0,0,0.10526315789473684,0.18421052631578946,3,0
160,20,133,2,0,0,4,0,0,0,0,42,1,0,0,0,0,0,1,0,0,0.2625,0.16875,2,1
62,10,45,1,0,0,5,0,0,0,0,21,0,0,0,0,0,0,0,0,0,0.3387096774193548,0.11290322580645161,2,1
51,20,24,2,0,0,6,0,0,0,0,0,1,0,0,0,0,0,1,1,0,0.0,0.17647058823529413,3,1
35,12,15,2,1,0,3,0,0,0,0,0,1,0,1,0,0,0,2,0,0,0.0,0.2,3,0
46,18,20,2,0,0,5,0,0,0,0,0,1,0,1,0,0,0,0,1,0,0.0,0.17391304347826086,3,0
32,15,9,2,0,0,3,0,0,0,0,0,1,0,1,0,0,0,0,0,0,0.0,0.1875,3,0
44,16,20,2,0,0,5,0,0,0,0,0,1,0,1,0,0,0,0,0,0,0.0,0.18181818181818182,3,0
65,16,42,2,1,1,5,0,0,0,0,5,1,0,0,0,0,0,0,0,0,0.07692307692307693,0.15384615384615385,2,1
101,18,10,2,1,0,3,1,3,0,2,26,0,0,1,0,0,1,1,0,0,0.25742574257425743,0.13861386138613863,3,1
262,20,18,2,0,0,5,1,2,0,1,24,0,0,0,0,0,0,0,1,0,0.0916030534351145,0.04961832061068702,5,1
38,13,6,2,0,0,3,1,1,0,0,3,1,0,1,0,0,0,0,0,0,0.07894736842105263,0.21052631578947367,3,0
95,8,80,1,11,0,6,0,0,0,0,6,0,0,0,0,0,0,0,0,0,0.06315789473684211,0.2,3,0
43,15,20,2,0,0,5,0,0,0,0,0,1,0,1,0,0,0,0,0,0,0.0,0.18604651162790697,3,0
104,17,80,1,6,0,5,0,0,0,0,8,0,0,0,0,0,0,0,0,0,0.07692307692307693,0.125,3,0
38,7,6,1,0,0,3,1,1,0,0,2,0,0,1,0,0,0,0,0,0,0.05263157894736842,0.18421052631578946,2,1
169,30,58,6,4,0,7,1,2,1,1,27,1,0,1,0,0,0,1,1,0,0.15976331360946747,0.15384615384615385,3,1
119,12,100,4,2,0,8,0,0,0,0,26,0,0,0,0,0,0,1,1,0,0.2184873949579832,0.15966386554621848,3,1
43,15,20,2,0,0,5,0,0,0,0,0,1,0,1,0,0,0,0,0,0,0.0,0.18604651162790697,3,0
186,11,4,3,9,3,3,1,3,0,2,30,0,0,0,0,0,0,0,0,0,0.16129032258064516,0.17204301075268819,2,0
27,12,7,1,0,0,3,0,0,0,0,0,0,0,1,0,0,0,0,0,0,0.0,0.18518518518518517,3,0
61,17,36,1,1,0,9,0,0,0,0,0,0,0,1,0,0,0,0,0,0,0.0,0.19672131147540983,3,1
105,12,86,1,10,0,7,0,0,0,0,12,0,0,0,0,0,0,0,0,0,0.11428571428571428,0.18095238095238095,3,0
44,36,1,2,0,0,3,0,0,0,0,3,1,0,0,0,0,0,0,0,0,0.06818181818181818,0.13636363636363635,3,1
57,17,32,1,3,0,5,0,0,0,0,0,0,0,1,0,0,0,0,1,0,0.0,0.17543859649122806,3,0
45,17,20,2,0,0,5,0,0,0,0,0,1,0,1,0,0,0,0,0,0,0.0,0.17777777777777778,2,0
64,20,37,3,1,0,7,0,0,0,0,2,1,0,0,0,0,0,1,0,0,0.03125,0.1875,3,1
75,14,53,2,0,0,7,0,0,0,0,5,0,0,1,0,0,0,0,1,0,0.06666666666666667,0.13333333333333333,3,1
28,10,11,3,0,0,4,0,0,0,0,7,2,1,0,0,0,0,1,0,0,0.25,0.2857142857142857,2,1
235,23,38,3,1,1,7,1,3,0,2,84,1,0,1,0,0,0,1,0,0,0.3574468085106383,0.08936170212765958,3,1
67,22,38,3,1,0,6,0,0,0,0,2,1,0,0,0,0,1,0,0,0,0.029850746268656716,0.1791044776119403,2,1
142,30,47,5,4,0,7,1,2,0,1,32,1,0,1,0,0,0,0,1,0,0.22535211267605634,0.15492957746478872,3,1
44,14,22,3,0,0,5,0,0,0,0,1,1,0,1,0,0,0,0,0,0,0.022727272727272728,0.20454545454545456,3,0
31,8,15,1,1,0,3,0,0,0,0,0,0,0,1,0,0,0,1,0,0,0.0,0.1935483870967742,3,0
37,14,15,2,0,0,4,0,0,0,0,4,1,0,1,0,0,0,0,1,0,0.10810810810810811,0.1891891891891892,3,0
27,13,6,2,0,0,3,0,0,0,0,0,1,0,1,0,0,0,1,0,0,0.0,0.2222222222222222,3,0
37,9,20,1,0,0,5,0,0,0,0,0,0,0,1,0,0,0,0,0,0,0.0,0.1891891891891892,3,0
105,25,73,2,1,1,7,0,0,0,0,20,0,0,0,0,0,0,1,0,0,0.19047619047619047,0.11428571428571428,3,1
30,14,8,2,0,0,3,0,0,0,0,0,1,0,1,0,0,0,0,0,0,0.0,0.2,3,0
40,15,6,2,0,0,3,1,1,0,0,3,1,0,1,0,0,0,0,1,0,0.075,0.2,3,0
113,10,20,2,7,0,4,1,5,0,4,14,0,0,0,0,0,0,0,0,0,0.12389380530973451,0.23008849557522124,2,0
18,10,0,1,0,0,2,0,0,0,0,0,0,0,1,0,0,0,0,0,0,0.0,0.2222222222222222,3,0
120,16,13,6,1,0,10,2,2,0,2,2,0,0,0,0,0,0,1,0,0,0.016666666666666666,0.21666666666666667,3,1
33,24,1,1,2,0,3,0,0,0,0,0,0,0,1,0,0,1,0,0,0,0.0,0.21212121212121213,2,1
71,42,22,5,2,0,5,0,0,0,0,0,3,0,0,0,0,1,1,0,0,0.0,0.18309859154929578,2,1
44,14,22,3,0,0,5,0,0,0,0,1,1,0,1,0,0,0,0,1,0,0.022727272727272728,0.20454545454545456,3,0
33,13,13,3,0,0,4,0,0,0,0,3,1,0,0,0,0,0,0,0,0,0.09090909090909091,0.24242424242424243,2,1
52,24,21,2,1,0,5,0,0,0,0,4,1,0,0,0,0,0,0,0,0,0.07692307692307693,0.17307692307692307,3,1
32,14,11,1,0,0,4,0,0,0,0,1,0,0,0,0,0,0,0,0,0,0.03125,0.1875,2,1
38,16,14,2,1,0,4,0,0,0,0,0,1,0,1,0,0,0,0,0,0,0.0,0.21052631578947367,3,0
41,13,20,2,0,0,5,0,0,0,0,0,1,0,1,0,0,0,0,0,0,0.0,0.1951219512195122,3,0
43,22,13,2,0,0,3,0,0,0,0,0,0,0,1,0,0,0,0,0,0,0.0,0.13953488372093023,3,1
26,10,8,1,0,0,3,0,0,0,0,3,0,0,1,0,0,0,0,0,1,0.11538461538461539,0.19230769230769232,2,1
25,11,6,1,0,0,3,0,0,0,0,0,0,0,1,0,0,0,0,0,0,0.0,0.2,2,1
41,11,22,2,0,1,4,0,0,0,0,0,1,0,1,0,0,0,0,0,0,0.0,0.1951219512195122,3,0
35,15,12,2,0,0,4,0,0,0,0,0,1,0,1,0,0,0,0,0,0,0.0,0.2,3,0
38,16,14,2,1,0,4,0,0,0,0,0,1,0,1,0,0,0,0,0,0,0.0,0.21052631578947367,3,0
36,11,6,2,0,0,3,1,1,0,0,3,1,0,1,0,0,0,0,0,0,0.08333333333333333,0.2222222222222222,3,0
43,18,6,2,0,0,3,1,1,0,0,3,1,0,1,0,0,0,0,0,0,0.06976744186046512,0.18604651162790697,3,0
138,12,16,2,2,0,6,1,3,0,1,8,0,0,0,0,0,0,1,0,0,0.057971014492753624,0.11594202898550725,3,1
43,13,22,3,0,0,5,0,0,0,0,1,1,0,1,0,0,0,0,0,0,0.023255813953488372,0.20930232558139536,3,0
46,16,22,3,0,0,5,0,0,0,0,1,1,0,1,0,0,0,0,0,0,0.021739130434782608,0.1956521739130435,3,0
33,13,12,2,0,0,4,0,0,0,0,0,1,0,1,0,0,0,0,0,0,0.0,0.21212121212121213,3,0
39,23,8,2,0,0,3,0,0,0,0,0,1,0,1,0,0,0,0,0,0,0.0,0.15384615384615385,3,0
38,13,6,1,0,0,3,1,1,0,0,3,0,0,1,0,0,0,0,0,0,0.07894736842105263,0.18421052631578946,3,0
67,15,45,2,2,0,7,0,0,0,0,4,0,0,0,0,0,1,0,0,0,0.05970149253731343,0.1791044776119403,3,1
72,15,27,3,0,0,6,1,1,1,0,0,0,0,0,0,0,0,1,0,0,0.0,0.18055555555555555,3,1
39,22,9,2,0,0,3,0,0,0,0,0,1,0,1,0,0,0,0,0,0,0.0,0.15384615384615385,3,0
132,16,24,3,0,2,4,1,1,0,0,5,1,0,1,0,0,0,0,0,0,0.03787878787878788,0.09090909090909091,3,1
144,13,124,1,0,1,6,0,0,0,0,27,0,0,0,0,0,0,0,0,0,0.1875,0.3125,2,0
33,15,10,2,0,0,6,0,0,0,0,1,1,0,1,0,0,0,0,0,0,0.030303030303030304,0.2727272727272727,3,0
25,10,7,2,0,0,3,0,0,0,0,0,1,0,1,0,0,0,0,0,0,0.0,0.24,2,0
33,15,10,2,0,0,6,0,0,0,0,1,1,0,1,0,0,0,1,1,0,0.030303030303030304,0.2727272727272727,3,0
36,27,1,2,0,0,3,0,0,0,0,0,1,0,1,0,0,0,0,0,0,0.0,0.16666666666666666,3,1
152,29,31,2,7,0,9,1,1,0,1,22,0,0,0,0,0,0,0,0,0,0.14473684210526316,0.1513157894736842,3,1
27,18,1,2,0,0,3,0,0,0,0,0,1,0,1,0,0,0,0,0,0,0.0,0.2222222222222222,3,0
21,12,1,1,0,0,3,0,0,0,0,0,0,0,1,0,0,0,0,0,0,0.0,0.23809523809523808,2,1
37,17,12,2,0,0,4,0,0,0,0,0,1,0,1,0,0,0,0,0,0,0.0,0.1891891891891892,3,0
38,16,14,2,1,0,4,0,0,0,0,0,1,0,1,0,0,0,0,0,0,0.0,0.21052631578947367,3,0
87,15,65,1,0,0,12,0,0,0,0,21,0,0,0,0,0,0,0,0,0,0.2413793103448276,0.16091954022988506,3,0
63,15,40,3,0,1,7,0,0,0,0,6,0,0,1,0,0,0,0,0,0,0.09523809523809523,0.19047619047619047,3,1
60,15,37,2,4,0,5,0,0,0,0,4,1,0,1,0,0,0,0,0,0,0.06666666666666667,0.2,3,0
64,26,1,3,0,0,3,1,1,1,0,0,1,0,1,0,0,0,0,0,0,0.0,0.15625,3,1
49,19,22,3,0,0,5,0,0,0,0,1,1,0,1,0,0,0,0,0,0,0.02040816326530612,0.1836734693877551,3,0
49,19,22,3,0,0,5,0,0,0,0,1,1,0,1,0,0,0,0,0,0,0.02040816326530612,0.1836734693877551,3,0
15,4,4,1,0,0,3,0,0,0,0,2,0,0,0,0,0,0,0,0,0,0.13333333333333333,0.3333333333333333,2,1
96,42,46,4,1,0,7,0,0,0,0,12,3,0,1,0,0,0,1,0,0,0.125,0.14583333333333334,3,1
34,11,16,1,1,1,4,0,0,0,0,0,0,0,0,0,0,1,0,0,0,0.0,0.23529411764705882,2,1
77,17,53,2,2,1,6,0,0,0,0,5,0,0,0,0,0,1,1,0,0,0.06493506493506493,0.15584415584415584,3,1
25,10,7,1,0,0,3,0,0,0,0,2,0,0,1,0,0,0,0,0,1,0.08,0.2,2,1
31,12,12,3,0,0,3,0,0,0,0,0,1,0,0,0,0,0,1,0,0,0.0,0.22580645161290322,2,1
70,16,46,2,0,0,6,0,0,0,0,5,1,0,1,0,0,0,0,1,0,0.07142857142857142,0.12857142857142856,3,1
111,15,76,2,2,2,7,1,1,0,0,12,1,0,1,0,0,0,0,1,0,0.10810810810810811,0.14414414414414414,3,1
32,14,10,2,0,0,6,0,0,0,0,1,1,0,1,0,0,0,0,1,0,0.03125,0.28125,3,0
94,14,18,8,1,0,8,2,3,0,2,0,1,0,1,0,0,0,1,0,0,0.0,0.2765957446808511,2,1
109,14,88,1,11,0,7,0,0,0,0,8,0,0,0,0,0,0,0,0,0,0.07339449541284404,0.1834862385321101,3,0
241,44,179,2,4,0,5,0,4,0,3,80,1,0,0,0,0,1,0,0,0,0.33195020746887965,0.12448132780082988,2,1
92,10,75,2,8,0,7,0,0,0,0,4,1,0,0,0,0,0,0,0,0,0.043478260869565216,0.1956521739130435,3,0
25,17,1,1,0,0,3,0,0,0,0,1,0,0,0,0,0,0,0,0,0,0.04,0.2,3,1
33,16,9,2,0,0,3,0,0,0,0,0,1,0,1,0,0,0,0,0,0,0.0,0.18181818181818182,3,0
23,15,0,2,0,0,2,0,0,0,0,0,1,0,1,0,0,0,0,0,0,0.0,0.21739130434782608,3,0
93,11,74,3,1,0,10,0,0,0,0,0,1,0,1,0,0,0,0,1,0,0.0,0.16129032258064516,2,1
26,17,1,2,1,0,3,0,0,0,0,0,1,0,1,0,0,1,0,0,0,0.0,0.2692307692307692,3,1
30,10,13,2,1,0,4,0,0,0,0,0,1,0,0,0,0,1,0,0,0,0.0,0.26666666666666666,2,1
102,10,85,2,9,0,8,0,0,0,0,8,0,0,0,0,0,0,0,0,0,0.0784313725490196,0.19607843137254902,3,1
29,15,6,2,0,0,3,0,0,0,0,0,1,0,1,0,0,0,0,0,0,0.0,0.20689655172413793,3,0
95,42,46,4,1,0,7,0,0,0,0,12,3,0,0,0,0,0,1,0,0,0.12631578947368421,0.14736842105263157,3,1
85,14,63,1,0,8,6,0,0,0,0,0,0,0,1,0,0,0,0,0,0,0.0,0.18823529411764706,3,0
37,12,6,1,0,0,3,1,1,0,0,3,0,0,1,0,0,0,0,0,0,0.08108108108108109,0.1891891891891892,3,0
133,32,84,2,1,3,7,1,1,0,0,13,1,0,1,0,0,1,0,0,0,0.09774436090225563,0.13533834586466165,3,1
49,22,19,3,1,0,5,0,0,0,0,0,1,0,1,0,0,1,1,0,0,0.0,0.20408163265306123,3,1
38,8,22,1,0,1,4,0,0,0,0,0,0,0,1,0,0,0,0,0,0,0.0,0.18421052631578946,3,0
23,14,1,1,0,0,3,0,0,0,0,0,0,0,1,0,0,0,0,0,0,0.0,0.21739130434782608,2,1
168,30,56,6,5,1,7,1,2,1,1,23,1,0,1,0,0,0,1,1,0,0.13690476190476192,0.16071428571428573,3,1
41,18,15,2,0,0,4,0,0,0,0,4,1,0,1,0,0,0,0,1,0,0.0975609756097561,0.17073170731707318,3,0
229,17,39,2,1,1,7,1,3,0,2,85,0,0,0,0,0,0,2,0,0,0.37117903930131,0.08733624454148471,3,1
32,12,12,2,0,0,4,0,0,0,0,0,1,0,1,0,0,0,0,0,0,0.0,0.21875,3,0
38,19,12,2,0,0,5,0,0,0,0,2,1,0,0,0,0,0,0,0,0,0.05263157894736842,0.21052631578947367,2,1
146,15,124,4,1,0,3,0,0,1,0,38,1,0,0,0,0,0,0,0,0,0.2602739726027397,0.0684931506849315,3,1
34,11,15,1,0,0,4,0,0,0,0,4,0,0,1,0,0,0,0,0,0,0.11764705882352941,0.17647058823529413,3,0
90,26,57,2,0,1,9,0,0,0,0,0,1,0,0,0,0,0,1,1,0,0.0,0.14444444444444443,2,1
42,12,22,2,0,1,4,0,0,0,0,0,1,0,1,0,0,0,0,0,0,0.0,0.19047619047619047,3,0
30,16,6,2,0,0,3,0,0,0,0,0,1,0,1,0,0,0,1,0,0,0.0,0.2,3,0
44,17,19,1,0,0,5,0,0,0,0,0,0,0,1,0,0,0,1,1,0,0.0,0.1590909090909091,3,1
56,31,18,1,3,1,4,0,0,0,0,0,0,0,0,0,0,1,1,0,0,0.0,0.17857142857142858,3,1
62,19,36,2,0,0,7,0,0,0,0,0,0,0,0,0,0,0,0,0,0,0.0,0.16129032258064516,3,1
36,19,9,2,0,0,3,0,0,0,0,0,1,0,1,0,0,0,0,0,0,0.0,0.16666666666666666,3,0
27,13,6,2,0,0,3,0,0,0,0,0,1,0,1,0,0,0,1,1,0,0.0,0.2222222222222222,3,0
133,30,41,5,5,0,7,1,2,0,1,26,1,0,1,0,0,0,1,1,0,0.19548872180451127,0.17293233082706766,3,1
110,14,89,1,11,0,7,0,0,0,0,16,0,0,0,0,0,0,0,0,0,0.14545454545454545,0.18181818181818182,3,0
42,17,6,2,0,0,3,1,1,0,0,3,1,0,1,0,0,0,0,0,0,0.07142857142857142,0.19047619047619047,3,0
37,15,14,2,1,0,4,0,0,0,0,0,1,0,1,0,0,0,0,0,0,0.0,0.21621621621621623,3,0
46,16,22,3,0,0,5,0,0,0,0,1,1,0,1,0,0,0,0,0,0,0.021739130434782608,0.1956521739130435,3,0
46,18,20,2,0,0,5,0,0,0,0,0,1,0,1,0,0,0,0,0,0,0.0,0.17391304347826086,3,0
31,17,7,2,0,0,3,0,0,0,0,1,1,0,0,0,0,0,0,0,0,0.03225806451612903,0.1935483870967742,3,1
102,29,65,2,1,0,10,1,0,0,0,13,0,0,0,0,0,0,1,0,0,0.12745098039215685,0.14705882352941177,3,1
33,8,6,1,0,0,3,1,1,0,0,3,0,0,1,0,0,0,0,0,0,0.09090909090909091,0.21212121212121213,3,0
57,17,32,2,3,0,5,0,0,0,0,0,1,0,1,0,0,0,0,1,0,0.0,0.19298245614035087,3,0
97,10,35,1,2,3,7,1,1,0,0,14,0,0,0,0,0,0,0,0,0,0.14432989690721648,0.20618556701030927,2,0
25,16,1,2,0,0,3,0,0,0,0,0,1,0,1,0,0,0,0,0,0,0.0,0.24,3,0
26,9,9,1,0,0,3,0,0,0,0,0,0,0,1,0,0,0,0,1,0,0.0,0.19230769230769232,3,0
245,20,33,3,0,2,7,1,4,0,3,66,1,0,1,0,0,0,0,0,0,0.2693877551020408,0.12244897959183673,3,1
34,21,5,2,0,0,3,0,0,0,0,0,1,0,1,0,0,0,0,1,0,0.0,0.17647058823529413,3,0
41,18,16,3,0,0,4,0,0,0,0,0,0,0,0,0,0,0,0,0,0,0.0,0.1951219512195122,3,1
28,14,6,2,0,0,3,0,0,0,0,0,1,0,1,0,0,0,0,0,0,0.0,0.21428571428571427,3,0
31,16,8,1,0,0,5,0,0,0,0,0,0,0,0,0,0,0,0,0,0,0.0,0.22580645161290322,3,1
37,15,14,2,1,0,4,0,0,0,0,0,1,0,1,0,0,0,0,0,0,0.0,0.21621621621621623,3,0
52,18,7,2,0,0,5,1,1,0,0,6,1,0,0,0,1,0,0,0,0,0.11538461538461539,0.21153846153846154,3,1
40,17,15,2,1,0,3,0,0,0,0,0,1,0,1,0,0,0,1,0,0,0.0,0.175,3,0
236,19,43,3,2,1,7,1,3,0,2,69,1,0,1,0,0,0,1,0,0,0.2923728813559322,0.09322033898305085,2,1
46,18,20,1,1,1,4,0,0,0,0,0,0,0,1,0,0,0,0,0,0,0.0,0.17391304347826086,3,1
104,15,82,1,7,2,6,0,0,0,0,7,0,0,0,0,0,0,0,0,0,0.0673076923076923,0.16346153846153846,3,0
28,12,8,2,0,0,3,0,0,0,0,0,1,0,1,0,0,0,0,0,0,0.0,0.21428571428571427,2,0
46,16,22,2,0,1,4,0,0,0,0,0,1,0,1,0,0,0,0,0,0,0.0,0.17391304347826086,3,0
35,18,9,2,0,0,3,0,0,0,0,0,1,0,1,0,0,0,0,0,0,0.0,0.17142857142857143,3,0
40,31,1,2,2,0,3,0,0,0,0,0,1,0,1,0,0,1,0,0,0,0.0,0.2,7,1
87,21,59,2,0,1,6,0,0,0,0,25,1,0,0,0,0,0,0,0,0,0.28735632183908044,0.11494252873563218,2,1
40,18,15,1,0,0,5,0,0,0,0,11,0,0,0,0,0,0,0,0,0,0.275,0.175,3,1
61,16,37,2,4,0,5,0,0,0,0,4,1,0,1,0,0,0,0,0,0,0.06557377049180328,0.19672131147540983,3,0
75,23,44,1,0,0,6,0,0,0,0,18,0,0,1,0,0,0,0,0,0,0.24,0.10666666666666667,3,1
51,15,28,5,0,0,6,0,0,0,0,0,0,0,1,0,0,0,0,0,0,0.0,0.23529411764705882,3,1
54,14,32,2,3,0,5,0,0,0,0,0,1,0,1,0,0,0,0,0,0,0.0,0.2037037037037037,3,0
46,26,13,2,1,0,3,0,0,0,0,0,0,0,0,0,0,0,2,2,0,0.0,0.15217391304347827,3,1
63,17,38,3,2,0,5,0,0,0,0,0,1,0,1,0,0,0,0,0,0,0.0,0.1746031746031746,2,1
33,18,7,1,0,0,3,0,0,0,0,0,0,0,1,0,0,0,0,0,0,0.0,0.15151515151515152,3,1
35,15,12,2,0,0,4,0,0,0,0,0,1,0,1,0,0,0,0,0,0,0.0,0.2,3,0
21,13,1,1,0,0,3,0,0,0,0,0,0,0,0,0,0,0,0,0,0,0.0,0.23809523809523808,3,1
45,36,1,3,4,0,3,0,0,0,0,10,2,0,1,0,0,1,1,0,0,0.2222222222222222,0.24444444444444444,3,1
20,12,1,1,0,0,3,0,0,0,0,0,0,0,0,0,0,0,0,0,0,0.0,0.25,3,1
73,18,48,3,1,0,6,0,0,0,1,26,2,0,0,0,0,0,0,0,0,0.3561643835616438,0.1643835616438356,2,1
72,22,43,1,1,0,7,0,0,0,0,3,0,0,0,0,0,0,3,1,0,0.041666666666666664,0.1388888888888889,3,1
182,23,18,1,16,0,5,1,2,0,2,29,0,0,1,0,0,1,0,0,0,0.15934065934065933,0.1813186813186813,3,1
44,16,20,2,0,0,5,0,0,0,0,0,1,0,1,0,0,0,0,0,0,0.0,0.18181818181818182,3,0
271,36,57,3,5,4,7,1,3,0,2,72,1,0,1,0,0,1,0,0,0,0.2656826568265683,0.12177121771217712,3,1
35,27,1,1,0,0,3,0,0,0,0,0,0,0,0,0,0,0,0,0,0,0.0,0.14285714285714285,3,1
41,22,11,2,1,0,5,0,0,0,0,0,1,0,1,0,0,1,0,0,0,0.0,0.21951219512195122,3,1
27,13,6,2,0,0,3,0,0,0,0,0,1,0,1,0,0,0,0,0,0,0.0,0.2222222222222222,3,0
50,19,24,2,0,0,7,0,0,0,0,9,1,0,0,0,0,0,1,0,0,0.18,0.2,3,1
334,13,115,10,2,1,10,1,4,0,3,82,1,0,0,0,0,0,3,0,0,0.24550898203592814,0.11377245508982035,2,1
49,8,33,1,0,2,6,0,1,0,0,5,0,0,1,0,0,0,0,0,0,0.10204081632653061,0.22448979591836735,3,0
23,14,1,2,0,0,3,0,0,0,0,0,1,0,1,0,0,0,1,1,0,0.0,0.2608695652173913,3,0
31,22,1,1,0,0,3,0,0,0,0,0,0,0,1,0,0,0,0,0,0,0.0,0.16129032258064516,3,1
54,13,33,2,0,2,6,0,1,0,0,5,1,0,1,0,0,0,0,0,0,0.09259259259259259,0.2222222222222222,3,0
480,34,59,3,13,4,7,1,5,0,4,88,1,0,0,0,0,1,0,0,0,0.18333333333333332,0.09166666666666666,3,1
34,16,10,2,0,0,6,0,0,0,0,1,1,0,1,0,0,0,0,0,0,0.029411764705882353,0.2647058823529412,3,0
40,17,15,2,0,0,4,0,0,0,0,4,1,0,1,0,0,0,0,0,0,0.1,0.175,3,0
39,16,15,2,1,0,3,0,0,0,0,0,1,0,1,0,0,0,1,0,0,0.0,0.1794871794871795,3,0
27,20,0,2,0,0,2,0,0,0,0,0,1,0,0,0,0,0,0,0,0,0.0,0.18518518518518517,4,1
66,14,33,2,0,0,3,1,1,0,0,13,1,0,0,0,0,0,0,0,0,0.19696969696969696,0.12121212121212122,2,1
115,12,96,2,15,0,4,0,0,0,0,0,0,0,0,0,0,0,0,0,0,0.0,0.19130434782608696,3,0
58,27,24,2,0,0,6,0,0,0,0,3,1,0,0,0,0,0,0,0,0,0.05172413793103448,0.15517241379310345,3,1
30,16,6,2,0,0,3,0,0,0,0,0,1,0,1,0,0,0,1,0,0,0.0,0.2,3,0
44,19,6,2,0,0,3,1,1,0,0,3,1,0,1,0,0,0,0,0,0,0.06818181818181818,0.18181818181818182,3,0
23,15,0,2,0,0,2,0,0,0,0,0,1,0,1,0,0,0,0,0,0,0.0,0.21739130434782608,3,0
101,22,44,3,1,1,8,1,2,0,1,3,0,0,0,0,0,0,3,1,0,0.0297029702970297,0.1782178217821782,3,1
98,17,74,2,15,0,3,0,0,0,0,0,0,0,0,0,0,0,0,0,0,0.0,0.21428571428571427,3,0
283,36,54,6,3,1,10,2,3,0,2,91,1,0,0,0,0,1,2,2,0,0.3215547703180212,0.0989399293286219,3,1
26,18,1,2,0,0,3,0,0,0,0,0,1,0,0,0,0,0,0,0,0,0.0,0.23076923076923078,2,1
41,13,20,2,0,0,5,0,0,0,0,0,1,0,1,0,0,0,0,0,0,0.0,0.1951219512195122,3,0
27,10,9,1,0,0,3,0,0,0,0,0,0,0,1,0,0,0,0,0,0,0.0,0.18518518518518517,3,0
30,12,10,1,0,0,6,0,0,0,0,1,0,0,1,0,0,0,0,0,0,0.03333333333333333,0.26666666666666666,3,0
32,12,12,2,0,0,4,0,0,0,0,0,1,0,1,0,0,0,0,0,0,0.0,0.21875,3,0
32,23,1,2,1,0,3,0,0,0,0,0,1,0,1,0,0,1,0,0,0,0.0,0.21875,3,1
76,16,30,4,1,0,6,1,1,1,0,0,1,0,1,0,0,1,1,0,0,0.0,0.19736842105263158,2,1
111,15,76,2,1,1,7,1,1,0,0,8,1,0,1,0,0,0,0,1,0,0.07207207207207207,0.12612612612612611,3,1
58,16,35,3,0,0,6,0,0,0,0,0,0,0,0,0,0,0,1,0,0,0.0,0.1724137931034483,3,1
29,14,7,2,0,0,3,0,0,0,0,0,1,0,1,0,0,0,0,0,0,0.0,0.20689655172413793,3,0
38,15,15,2,0,0,4,0,0,0,0,4,1,0,1,0,0,0,0,0,0,0.10526315789473684,0.18421052631578946,3,0
54,14,32,2,3,0,5,0,0,0,0,0,1,0,1,0,0,0,0,0,0,0.0,0.2037037037037037,3,0
31,13,10,2,0,0,6,0,0,0,0,1,1,0,1,0,0,0,0,0,0,0.03225806451612903,0.2903225806451613,3,0
55,46,1,2,3,0,3,0,0,0,0,12,1,0,1,0,0,1,0,0,0,0.21818181818181817,0.16363636363636364,3,1
35,12,15,1,0,0,4,0,0,0,0,4,0,0,1,0,0,0,0,0,0,0.11428571428571428,0.17142857142857143,3,0
46,21,18,2,1,0,5,0,0,0,0,4,1,0,0,0,0,0,0,0,0,0.08695652173913043,0.1956521739130435,3,1
109,15,86,7,0,0,7,0,0,0,0,15,0,0,1,0,0,0,0,0,0,0.13761467889908258,0.13761467889908258,5,1
109,11,8,1,0,3,4,1,0,0,0,21,0,0,0,0,0,0,0,0,0,0.1926605504587156,0.28440366972477066,2,0
26,12,6,2,0,0,3,0,0,0,0,0,1,0,1,0,0,0,1,0,0,0.0,0.23076923076923078,3,0
58,13,37,2,4,0,5,0,0,0,0,4,1,0,1,0,0,0,0,0,0,0.06896551724137931,0.20689655172413793,3,0
23,15,0,2,0,0,2,0,0,0,0,0,1,0,1,0,0,0,0,0,0,0.0,0.21739130434782608,3,0
121,9,105,1,0,0,5,0,0,0,0,2,0,0,0,0,0,0,0,1,0,0.01652892561983471,0.05785123966942149,2,1
35,27,1,3,1,0,3,0,0,0,0,0,2,0,0,0,0,1,0,1,0,0.0,0.22857142857142856,4,1
98,17,74,2,15,0,3,0,0,0,0,0,0,0,0,0,0,0,0,0,0,0.0,0.21428571428571427,3,0
33,8,6,1,0,0,3,1,1,0,0,3,0,0,1,0,0,0,0,0,0,0.09090909090909091,0.21212121212121213,3,0
30,10,12,1,0,0,4,0,0,0,0,0,0,0,1,0,0,0,0,0,0,0.0,0.2,3,0
22,14,0,2,0,0,2,0,0,0,0,0,1,0,1,0,0,0,0,0,0,0.0,0.22727272727272727,3,0
99,23,4,3,0,0,4,1,1,0,0,8,1,0,1,0,0,0,0,0,0,0.08080808080808081,0.1111111111111111,3,1
41,14,19,1,0,0,5,0,0,0,0,0,0,0,1,0,0,0,0,0,0,0.0,0.17073170731707318,3,1
134,25,92,2,3,2,7,1,1,0,0,4,1,0,1,0,0,1,0,0,0,0.029850746268656716,0.1417910447761194,3,1
34,14,12,2,0,0,4,0,0,0,0,0,1,0,1,0,0,0,0,1,0,0.0,0.20588235294117646,3,0
62,17,37,2,4,0,5,0,0,0,0,4,1,0,1,0,0,0,0,0,0,0.06451612903225806,0.1935483870967742,3,0
86,50,21,3,1,0,4,1,0,0,0,6,2,0,0,0,0,0,0,0,0,0.06976744186046512,0.11627906976744186,3,1
252,17,26,2,0,0,5,1,0,0,0,35,0,0,1,0,0,0,1,0,0,0.1388888888888889,0.03571428571428571,3,1
43,13,22,2,0,1,4,0,0,0,0,0,1,0,1,0,0,0,0,0,0,0.0,0.18604651162790697,3,0
43,13,22,2,0,1,4,0,0,0,0,0,1,0,1,0,0,0,0,1,0,0.0,0.18604651162790697,3,0
34,14,12,2,0,0,4,0,0,0,0,0,1,0,1,0,0,0,0,0,0,0.0,0.20588235294117646,3,0
31,8,15,1,0,0,4,0,0,0,0,4,0,0,1,0,0,0,0,0,0,0.12903225806451613,0.1935483870967742,3,0
17,9,0,2,0,0,2,0,0,0,0,0,1,0,1,0,0,0,0,0,0,0.0,0.29411764705882354,3,0
51,21,22,3,0,0,5,0,0,0,0,1,1,0,1,0,0,0,0,0,0,0.0196078431372549,0.17647058823529413,3,0
34,14,12,2,0,0,4,0,0,0,0,0,1,0,1,0,0,0,0,0,0,0.0,0.20588235294117646,3,0
32,18,6,2,0,0,3,0,0,0,0,0,1,0,1,0,0,0,1,0,0,0.0,0.1875,3,0
60,20,32,2,3,0,5,0,0,0,0,0,1,0,1,0,0,0,0,0,0,0.0,0.18333333333333332,3,0
339,30,302,4,3,6,4,0,0,0,0,53,3,0,0,0,0,1,0,0,0,0.15634218289085547,0.05309734513274336,2,1
33,13,12,2,0,0,4,0,0,0,0,0,1,0,1,0,0,0,0,1,0,0.0,0.21212121212121213,3,0
56,13,35,4,2,0,7,0,0,0,0,3,1,0,1,0,0,0,0,1,0,0.05357142857142857,0.26785714285714285,3,1
34,18,8,2,0,0,3,0,0,0,0,0,1,0,1,0,0,0,0,0,0,0.0,0.17647058823529413,3,0
43,18,6,2,0,0,3,1,1,0,0,3,1,0,1,0,0,0,0,0,0,0.06976744186046512,0.18604651162790697,3,0
59,22,29,3,0,0,4,0,0,0,0,0,1,0,1,0,0,0,0,2,0,0.0,0.13559322033898305,3,1
132,35,80,2,1,2,7,1,1,0,0,5,1,0,1,0,0,1,0,0,0,0.03787878787878788,0.12878787878787878,3,1
72,18,23,5,1,0,4,1,1,1,0,0,2,0,0,0,0,0,0,0,0,0.0,0.19444444444444445,2,1
32,19,5,3,0,0,3,0,0,0,0,0,2,0,1,0,0,0,0,1,0,0.0,0.21875,3,0
105,8,90,1,10,0,5,0,0,0,0,0,0,0,0,0,0,0,1,0,0,0.0,0.1619047619047619,3,0
43,13,22,3,0,0,5,0,0,0,0,1,1,0,1,0,0,0,0,0,0,0.023255813953488372,0.20930232558139536,3,0
22,6,9,1,0,0,3,0,0,0,0,2,0,0,0,0,0,0,0,0,1,0.09090909090909091,0.22727272727272727,2,1
56,20,29,2,0,0,7,0,0,0,0,0,1,0,0,0,0,0,1,0,0,0.0,0.17857142857142858,3,1
19,11,0,1,0,0,2,0,0,0,0,0,0,0,1,0,0,0,0,0,0,0.0,0.21052631578947367,3,0
43,22,13,2,0,0,5,0,0,0,0,0,1,0,1,0,0,0,0,0,0,0.0,0.18604651162790697,2,1
37,20,9,4,0,0,3,0,0,0,0,0,2,0,1,0,0,0,0,0,0,0.0,0.21621621621621623,2,1
40,12,20,2,0,0,5,0,0,0,0,0,1,0,1,0,0,0,0,0,0,0.0,0.2,3,0
218,34,177,6,0,0,15,0,2,0,0,58,3,0,0,0,0,0,0,0,0,0.26605504587155965,0.11009174311926606,3,1
23,14,1,1,0,0,3,0,0,0,0,0,0,0,1,0,0,0,0,0,0,0.0,0.21739130434782608,3,1
192,36,149,5,2,0,8,0,0,0,0,45,2,0,0,0,0,0,1,2,0,0.234375,0.15625,3,1
46,16,22,3,0,0,5,0,0,0,0,1,1,0,1,0,0,0,0,0,0,0.021739130434782608,0.1956521739130435,3,0
29,15,6,2,0,0,3,0,0,0,0,0,1,0,1,0,0,0,1,0,0,0.0,0.20689655172413793,3,0
35,23,1,2,0,0,3,1,1,0,0,11,1,0,0,0,0,0,0,0,0,0.3142857142857143,0.22857142857142856,3,1
68,13,47,1,0,0,5,0,0,0,0,20,0,0,1,0,0,0,0,0,0,0.29411764705882354,0.10294117647058823,3,1
137,17,93,2,1,0,14,1,1,0,0,10,0,0,0,0,0,1,0,1,0,0.072992700729927,0.15328467153284672,3,1
36,27,1,2,0,0,3,0,0,0,0,11,1,0,1,0,0,0,0,0,0,0.3055555555555556,0.16666666666666666,3,1
63,22,33,2,0,2,6,0,1,0,0,5,1,0,1,0,0,0,0,0,0,0.07936507936507936,0.19047619047619047,3,0
117,16,93,2,2,1,12,0,0,0,0,5,1,0,1,0,0,0,3,0,0,0.042735042735042736,0.15384615384615385,2,1
58,23,28,2,3,0,4,0,0,0,0,7,0,0,0,0,0,1,1,0,0,0.1206896551724138,0.1724137931034483,3,1
36,13,15,2,0,0,4,0,0,0,0,4,1,0,1,0,0,0,0,0,0,0.1111111111111111,0.19444444444444445,3,0
35,15,12,2,0,0,4,0,0,0,0,0,1,0,1,0,0,0,0,0,0,0.0,0.2,3,0
48,12,5,1,0,0,3,1,1,0,0,6,0,0,0,0,0,0,0,0,0,0.125,0.16666666666666666,3,1
36,11,6,1,0,0,3,1,1,0,0,3,0,0,1,0,0,0,0,0,0,0.08333333333333333,0.19444444444444445,3,0
112,17,61,3,2,0,9,1,1,1,0,0,0,0,0,0,0,0,0,0,0,0.0,0.16071428571428573,2,1
36,11,6,2,0,0,3,1,1,0,0,3,1,0,1,0,0,0,0,0,0,0.08333333333333333,0.2222222222222222,3,0
51,11,32,2,3,0,5,0,0,0,0,0,1,0,1,0,0,0,0,0,0,0.0,0.21568627450980393,3,0
59,16,36,2,0,0,5,0,0,0,0,0,0,0,0,0,0,0,0,1,0,0.0,0.13559322033898305,3,1
68,14,46,2,2,0,6,0,0,0,0,0,0,0,1,0,0,0,1,0,0,0.0,0.16176470588235295,2,1
48,39,1,3,1,0,3,0,0,0,0,0,2,0,1,0,0,1,0,0,0,0.0,0.16666666666666666,4,1
27,12,7,2,0,0,3,0,0,0,0,0,1,0,1,0,0,0,1,0,0,0.0,0.2222222222222222,3,0
160,15,15,2,2,0,6,1,11,0,1,4,0,0,0,0,0,0,0,1,0,0.025,0.15625,3,1
24,15,1,1,0,0,3,0,0,0,0,0,0,0,1,0,0,0,0,0,0,0.0,0.20833333333333334,3,1
175,30,54,6,4,0,7,1,2,1,1,26,1,0,1,0,0,0,0,1,0,0.14857142857142858,0.13714285714285715,3,1
23,8,7,1,0,0,3,0,0,0,0,2,0,0,1,0,0,0,0,0,0,0.08695652173913043,0.21739130434782608,2,1
36,18,11,1,0,0,4,0,0,0,0,0,0,0,0,0,0,0,0,0,0,0.0,0.16666666666666666,3,1
41,23,10,2,0,0,6,0,0,0,0,1,1,0,1,0,0,0,0,0,0,0.024390243902439025,0.21951219512195122,3,0
53,12,33,1,0,2,6,0,1,0,0,5,0,0,1,0,0,0,0,1,0,0.09433962264150944,0.20754716981132076,3,0
59,18,33,2,0,2,6,0,1,0,0,5,1,0,1,0,0,0,0,0,0,0.0847457627118644,0.2033898305084746,3,0
25,12,5,2,0,0,3,0,0,0,0,0,1,0,1,0,0,0,0,0,0,0.0,0.24,3,0
37,14,15,2,1,0,3,0,0,0,0,0,1,0,1,0,0,0,1,0,0,0.0,0.1891891891891892,3,0
97,10,80,1,12,0,7,0,0,0,0,8,0,0,0,0,0,0,0,0,0,0.08247422680412371,0.21649484536082475,3,0
101,15,79,3,15,0,4,0,0,0,0,6,1,0,0,0,0,0,0,0,0,0.0594059405940594,0.22772277227722773,2,0
40,17,15,2,1,0,3,0,0,0,0,0,1,0,1,0,0,0,1,0,0,0.0,0.175,3,0
48,39,1,4,2,0,3,0,0,0,0,6,3,0,1,0,0,1,0,0,0,0.125,0.20833333333333334,3,1
39,19,12,3,0,0,4,0,0,0,0,0,2,0,1,0,0,0,0,1,0,0.0,0.20512820512820512,3,0
52,17,28,2,1,0,5,0,0,0,0,0,1,0,0,0,0,0,0,0,0,0.0,0.17307692307692307,3,1
53,13,32,2,3,0,5,0,0,0,0,0,1,0,1,0,0,0,0,0,0,0.0,0.20754716981132076,3,0
49,17,25,1,0,0,5,0,0,0,0,0,0,0,0,0,0,0,1,0,0,0.0,0.14285714285714285,2,1
51,11,32,1,3,0,5,0,0,0,0,0,0,0,1,0,0,0,0,0,0,0.0,0.19607843137254902,3,0
26,12,6,1,0,0,3,0,0,0,0,0,0,0,1,0,0,0,1,1,0,0.0,0.19230769230769232,3,0
46,22,17,3,1,0,4,0,0,0,0,0,1,0,0,0,0,1,0,0,0,0.0,0.1956521739130435,2,1
71,63,1,10,0,0,3,0,0,0,0,0,9,0,0,0,0,0,2,0,0,0.0,0.19718309859154928,2,1
78,32,38,2,4,0,4,0,0,0,0,26,1,0,1,0,0,1,0,0,0,0.3333333333333333,0.14102564102564102,2,1
52,25,20,3,0,1,4,0,0,0,0,0,1,0,0,0,0,0,0,0,0,0.0,0.17307692307692307,3,1
64,19,37,2,4,0,5,0,0,0,0,4,1,0,1,0,0,0,0,0,0,0.0625,0.1875,3,0
25,11,6,2,0,0,3,0,0,0,0,0,1,0,1,0,0,0,0,0,0,0.0,0.24,3,0
34,18,8,2,0,0,3,0,0,0,0,0,1,0,1,0,0,0,0,1,0,0.0,0.17647058823529413,3,0
44,22,4,2,0,0,4,1,1,0,0,0,1,0,1,0,0,0,0,0,0,0.0,0.20454545454545456,3,1
29,21,1,1,1,0,3,0,0,0,0,0,0,0,0,0,0,1,0,0,0,0.0,0.20689655172413793,3,1
84,9,68,1,1,3,9,0,0,0,0,6,0,0,0,0,0,0,1,0,0,0.07142857142857142,0.17857142857142858,3,1
156,15,134,1,1,0,8,0,0,0,0,53,0,0,0,0,0,0,0,0,0,0.33974358974358976,0.07051282051282051,3,1
66,18,12,3,2,0,3,1,1,1,0,0,0,0,0,0,0,1,1,0,0,0.0,0.18181818181818182,3,1
18,10,1,1,0,0,3,0,0,0,0,0,0,0,0,0,0,0,0,0,0,0.0,0.2777777777777778,3,1
85,21,56,1,1,2,9,0,0,0,0,3,0,0,1,0,0,0,0,1,0,0.03529411764705882,0.16470588235294117,3,1
143,12,57,11,0,0,4,1,1,0,0,25,0,0,0,0,0,0,0,0,0,0.17482517482517482,0.13986013986013987,3,0
229,17,39,2,1,1,7,1,3,0,2,89,0,0,0,0,0,0,2,0,0,0.388646288209607,0.08733624454148471,3,1
259,19,67,5,0,1,7,1,3,0,2,76,0,0,0,0,0,0,1,0,0,0.29343629343629346,0.08494208494208494,2,1
16,7,1,1,0,0,3,0,0,0,0,0,0,0,1,0,0,0,0,0,0,0.0,0.3125,3,0
36,14,14,2,1,0,4,0,0,0,0,0,1,0,1,0,0,0,0,1,0,0.0,0.2222222222222222,3,0
27,13,6,2,0,0,3,0,0,0,0,0,1,0,1,0,0,0,0,0,0,0.0,0.2222222222222222,3,0
19,10,1,2,0,0,3,0,0,0,0,0,1,0,1,0,0,0,0,0,0,0.0,0.3157894736842105,3,0
31,9,14,1,1,0,4,0,0,0,0,0,0,0,1,0,0,0,0,0,0,0.0,0.22580645161290322,3,0
131,58,6,7,0,2,3,1,3,0,2,18,6,0,0,0,0,0,3,1,0,0.13740458015267176,0.1450381679389313,2,1
185,24,153,5,1,2,7,0,0,0,0,23,1,0,1,0,0,1,1,1,0,0.12432432432432433,0.14054054054054055,3,1
27,13,6,2,0,0,3,0,0,0,0,0,1,0,1,0,0,0,1,1,0,0.0,0.2222222222222222,3,0
35,27,1,2,1,0,3,0,0,0,0,0,1,0,0,0,0,1,2,0,0,0.0,0.2,3,1
27,18,1,2,0,0,3,0,0,0,0,0,1,0,1,0,0,0,0,0,0,0.0,0.2222222222222222,3,0
118,13,26,1,7,3,4,1,3,0,2,0,0,0,0,0,0,0,0,0,0,0.0,0.1864406779661017,3,0
247,10,105,3,4,4,10,1,3,0,2,46,0,0,0,0,0,0,3,0,0,0.1862348178137652,0.11336032388663968,3,1
44,22,14,3,0,0,4,0,0,0,0,0,1,0,1,0,0,0,0,1,0,0.0,0.18181818181818182,3,1
79,15,57,2,1,0,5,0,0,0,0,8,0,0,0,0,0,0,0,0,0,0.10126582278481013,0.16455696202531644,3,1
48,40,1,2,0,0,3,0,0,0,0,3,1,0,0,0,0,0,0,0,0,0.0625,0.125,3,1
52,32,12,2,2,0,5,0,0,0,0,0,1,0,1,0,0,1,0,0,0,0.0,0.19230769230769232,3,1
61,16,37,2,4,0,5,0,0,0,0,4,1,0,1,0,0,0,0,1,0,0.06557377049180328,0.19672131147540983,3,0
41,11,22,2,0,1,4,0,0,0,0,0,1,0,1,0,0,0,0,0,0,0.0,0.1951219512195122,3,0
25,13,5,1,0,0,4,0,0,0,0,0,0,0,0,0,0,0,0,0,0,0.0,0.24,3,1
50,41,1,5,0,0,3,0,0,0,0,4,4,0,1,0,0,0,0,1,0,0.08,0.18,4,1
84,13,64,2,11,0,4,0,0,0,0,6,0,0,0,0,0,0,0,0,0,0.07142857142857142,0.21428571428571427,2,0
35,27,1,2,0,0,3,0,0,0,0,0,1,0,0,0,0,0,0,0,0,0.0,0.17142857142857143,2,1
96,7,1,3,0,0,3,1,2,0,1,11,0,0,1,0,0,0,2,0,0,0.11458333333333333,0.17708333333333334,2,1
201,14,14,3,0,1,4,1,3,0,2,80,1,0,0,0,0,0,1,0,0,0.39800995024875624,0.0845771144278607,2,1
38,21,9,2,0,0,3,0,0,0,0,0,1,0,1,0,0,0,0,1,0,0.0,0.15789473684210525,3,0
58,26,25,3,0,0,6,0,0,0,0,0,1,0,0,0,0,0,0,0,0,0.0,0.1724137931034483,3,1
61,28,26,1,1,0,6,0,0,0,0,0,0,0,0,0,0,0,0,0,0,0.0,0.14754098360655737,3,1
72,22,43,1,1,0,7,0,0,0,0,3,0,0,0,0,0,0,3,1,0,0.041666666666666664,0.1388888888888889,3,1
169,15,39,1,2,2,5,1,2,0,1,8,0,0,0,0,0,0,0,0,0,0.047337278106508875,0.17159763313609466,3,0
40,15,6,2,0,0,3,1,1,0,0,3,1,0,1,0,0,0,0,0,0,0.075,0.2,3,0
271,25,73,2,1,2,7,1,3,0,2,92,0,0,0,0,0,0,1,0,0,0.33948339483394835,0.07749077490774908,3,1
42,12,22,3,0,0,5,0,0,0,0,1,1,0,1,0,0,0,0,0,0,0.023809523809523808,0.21428571428571427,3,0
30,12,10,2,0,0,6,0,0,0,0,1,1,0,1,0,0,0,0,0,0,0.03333333333333333,0.3,3,0
60,21,31,4,1,0,4,0,0,0,0,0,1,0,1,0,0,0,0,1,0,0.0,0.16666666666666666,3,1
59,19,32,2,3,0,5,0,0,0,0,0,1,0,1,0,0,0,0,0,0,0.0,0.1864406779661017,3,0
64,15,41,1,0,0,7,0,0,0,0,0,0,0,1,0,0,0,1,1,0,0.0,0.140625,3,1
35,21,6,2,0,0,3,0,0,0,0,0,1,0,1,0,0,0,1,0,0,0.0,0.17142857142857143,3,0
20,11,1,2,0,0,3,0,0,0,0,0,1,0,1,0,0,0,0,0,0,0.0,0.3,3,0
32,13,11,2,0,0,3,0,0,0,0,0,0,0,1,0,0,0,0,0,0,0.0,0.1875,2,1
94,10,77,1,9,0,7,0,0,0,0,8,0,0,0,0,0,0,0,0,0,0.0851063829787234,0.19148936170212766,3,0
51,14,30,2,0,0,7,0,0,0,0,1,0,0,0,0,0,0,0,0,0,0.0196078431372549,0.19607843137254902,3,1
105,10,8,5,0,0,11,2,1,0,1,1,0,0,0,0,0,0,1,0,0,0.009523809523809525,0.22857142857142856,3,1
75,17,51,3,3,0,6,0,0,0,0,0,1,0,0,0,0,0,1,0,0,0.0,0.17333333333333334,2,1
78,15,56,3,0,0,8,0,0,0,0,9,0,0,0,0,0,0,1,0,0,0.11538461538461539,0.16666666666666666,3,1
39,17,15,3,0,0,6,0,0,0,0,1,2,0,0,0,0,0,0,0,0,0.02564102564102564,0.2564102564102564,2,1
22,13,1,2,0,0,3,0,0,0,0,0,1,0,1,0,0,0,0,0,0,0.0,0.2727272727272727,3,0
49,26,15,2,2,0,3,0,0,0,0,0,1,0,1,0,0,1,0,0,0,0.0,0.16326530612244897,3,1
144,11,6,2,6,0,3,1,2,0,1,6,0,0,1,0,0,0,0,0,0,0.041666666666666664,0.19444444444444445,3,0
28,13,7,2,0,0,3,0,0,0,0,0,1,0,1,0,0,0,0,0,0,0.0,0.21428571428571427,3,0
36,13,15,2,1,0,3,0,0,0,0,0,1,0,1,0,0,0,1,0,0,0.0,0.19444444444444445,3,0
41,25,8,2,0,0,3,0,0,0,0,0,1,0,1,0,0,0,0,0,0,0.0,0.14634146341463414,3,0
36,14,14,2,1,0,4,0,0,0,0,0,1,0,1,0,0,0,0,0,0,0.0,0.2222222222222222,3,0
131,27,87,2,2,4,7,1,1,0,0,4,1,0,1,0,0,1,1,0,0,0.030534351145038167,0.15267175572519084,3,1
25,11,6,2,0,0,3,0,0,0,0,0,1,0,1,0,0,0,1,0,0,0.0,0.24,3,0
86,22,56,4,1,0,8,0,0,0,0,0,1,0,1,0,0,0,1,1,0,0.0,0.16279069767441862,3,1
35,15,13,2,0,1,4,0,0,0,0,0,0,0,0,0,0,0,0,0,0,0.0,0.22857142857142856,3,1
30,21,1,2,1,0,3,0,0,0,0,0,1,0,1,0,0,1,0,0,0,0.0,0.23333333333333334,3,1
70,16,46,2,0,0,6,0,0,0,0,10,1,0,1,0,0,0,0,1,0,0.14285714285714285,0.12857142857142856,3,1
41,19,14,2,1,0,4,0,0,0,0,0,1,0,1,0,0,0,0,0,0,0.0,0.1951219512195122,3,0
20,7,6,1,1,0,3,0,0,0,0,0,0,0,0,0,0,0,0,0,0,0.0,0.3,2,1
57,8,42,1,1,0,9,0,0,0,0,1,0,0,0,0,0,0,0,0,0,0.017543859649122806,0.21052631578947367,3,1
123,7,66,2,1,0,12,1,1,0,1,2,0,0,0,0,0,0,0,0,0,0.016260162601626018,0.16260162601626016,2,1
163,42,113,2,16,0,7,0,0,0,0,30,1,0,1,0,0,1,0,0,0,0.18404907975460122,0.15950920245398773,3,1
22,14,0,2,0,0,2,0,0,0,0,0,1,0,1,0,0,0,0,0,0,0.0,0.22727272727272727,3,0
67,16,43,2,0,1,5,0,0,0,0,14,0,0,1,0,0,0,0,0,0,0.208955223880597,0.13432835820895522,2,1
41,11,22,3,0,0,5,0,0,0,0,1,1,0,1,0,0,0,0,0,0,0.024390243902439025,0.21951219512195122,3,0
78,26,44,3,1,0,4,0,1,0,0,19,2,0,1,0,0,1,2,0,0,0.24358974358974358,0.1794871794871795,2,1
252,14,65,2,2,1,8,1,3,0,2,85,0,0,0,0,0,0,1,0,0,0.3373015873015873,0.0873015873015873,3,1
60,22,31,1,2,0,8,0,0,0,0,5,0,0,0,0,0,1,0,0,0,0.08333333333333333,0.2,2,1
87,15,65,5,1,1,7,0,0,0,0,0,1,0,0,0,0,1,0,0,0,0.0,0.1724137931034483,2,1
77,14,33,3,3,0,6,1,1,1,0,1,0,0,0,0,0,0,0,0,0,0.012987012987012988,0.2077922077922078,2,1
26,15,4,1,0,0,4,0,0,0,0,0,0,0,0,0,0,0,0,0,0,0.0,0.23076923076923078,3,1
35,26,1,1,4,0,3,0,0,0,0,2,0,0,1,0,0,1,0,0,0,0.05714285714285714,0.2571428571428571,3,1
34,19,7,2,0,0,3,0,0,0,0,0,1,0,1,0,0,0,0,0,0,0.0,0.17647058823529413,3,0
284,32,58,3,1,5,7,1,4,0,3,66,1,0,1,0,0,1,0,0,0,0.2323943661971831,0.11619718309859155,3,1
51,31,13,1,0,0,4,0,0,0,0,1,0,0,0,0,0,0,0,0,0,0.0196078431372549,0.11764705882352941,3,1
60,30,23,3,1,0,5,0,0,0,0,6,1,0,0,0,0,0,0,0,0,0.1,0.16666666666666666,3,1
39,32,0,2,0,0,2,0,0,0,0,1,1,0,0,0,0,0,0,0,0,0.02564102564102564,0.1282051282051282,3,1
36,24,4,5,0,0,3,0,0,0,0,0,1,0,1,0,0,0,0,0,0,0.0,0.25,3,1
41,17,16,3,1,0,4,0,0,0,0,1,1,0,1,0,0,1,1,0,0,0.024390243902439025,0.21951219512195122,3,1
38,13,6,2,0,0,3,1,1,0,0,3,1,0,1,0,0,0,0,0,0,0.07894736842105263,0.21052631578947367,3,0
46,27,12,2,0,0,3,0,0,0,0,0,1,0,0,0,0,0,2,0,0,0.0,0.13043478260869565,3,1
77,17,53,2,1,0,7,0,0,0,0,6,0,0,0,0,0,1,0,0,0,0.07792207792207792,0.14285714285714285,3,1
65,21,36,3,2,0,6,0,0,0,0,0,1,0,1,0,0,0,1,0,0,0.0,0.18461538461538463,3,1
31,15,8,2,0,0,3,0,0,0,0,0,1,0,1,0,0,0,0,0,0,0.0,0.1935483870967742,3,0
89,20,62,1,4,0,9,0,0,0,0,2,0,0,0,0,0,0,1,0,0,0.02247191011235955,0.16853932584269662,3,1
87,11,69,1,6,0,7,0,0,0,0,14,0,0,0,0,0,0,0,0,0,0.16091954022988506,0.1724137931034483,3,0
55,18,30,2,0,0,5,0,0,0,0,0,0,0,0,0,0,0,0,1,0,0.0,0.14545454545454545,2,1
46,21,6,2,0,0,3,1,1,0,0,3,1,0,1,0,0,0,0,0,0,0.06521739130434782,0.17391304347826086,3,0
48,18,22,2,0,1,4,0,0,0,0,0,1,0,1,0,0,0,0,0,0,0.0,0.16666666666666666,3,0
85,10,68,1,9,0,6,0,0,0,0,5,0,0,0,0,0,0,0,0,0,0.058823529411764705,0.2,3,0
63,18,37,2,4,0,5,0,0,0,0,4,1,0,1,0,0,0,0,0,0,0.06349206349206349,0.19047619047619047,3,0
87,15,65,1,0,0,12,0,0,0,0,18,0,0,0,0,0,0,0,0,0,0.20689655172413793,0.16091954022988506,3,0
21,13,1,1,0,0,3,0,0,0,0,0,0,0,0,0,0,0,0,0,0,0.0,0.23809523809523808,3,1
33,25,1,2,1,0,3,0,0,0,0,0,1,0,0,0,0,1,0,0,0,0.0,0.21212121212121213,3,1
25,16,1,2,0,0,3,0,0,0,0,0,1,0,1,0,0,0,0,0,0,0.0,0.24,3,0
48,18,22,3,0,0,5,0,0,0,0,1,1,0,1,0,0,0,0,0,0,0.020833333333333332,0.1875,3,0
36,11,6,1,0,0,3,1,1,0,0,3,0,0,1,0,0,0,0,0,0,0.08333333333333333,0.19444444444444445,3,0
30,15,7,2,0,0,3,0,0,0,0,0,1,0,1,0,0,0,0,0,0,0.0,0.2,3,0
47,17,22,2,0,1,4,0,0,0,0,0,1,0,1,0,0,0,0,0,0,0.0,0.1702127659574468,3,0
122,17,98,2,0,0,8,0,0,0,0,39,0,0,0,0,0,0,0,0,0,0.319672131147541,0.09016393442622951,3,1
23,9,6,1,0,0,3,0,0,0,0,0,0,0,1,0,0,0,1,0,0,0.0,0.21739130434782608,3,0
31,18,5,2,0,0,3,0,0,0,0,0,1,0,1,0,0,0,0,1,0,0.0,0.1935483870967742,3,0
26,6,12,1,0,0,3,0,0,0,0,0,0,0,1,0,0,0,0,0,1,0.0,0.19230769230769232,2,1
41,22,12,2,0,0,4,0,0,0,0,0,1,0,0,0,0,0,0,0,0,0.0,0.17073170731707318,2,1
98,26,65,2,2,0,9,0,0,0,0,27,1,0,0,0,0,1,0,0,0,0.2755102040816326,0.14285714285714285,2,1
52,21,24,2,2,2,4,0,0,0,0,3,0,0,0,0,0,1,0,0,0,0.057692307692307696,0.21153846153846154,2,1
100,14,79,1,7,0,7,0,0,0,0,7,0,0,0,0,0,0,0,0,0,0.07,0.16,3,0
34,11,15,1,1,0,3,0,0,0,0,0,0,0,1,0,0,0,1,0,0,0.0,0.17647058823529413,3,0
33,17,8,2,0,0,3,0,0,0,0,0,1,0,1,0,0,0,0,1,0,0.0,0.18181818181818182,3,0
28,15,5,1,0,0,3,0,0,0,0,0,0,0,1,0,0,0,0,0,0,0.0,0.17857142857142858,3,0
66,26,33,1,0,0,5,0,0,0,0,5,0,0,0,0,0,0,0,0,0,0.07575757575757576,0.10606060606060606,2,1
58,13,37,2,4,0,5,0,0,0,0,4,1,0,1,0,0,0,0,0,0,0.06896551724137931,0.20689655172413793,3,0
29,21,0,2,1,0,2,0,0,0,0,0,1,0,1,0,0,1,1,0,0,0.0,0.20689655172413793,2,1
91,14,4,4,0,0,7,1,2,0,2,1,1,0,0,0,0,0,2,0,0,0.01098901098901099,0.21978021978021978,2,1
41,16,6,2,0,0,3,1,1,0,0,3,1,0,1,0,0,0,0,0,0,0.07317073170731707,0.1951219512195122,3,0
48,18,22,2,0,1,4,0,0,0,0,0,1,0,1,0,0,0,0,0,0,0.0,0.16666666666666666,3,0
230,21,36,3,0,1,6,1,3,0,2,85,0,0,0,0,0,0,1,0,0,0.3695652173913043,0.08260869565217391,3,1
191,15,47,2,1,2,5,1,2,0,1,4,0,0,0,0,0,0,0,0,0,0.020942408376963352,0.14136125654450263,3,0
26,19,0,1,1,0,2,0,0,0,0,1,0,0,0,0,0,1,0,0,0,0.038461538461538464,0.19230769230769232,2,1
35,15,12,2,0,0,4,0,0,0,0,0,1,0,1,0,0,0,0,0,0,0.0,0.2,3,0
99,42,49,7,0,0,6,0,0,0,0,10,3,0,1,0,0,0,1,0,0,0.10101010101010101,0.15151515151515152,3,1
80,26,46,3,1,0,4,0,1,0,0,21,2,0,1,0,0,1,2,0,0,0.2625,0.175,2,1
30,23,0,2,0,0,2,0,0,0,0,3,1,0,0,0,0,0,0,0,0,0.1,0.16666666666666666,3,1
59,19,32,2,1,0,7,0,0,0,0,1,1,0,1,0,0,0,0,0,0,0.01694915254237288,0.1864406779661017,3,1
47,17,23,2,0,0,4,0,0,0,0,3,1,0,0,0,0,0,0,0,0,0.06382978723404255,0.14893617021276595,3,1
49,13,19,3,0,1,3,1,1,0,0,1,1,0,1,0,0,0,0,0,0,0.02040816326530612,0.20408163265306123,4,1
43,18,6,2,0,0,3,1,1,0,0,3,1,0,1,0,0,0,0,0,0,0.06976744186046512,0.18604651162790697,3,0
20,6,6,1,0,0,3,0,0,0,0,2,0,0,1,0,0,0,0,0,0,0.1,0.25,2,1
86,16,63,2,1,0,9,0,0,0,0,0,0,0,0,0,0,0,0,1,0,0.0,0.1511627906976744,3,1
60,19,33,2,0,2,6,0,1,0,0,5,1,0,1,0,0,0,0,0,0,0.08333333333333333,0.2,3,0
25,11,6,2,0,0,3,0,0,0,0,0,1,0,1,0,0,0,0,0,0,0.0,0.24,3,0
33,13,12,2,0,0,4,0,0,0,0,0,1,0,1,0,0,0,0,0,0,0.0,0.21212121212121213,3,0
34,17,9,2,0,0,3,0,0,0,0,0,1,0,1,0,0,0,0,1,0,0.0,0.17647058823529413,3,0
101,18,75,3,4,0,11,0,0,0,0,0,1,0,1,0,0,0,0,0,0,0.0,0.18811881188118812,3,1
37,14,15,2,1,0,3,0,0,0,0,0,1,0,1,0,0,0,1,0,0,0.0,0.1891891891891892,3,0
51,10,33,1,0,2,6,0,1,0,0,5,0,0,1,0,0,0,0,0,0,0.09803921568627451,0.21568627450980393,3,0
31,15,8,2,0,0,3,0,0,0,0,0,1,0,1,0,0,0,0,0,0,0.0,0.1935483870967742,3,0
63,55,1,1,6,0,3,0,0,0,0,0,0,0,0,0,0,1,2,0,0,0.0,0.1746031746031746,3,1
36,17,11,3,0,0,3,0,0,0,0,0,1,0,1,0,0,0,0,1,0,0.0,0.19444444444444445,3,1
37,21,8,2,0,0,3,0,0,0,0,0,1,0,1,0,0,0,0,1,0,0.0,0.16216216216216217,3,0
28,13,7,2,0,0,3,0,0,0,0,0,1,0,1,0,0,0,0,0,0,0.0,0.21428571428571427,3,0
50,10,32,1,3,0,5,0,0,0,0,0,0,0,1,0,0,0,0,0,0,0.0,0.2,3,0
30,13,9,2,0,0,3,0,0,0,0,0,1,0,1,0,0,0,0,0,0,0.0,0.2,3,0
33,24,1,2,1,0,3,0,0,0,0,0,1,0,1,0,0,1,0,0,0,0.0,0.21212121212121213,3,1
33,10,15,1,0,0,4,0,0,0,0,4,0,0,1,0,0,0,0,1,0,0.12121212121212122,0.18181818181818182,3,0
63,16,39,2,0,0,7,0,0,0,0,0,1,0,1,0,0,0,0,0,0,0.0,0.15873015873015872,2,1
42,17,6,2,0,0,3,1,1,0,0,3,1,0,1,0,0,0,0,0,0,0.07142857142857142,0.19047619047619047,3,0
34,25,1,2,1,0,3,0,0,0,0,0,1,0,1,0,0,1,0,0,0,0.0,0.20588235294117646,2,1
45,15,23,2,2,0,5,0,0,0,0,0,1,0,0,0,0,1,0,0,0,0.0,0.2222222222222222,2,1
30,15,7,2,0,0,3,0,0,0,0,0,1,0,1,0,0,0,0,1,0,0.0,0.2,3,0
41,19,14,3,1,0,4,0,0,0,0,0,2,0,1,0,0,0,0,1,0,0.0,0.21951219512195122,3,0
34,19,7,2,0,0,3,0,0,0,0,0,1,0,1,0,0,0,0,0,0,0.0,0.17647058823529413,3,0
33,19,6,2,0,0,3,0,0,0,0,0,1,0,1,0,0,0,0,0,0,0.0,0.18181818181818182,3,0
37,14,15,1,1,0,3,0,0,0,0,0,0,0,1,0,0,0,1,1,0,0.0,0.16216216216216217,3,0
65,13,37,3,0,0,7,1,1,0,0,4,0,0,0,0,0,0,1,0,0,0.06153846153846154,0.2,3,1
65,23,6,4,0,1,4,1,1,1,0,3,0,0,1,0,0,0,0,0,0,0.046153846153846156,0.2,3,1
570,20,82,12,3,2,5,1,14,0,14,113,0,0,1,0,0,1,2,0,0,0.19824561403508772,0.1649122807017544,2,1
22,13,1,2,0,0,3,0,0,0,0,0,1,0,1,0,0,0,0,0,0,0.0,0.2727272727272727,3,0
115,12,96,1,12,0,7,0,0,0,0,22,0,0,0,0,0,0,0,0,0,0.19130434782608696,0.1826086956521739,3,0
21,13,0,1,0,0,2,0,0,0,0,0,0,0,1,0,0,0,0,0,0,0.0,0.19047619047619047,3,1
50,15,28,5,0,0,6,0,0,0,0,0,0,0,0,0,0,0,0,0,0,0.0,0.24,3,1
39,16,15,2,0,0,4,0,0,0,0,4,1,0,1,0,0,0,0,1,0,0.10256410256410256,0.1794871794871795,3,0
33,13,12,2,0,0,4,0,0,0,0,0,1,0,1,0,0,0,0,0,0,0.0,0.21212121212121213,3,0
83,24,23,2,0,0,6,1,1,1,0,0,0,0,0,0,0,0,0,0,0,0.0,0.14457831325301204,3,1
126,15,104,4,0,1,5,0,0,0,0,22,0,0,0,0,0,0,0,0,0,0.1746031746031746,0.15873015873015872,2,0
42,19,15,3,0,0,4,0,0,0,0,4,2,0,1,0,0,0,0,1,0,0.09523809523809523,0.19047619047619047,3,0
234,43,183,2,28,0,7,0,0,0,0,25,1,0,1,0,0,1,0,0,0,0.10683760683760683,0.1623931623931624,4,1
142,12,57,9,0,0,4,1,1,0,0,20,0,0,0,0,0,0,0,0,0,0.14084507042253522,0.1267605633802817,3,0
60,19,33,2,0,2,6,0,1,0,0,5,1,0,1,0,0,0,0,0,0,0.08333333333333333,0.2,3,0
21,7,7,1,0,0,3,0,0,0,0,2,0,0,0,0,0,0,0,0,0,0.09523809523809523,0.23809523809523808,2,1
123,9,10,5,0,1,8,2,4,0,2,16,0,0,0,0,0,0,0,0,0,0.13008130081300814,0.21138211382113822,2,0
25,16,1,2,0,0,3,0,0,0,0,0,1,0,1,0,0,0,0,0,0,0.0,0.24,3,0
22,6,8,1,0,0,3,0,0,0,0,2,0,0,1,0,0,0,0,0,1,0.09090909090909091,0.22727272727272727,2,1
58,13,37,2,4,0,5,0,0,0,0,4,1,0,1,0,0,0,0,1,0,0.06896551724137931,0.20689655172413793,3,0
98,11,80,1,0,0,4,0,0,0,0,12,0,0,0,0,0,0,0,0,0,0.12244897959183673,0.061224489795918366,3,1
32,15,9,2,0,0,3,0,0,0,0,0,1,0,1,0,0,0,0,1,0,0.0,0.1875,3,0
42,29,6,6,0,0,3,0,0,0,0,1,5,0,0,0,0,0,0,0,0,0.023809523809523808,0.23809523809523808,2,1
132,16,24,3,1,3,4,1,1,0,0,7,1,0,1,0,0,0,0,0,0,0.05303030303030303,0.10606060606060606,3,1
24,9,7,1,0,0,3,0,0,0,0,0,0,0,1,0,0,0,0,0,0,0.0,0.20833333333333334,2,0
92,14,33,3,4,0,6,1,1,1,0,1,0,0,0,0,0,0,0,0,0,0.010869565217391304,0.18478260869565216,2,1
29,12,9,2,0,0,3,0,0,0,0,0,1,0,1,0,0,0,0,0,0,0.0,0.20689655172413793,2,1
41,32,1,2,0,0,3,0,0,0,0,4,1,0,1,0,0,0,0,0,0,0.0975609756097561,0.14634146341463414,3,1
57,12,37,1,4,0,5,0,0,0,0,4,0,0,1,0,0,0,0,1,0,0.07017543859649122,0.19298245614035087,3,0
32,14,10,2,0,0,6,0,0,0,0,1,1,0,1,0,0,0,0,0,0,0.03125,0.28125,3,0
26,17,1,2,0,0,3,0,0,0,0,0,1,0,1,0,0,0,0,0,0,0.0,0.23076923076923078,3,0
51,22,22,2,0,0,7,0,0,0,0,0,1,0,0,0,0,0,1,0,0,0.0,0.19607843137254902,2,1
47,24,1,2,1,0,3,1,1,0,0,0,1,0,0,0,0,1,0,0,0,0.0,0.19148936170212766,4,1
73,18,48,2,0,0,5,0,0,0,0,16,0,0,0,0,0,0,0,0,0,0.2191780821917808,0.1095890410958904,3,1
58,13,38,1,1,0,7,0,0,0,0,0,0,0,0,0,0,0,0,1,0,0.0,0.1724137931034483,3,1
23,9,6,1,0,0,3,0,0,0,0,0,0,0,1,0,0,0,2,0,0,0.0,0.21739130434782608,3,0
38,15,15,2,1,0,3,0,0,0,0,0,1,0,1,0,0,0,1,0,0,0.0,0.18421052631578946,3,0
42,18,16,3,0,0,4,0,0,0,0,0,0,0,1,0,0,0,0,0,0,0.0,0.19047619047619047,3,1
28,14,6,2,0,0,3,0,0,0,0,0,1,0,1,0,0,0,1,0,0,0.0,0.21428571428571427,3,0
54,22,24,1,0,1,5,0,0,0,0,4,0,0,1,0,0,0,1,1,0,0.07407407407407407,0.14814814814814814,2,1
31,14,9,2,0,0,3,0,0,0,0,0,1,0,1,0,0,0,0,0,0,0.0,0.1935483870967742,3,0
31,14,9,2,0,0,3,0,0,0,0,0,1,0,1,0,0,0,0,0,0,0.0,0.1935483870967742,3,0
44,19,6,2,0,0,3,1,1,0,0,3,1,0,1,0,0,0,0,0,0,0.06818181818181818,0.18181818181818182,3,0
32,14,10,2,0,0,6,0,0,0,0,1,1,0,1,0,0,0,0,0,0,0.03125,0.28125,3,0
36,18,10,2,0,0,6,0,0,0,0,1,1,0,1,0,0,0,0,0,0,0.027777777777777776,0.25,3,0
29,11,10,1,1,0,3,0,0,0,0,0,0,0,1,0,0,0,0,0,1,0.0,0.20689655172413793,3,1
83,21,55,3,0,0,4,0,0,0,0,23,1,0,0,0,0,0,0,0,0,0.27710843373493976,0.0963855421686747,2,1
50,22,21,2,0,0,6,0,0,0,0,0,1,0,0,0,0,0,1,0,0,0.0,0.18,2,1
42,14,20,2,0,0,5,0,0,0,0,0,1,0,1,0,0,0,0,0,0,0.0,0.19047619047619047,3,0
30,12,10,1,0,0,4,0,0,0,0,0,0,0,1,0,0,0,0,0,0,0.0,0.2,3,1
37,16,14,2,0,0,5,0,0,0,0,0,1,0,0,0,0,0,0,0,0,0.0,0.21621621621621623,2,1
58,50,1,2,5,0,3,0,0,0,0,0,1,0,0,0,0,1,0,1,0,0.0,0.1896551724137931,3,1
56,16,32,2,3,0,5,0,0,0,0,0,1,0,1,0,0,0,0,1,0,0.0,0.19642857142857142,3,0
48,26,15,1,2,0,3,0,0,0,0,1,0,0,0,0,0,1,0,0,0,0.020833333333333332,0.14583333333333334,3,1
64,10,46,1,0,0,6,0,0,0,0,17,0,0,1,0,0,0,0,0,0,0.265625,0.125,2,1
46,28,10,5,0,0,3,0,0,0,0,0,3,0,1,0,0,0,1,0,0,0.0,0.1956521739130435,3,1
29,13,9,1,0,0,4,0,0,0,0,0,0,0,0,0,0,0,0,0,0,0.0,0.20689655172413793,5,1
144,15,15,2,2,0,6,1,3,0,1,0,0,0,0,0,0,0,0,1,0,0.0,0.11805555555555555,3,1
135,14,85,3,2,2,11,1,2,0,1,5,0,0,1,0,0,0,3,0,0,0.037037037037037035,0.17037037037037037,3,1
43,18,17,1,1,0,4,0,0,0,0,3,0,0,1,0,0,1,0,0,0,0.06976744186046512,0.16279069767441862,3,1
29,15,6,1,0,0,3,0,0,0,0,0,0,0,1,0,0,0,0,0,0,0.0,0.1724137931034483,3,0
35,27,1,2,2,0,3,0,0,0,0,0,1,0,0,0,0,1,0,0,0,0.0,0.22857142857142856,3,1
26,9,9,2,0,0,3,0,0,0,0,0,1,0,1,0,0,0,0,0,0,0.0,0.23076923076923078,3,0
162,14,33,2,2,0,10,1,3,0,1,27,0,0,1,0,0,0,1,0,0,0.16666666666666666,0.12962962962962962,3,1
39,31,1,2,1,0,3,0,0,0,0,0,1,0,0,0,0,1,0,1,0,0.0,0.1794871794871795,3,1
29,7,14,1,1,0,4,0,0,0,0,0,0,0,1,0,0,0,0,0,0,0.0,0.2413793103448276,3,0
45,21,17,2,1,0,5,0,0,0,0,0,1,0,0,0,0,0,0,0,0,0.0,0.2,3,1
33,15,10,2,0,0,6,0,0,0,0,1,1,0,1,0,0,0,0,0,0,0.030303030303030304,0.2727272727272727,3,0
30,13,10,4,0,0,4,0,0,0,0,11,2,1,0,0,0,0,0,0,0,0.36666666666666664,0.3,3,1
31,17,6,2,0,0,3,0,0,0,0,0,1,0,1,0,0,0,1,0,0,0.0,0.1935483870967742,3,0
99,15,76,2,0,4,7,0,0,0,0,3,1,0,1,0,0,0,0,1,0,0.030303030303030304,0.1414141414141414,3,1
96,31,58,3,0,0,7,0,0,0,0,18,1,0,0,0,0,0,0,0,0,0.1875,0.11458333333333333,3,1
61,19,14,2,2,0,4,1,1,0,0,6,0,0,1,0,0,1,0,0,0,0.09836065573770492,0.18032786885245902,2,1
54,14,33,1,1,0,6,0,0,0,0,0,0,0,0,0,0,0,0,0,0,0.0,0.16666666666666666,3,1
36,14,14,2,1,0,4,0,0,0,0,0,1,0,1,0,0,0,0,0,0,0.0,0.2222222222222222,3,0
68,23,37,2,4,0,5,0,0,0,0,4,1,0,1,0,0,0,0,0,0,0.058823529411764705,0.17647058823529413,3,0
44,14,22,2,0,1,4,0,0,0,0,0,1,0,1,0,0,0,0,0,0,0.0,0.18181818181818182,3,0
53,14,31,2,1,0,5,0,0,0,0,0,0,0,1,0,0,0,2,0,0,0.0,0.16981132075471697,3,1
205,15,17,3,0,1,4,1,3,0,2,84,1,0,0,0,0,0,1,0,0,0.4097560975609756,0.08292682926829269,2,1
89,26,55,2,0,0,5,0,0,0,0,16,0,0,1,0,0,0,0,0,0,0.1797752808988764,0.0898876404494382,3,1
65,20,37,2,4,0,5,0,0,0,0,4,1,0,1,0,0,0,0,0,0,0.06153846153846154,0.18461538461538463,3,0
49,19,22,1,0,1,4,0,0,0,0,0,0,0,1,0,0,0,0,0,0,0.0,0.14285714285714285,3,0
47,26,13,2,0,0,4,0,0,0,0,0,1,0,1,0,0,0,0,0,0,0.0,0.14893617021276595,2,1
37,14,15,2,1,0,3,0,0,0,0,0,1,0,1,0,0,0,1,0,0,0.0,0.1891891891891892,3,0
67,17,1,1,0,0,3,0,1,0,0,7,0,0,1,0,0,0,0,0,0,0.1044776119402985,0.1044776119402985,2,1
62,30,24,2,0,1,6,0,0,0,0,3,1,0,1,0,1,0,0,0,0,0.04838709677419355,0.16129032258064516,2,1
29,14,7,2,0,0,3,0,0,0,0,0,1,0,1,0,0,0,0,0,0,0.0,0.20689655172413793,3,0
136,33,69,3,1,1,10,1,2,0,1,11,1,0,1,0,0,0,1,0,0,0.08088235294117647,0.15441176470588236,3,1
45,15,22,3,0,0,5,0,0,0,0,1,1,0,1,0,0,0,0,0,0,0.022222222222222223,0.2,3,0
288,34,58,3,1,4,7,1,4,0,3,64,1,0,1,0,0,1,0,0,0,0.2222222222222222,0.11458333333333333,3,1
35,15,12,2,0,0,4,0,0,0,0,0,1,0,1,0,0,0,0,0,0,0.0,0.2,3,0
67,12,20,2,0,0,4,1,2,0,1,10,0,0,1,0,0,0,0,0,0,0.14925373134328357,0.16417910447761194,2,1
31,14,9,2,0,0,3,0,0,0,0,0,1,0,1,0,0,0,0,0,0,0.0,0.1935483870967742,3,0
90,20,53,2,1,1,5,1,1,0,0,4,1,0,1,0,0,0,0,0,0,0.044444444444444446,0.15555555555555556,3,1
59,14,37,1,1,0,7,0,0,0,0,4,0,0,1,0,0,0,1,0,0,0.06779661016949153,0.1694915254237288,3,1
34,26,0,2,1,0,2,0,0,0,0,0,1,0,1,0,0,1,0,0,0,0.0,0.17647058823529413,3,1
73,27,39,1,0,0,6,0,0,0,0,6,0,0,0,0,0,0,0,1,0,0.0821917808219178,0.1095890410958904,2,1
95,15,73,1,3,2,6,0,0,0,0,8,0,0,0,0,0,0,0,0,0,0.08421052631578947,0.1368421052631579,3,0
89,81,1,8,1,0,3,0,0,0,0,22,7,0,0,0,0,1,3,1,0,0.24719101123595505,0.14606741573033707,2,1
34,16,10,2,0,0,6,0,0,0,0,1,1,0,1,0,0,0,0,0,0,0.029411764705882353,0.2647058823529412,3,0
42,19,15,1,0,0,5,0,0,0,0,0,0,0,1,0,0,0,0,0,0,0.0,0.16666666666666666,3,1
43,14,21,1,0,0,5,0,0,0,0,4,0,0,1,0,0,0,0,0,0,0.09302325581395349,0.16279069767441862,2,1
242,12,57,2,0,1,7,1,3,0,2,92,0,0,0,0,0,0,1,1,0,0.38016528925619836,0.07851239669421488,3,1
47,29,1,3,0,0,3,1,0,0,0,12,2,0,1,0,0,0,0,0,0,0.2553191489361702,0.1702127659574468,4,1
50,12,31,6,0,0,6,0,0,0,0,11,1,0,0,0,1,0,0,0,0,0.22,0.26,3,1
58,19,31,2,1,0,6,0,0,0,0,1,1,0,1,0,0,0,0,0,0,0.017241379310344827,0.1724137931034483,3,1
107,25,44,3,0,3,4,1,1,1,0,6,0,0,1,0,0,0,0,0,0,0.056074766355140186,0.1308411214953271,3,1
20,11,1,2,0,0,3,0,0,0,0,0,1,0,1,0,0,0,0,0,0,0.0,0.3,2,0
40,10,22,2,0,0,5,0,0,0,0,1,0,0,1,0,0,0,0,0,0,0.025,0.2,3,0
103,7,89,1,12,0,5,0,0,0,0,5,0,0,0,0,0,0,0,0,0,0.04854368932038835,0.18446601941747573,3,0
40,15,6,2,0,0,3,1,1,0,0,3,1,0,1,0,0,0,0,0,0,0.075,0.2,3,0
24,9,7,1,0,0,3,0,0,0,0,0,0,0,1,0,0,0,0,0,0,0.0,0.20833333333333334,3,0
44,22,15,2,1,0,3,0,0,0,0,3,0,0,0,0,0,1,1,0,0,0.06818181818181818,0.1590909090909091,3,1
105,13,84,7,0,0,7,0,0,0,0,13,0,0,1,0,0,0,0,0,0,0.12380952380952381,0.14285714285714285,3,1
33,16,9,2,0,0,3,0,0,0,0,0,1,0,1,0,0,0,0,0,0,0.0,0.18181818181818182,3,0
28,15,6,1,0,0,4,0,0,0,0,1,0,0,0,0,0,0,0,0,0,0.03571428571428571,0.21428571428571427,2,1
94,13,74,2,11,0,4,0,0,0,0,6,0,0,0,0,0,0,0,0,0,0.06382978723404255,0.19148936170212766,2,0
41,12,22,3,0,0,5,0,0,0,0,0,1,0,0,0,0,0,0,0,0,0.0,0.21951219512195122,2,1
24,16,0,2,0,0,2,0,0,0,0,0,1,0,1,0,0,0,0,0,0,0.0,0.20833333333333334,3,0
57,16,33,2,0,2,6,0,1,0,0,5,1,0,1,0,0,0,0,0,0,0.08771929824561403,0.21052631578947367,3,0
35,15,12,2,0,0,4,0,0,0,0,0,1,0,1,0,0,0,0,0,0,0.0,0.2,3,0
117,6,104,1,16,0,5,0,0,0,0,6,0,0,0,0,0,0,0,0,0,0.05128205128205128,0.19658119658119658,3,0
38,15,15,2,1,0,3,0,0,0,0,0,1,0,1,0,0,0,1,0,0,0.0,0.18421052631578946,3,0
45,17,20,2,0,0,5,0,0,0,0,0,1,0,1,0,0,0,0,1,0,0.0,0.17777777777777778,3,0
38,18,12,2,0,0,4,0,0,0,0,0,1,0,1,0,0,0,0,0,0,0.0,0.18421052631578946,3,0
40,10,22,1,0,1,4,0,0,0,0,0,0,0,1,0,0,0,0,0,0,0.0,0.175,3,0
39,31,1,2,2,0,3,0,0,0,0,4,1,0,0,0,0,1,0,0,0,0.10256410256410256,0.20512820512820512,3,1
30,14,8,2,0,0,3,0,0,0,0,0,1,0,1,0,0,0,0,0,0,0.0,0.2,3,0
62,17,20,3,1,0,4,1,2,0,1,0,1,0,0,0,0,0,0,0,0,0.0,0.22580645161290322,3,1
44,27,9,3,0,0,3,0,0,0,0,0,1,0,1,0,0,0,1,0,0,0.0,0.1590909090909091,3,1
57,19,31,2,2,0,6,0,0,0,0,0,0,0,0,0,0,1,1,0,0,0.0,0.19298245614035087,3,1
19,4,6,1,0,0,3,1,0,0,0,0,0,0,1,0,0,0,0,0,0,0.0,0.3157894736842105,2,1
25,16,1,2,0,0,3,0,0,0,0,0,1,0,1,0,0,0,0,0,0,0.0,0.24,3,0
35,13,14,1,1,0,4,0,0,0,0,0,0,0,1,0,0,0,0,0,0,0.0,0.2,3,0
62,18,36,3,0,0,5,1,0,0,0,4,1,0,0,0,0,0,0,0,0,0.06451612903225806,0.16129032258064516,2,1
39,17,14,2,1,0,4,0,0,0,0,0,1,0,1,0,0,0,0,0,0,0.0,0.20512820512820512,2,0
33,20,6,1,0,0,4,0,0,0,0,0,0,0,0,0,0,0,0,0,0,0.0,0.18181818181818182,3,1
34,18,8,2,0,0,3,0,0,0,0,0,1,0,1,0,0,0,0,0,0,0.0,0.17647058823529413,3,0
35,15,12,2,0,0,4,0,0,0,0,0,1,0,1,0,0,0,0,0,0,0.0,0.2,3,0
52,15,30,4,1,0,5,0,0,0,0,1,2,0,0,0,0,0,0,0,0,0.019230769230769232,0.21153846153846154,2,1
21,7,6,1,0,0,3,0,0,0,0,0,0,0,1,0,0,0,0,0,0,0.0,0.23809523809523808,2,1
44,14,22,2,0,1,4,0,0,0,0,0,1,0,1,0,0,0,0,0,0,0.0,0.18181818181818182,3,0
43,23,12,2,0,0,4,0,0,0,0,0,1,0,1,0,0,0,0,0,0,0.0,0.16279069767441862,3,0
69,34,27,4,0,1,3,0,0,0,0,0,2,0,1,0,0,0,0,0,0,0.0,0.13043478260869565,3,1
95,17,71,2,1,0,15,0,0,0,0,1,0,0,0,0,0,0,0,0,0,0.010526315789473684,0.2,3,1
55,25,22,2,0,1,4,0,0,0,0,0,1,0,1,0,0,0,0,0,0,0.0,0.14545454545454545,3,0
52,7,37,1,4,0,5,0,0,0,0,4,0,0,1,0,0,0,0,0,0,0.07692307692307693,0.21153846153846154,3,0
98,13,78,1,0,3,6,0,0,0,0,19,0,0,0,0,0,0,0,0,0,0.19387755102040816,0.11224489795918367,3,0
43,15,20,2,0,0,5,0,0,0,0,0,1,0,1,0,0,0,0,0,0,0.0,0.18604651162790697,3,0
57,17,32,2,3,0,5,0,0,0,0,0,1,0,1,0,0,0,0,0,0,0.0,0.19298245614035087,3,0
61,28,25,1,2,0,5,0,0,0,0,0,0,0,1,0,0,1,0,0,0,0.0,0.14754098360655737,3,1
33,10,15,1,0,0,4,0,0,0,0,4,0,0,1,0,0,0,0,0,0,0.12121212121212122,0.18181818181818182,3,0
26,18,1,1,1,0,3,0,0,0,0,1,0,0,0,0,0,1,0,0,0,0.038461538461538464,0.23076923076923078,3,1
43,13,22,2,0,1,4,0,0,0,0,0,1,0,1,0,0,0,0,0,0,0.0,0.18604651162790697,3,0
104,10,41,1,3,3,7,1,1,0,0,14,0,0,0,0,0,0,0,0,0,0.1346153846153846,0.20192307692307693,2,0
79,16,56,3,0,0,9,0,0,0,0,8,0,0,0,0,0,0,0,0,0,0.10126582278481013,0.16455696202531644,3,1
31,15,8,2,0,0,3,0,0,0,0,0,1,0,1,0,0,0,0,0,0,0.0,0.1935483870967742,3,0
79,21,50,4,2,0,6,0,0,0,0,0,0,0,1,0,0,0,0,1,0,0.0,0.16455696202531644,3,1
28,14,6,2,0,0,3,0,0,0,0,0,1,0,1,0,0,0,1,0,0,0.0,0.21428571428571427,3,0
58,20,30,2,1,0,6,0,0,0,0,1,1,0,1,0,0,0,0,0,0,0.017241379310344827,0.1724137931034483,2,1
65,14,16,4,0,0,4,1,1,1,0,0,0,0,1,0,0,0,0,0,0,0.0,0.18461538461538463,3,1
44,15,21,1,0,0,6,0,0,0,0,0,0,0,1,0,0,0,0,0,0,0.0,0.18181818181818182,2,1
160,11,4,2,6,3,3,1,3,0,2,31,0,0,0,0,0,0,0,0,0,0.19375,0.175,2,0
23,10,5,2,0,0,3,0,0,0,0,0,1,0,1,0,0,0,0,0,0,0.0,0.2608695652173913,3,0
23,15,0,2,0,0,2,0,0,0,0,0,1,0,1,0,0,0,0,0,0,0.0,0.21739130434782608,3,0
43,13,22,3,0,0,5,0,0,0,0,1,1,0,1,0,0,0,0,0,0,0.023255813953488372,0.20930232558139536,3,0
111,15,76,2,0,1,7,1,1,0,0,5,1,0,1,0,0,0,0,1,0,0.04504504504504504,0.11711711711711711,3,1
107,33,65,3,1,0,10,1,0,0,0,13,1,0,1,0,0,0,1,0,0,0.12149532710280374,0.14953271028037382,3,1
30,10,12,1,0,0,3,0,0,0,0,0,0,0,1,0,0,0,0,0,1,0.0,0.16666666666666666,2,1
170,14,47,8,3,0,8,2,2,0,1,20,0,0,0,0,0,0,1,0,0,0.11764705882352941,0.17058823529411765,2,1
30,15,7,2,0,0,3,0,0,0,0,0,1,0,1,0,0,0,0,0,0,0.0,0.2,3,0
30,16,6,2,0,0,3,0,0,0,0,0,1,0,1,0,0,0,0,0,0,0.0,0.2,3,0
90,9,1,1,0,0,3,1,1,0,0,26,0,0,0,0,0,0,0,0,0,0.28888888888888886,0.3111111111111111,2,0
35,19,8,2,0,0,3,0,0,0,0,0,1,0,1,0,0,0,0,0,0,0.0,0.17142857142857143,3,0
77,17,52,3,3,0,7,0,0,0,0,0,1,0,1,0,0,0,1,0,0,0.0,0.18181818181818182,2,1
63,19,37,3,1,0,7,0,0,0,0,0,1,0,0,0,0,0,0,0,0,0.0,0.19047619047619047,2,1
23,14,1,2,0,0,3,0,0,0,0,0,1,0,1,0,0,0,0,0,0,0.0,0.2608695652173913,3,0
33,19,6,2,0,0,3,0,0,0,0,0,1,0,1,0,0,0,1,0,0,0.0,0.18181818181818182,3,0
34,26,1,4,0,0,3,0,0,0,0,11,3,0,0,0,0,0,0,0,0,0.3235294117647059,0.23529411764705882,3,1
29,15,6,2,0,0,3,0,0,0,0,0,1,0,1,0,0,0,1,0,0,0.0,0.20689655172413793,3,0
36,18,10,2,0,0,6,0,0,0,0,1,1,0,1,0,0,0,0,0,0,0.027777777777777776,0.25,3,0
24,16,0,1,0,0,2,0,0,0,0,0,0,0,1,0,0,0,0,0,0,0.0,0.16666666666666666,3,1
111,15,66,1,9,0,4,1,2,0,1,7,0,0,0,0,0,0,0,0,0,0.06306306306306306,0.17117117117117117,3,0
87,12,54,1,3,0,6,1,1,0,0,8,0,0,0,0,0,0,0,0,0,0.09195402298850575,0.14942528735632185,3,0
32,4,20,1,0,0,3,0,0,0,0,4,0,0,1,0,0,0,0,0,0,0.125,0.15625,2,1
89,38,44,3,5,0,5,0,0,0,0,6,1,0,0,0,0,1,0,0,0,0.06741573033707865,0.15730337078651685,3,1
132,16,24,3,0,2,4,1,1,0,0,4,1,0,1,0,0,0,0,0,0,0.030303030303030304,0.09090909090909091,3,1
49,19,22,2,0,1,4,0,0,0,0,0,1,0,1,0,0,0,0,0,0,0.0,0.16326530612244897,3,0
152,18,53,2,3,0,9,1,2,0,0,20,0,0,1,0,0,0,2,1,0,0.13157894736842105,0.11842105263157894,3,1
51,14,30,2,0,0,5,0,0,0,0,0,0,0,0,0,0,0,0,1,0,0.0,0.1568627450980392,3,1
46,21,6,2,0,0,3,1,1,0,0,3,1,0,1,0,0,0,0,0,0,0.06521739130434782,0.17391304347826086,3,0
36,13,15,1,1,0,3,0,0,0,0,0,0,0,1,0,0,0,1,0,0,0.0,0.16666666666666666,3,0
99,15,76,2,0,1,7,0,0,0,0,8,1,0,1,0,0,0,0,1,0,0.08080808080808081,0.1111111111111111,3,1
49,19,22,3,0,0,5,0,0,0,0,1,1,0,1,0,0,0,0,0,0,0.02040816326530612,0.1836734693877551,3,0
41,23,11,2,1,0,3,0,0,0,0,4,1,0,0,0,0,1,0,0,0,0.0975609756097561,0.17073170731707318,4,1
30,13,9,2,0,0,3,0,0,0,0,0,1,0,1,0,0,0,0,0,0,0.0,0.2,3,0
26,10,8,2,0,0,3,0,0,0,0,0,1,0,1,0,0,0,0,0,0,0.0,0.23076923076923078,3,0
35,18,9,2,0,0,4,0,0,0,0,0,0,0,1,0,0,0,0,0,0,0.0,0.2,3,1
84,16,46,2,0,1,6,1,1,0,0,6,1,0,1,0,0,0,0,1,0,0.07142857142857142,0.14285714285714285,3,1
63,24,14,2,0,0,4,1,1,0,0,2,0,0,0,0,0,0,0,0,0,0.031746031746031744,0.14285714285714285,3,1
145,11,108,2,13,1,6,1,1,0,0,5,0,0,0,0,0,0,0,0,0,0.034482758620689655,0.1724137931034483,3,0
62,19,36,1,0,0,5,0,0,0,0,0,0,0,0,0,0,0,0,1,0,0.0,0.11290322580645161,3,1
225,13,46,2,0,1,9,1,3,0,2,84,0,0,1,0,0,0,1,0,0,0.37333333333333335,0.08444444444444445,3,1
38,16,14,1,1,0,5,0,0,0,0,0,0,0,1,0,0,1,0,0,0,0.0,0.21052631578947367,2,1
55,33,14,2,0,0,5,0,0,0,0,0,1,0,1,0,0,0,1,0,0,0.0,0.14545454545454545,2,1
37,12,6,1,0,0,3,1,1,0,0,3,0,0,1,0,0,0,0,0,0,0.08108108108108109,0.1891891891891892,3,0
26,11,7,2,0,0,3,0,0,0,0,0,1,0,1,0,0,0,0,0,0,0.0,0.23076923076923078,3,0
33,10,15,1,0,0,4,0,0,0,0,4,0,0,1,0,0,0,0,0,0,0.12121212121212122,0.18181818181818182,3,0
34,11,15,1,1,0,3,0,0,0,0,0,0,0,1,0,0,0,1,0,0,0.0,0.17647058823529413,3,0
41,23,10,2,0,0,4,0,0,0,0,1,1,0,1,0,0,0,0,0,0,0.024390243902439025,0.17073170731707318,3,1
31,15,8,2,0,0,3,0,0,0,0,0,1,0,1,0,0,0,0,0,0,0.0,0.1935483870967742,3,0
140,12,57,11,0,0,4,1,1,0,0,24,0,0,0,0,0,0,0,0,0,0.17142857142857143,0.14285714285714285,3,0
33,11,14,2,1,0,4,0,0,0,0,0,1,0,1,0,0,0,0,0,0,0.0,0.24242424242424243,3,0
40,32,1,2,1,0,3,0,0,0,0,3,1,0,0,0,0,1,0,0,0,0.075,0.175,3,1
86,6,73,1,8,0,5,0,0,0,0,8,0,0,0,0,0,0,0,0,0,0.09302325581395349,0.1744186046511628,2,0
26,12,6,2,0,0,3,0,0,0,0,0,1,0,1,0,0,0,0,0,0,0.0,0.23076923076923078,3,0
34,25,1,2,3,0,3,0,0,0,0,0,1,0,1,0,0,1,0,0,0,0.0,0.2647058823529412,7,1
27,14,5,2,0,0,3,0,0,0,0,0,1,0,1,0,0,0,0,0,0,0.0,0.2222222222222222,3,0
41,24,10,2,0,0,4,0,0,0,0,0,1,0,0,0,0,0,0,0,0,0.0,0.17073170731707318,3,1
223,10,48,2,2,1,8,1,3,0,2,60,0,0,0,0,0,0,1,0,0,0.26905829596412556,0.08968609865470852,3,1
30,16,6,2,0,0,3,0,0,0,0,0,1,0,1,0,0,0,0,0,0,0.0,0.2,3,0
235,18,44,2,1,1,6,1,3,0,2,92,0,0,0,0,0,0,1,1,0,0.39148936170212767,0.08085106382978724,3,1
38,13,6,2,0,0,3,1,1,0,0,3,1,0,1,0,0,0,0,0,0,0.07894736842105263,0.21052631578947367,3,0
36,28,1,2,0,0,3,0,0,0,0,0,1,0,0,0,0,0,1,0,0,0.0,0.16666666666666666,3,1
26,13,5,2,0,0,3,0,0,0,0,0,1,0,1,0,0,0,0,0,0,0.0,0.23076923076923078,3,0
44,16,20,2,0,0,5,0,0,0,0,0,1,0,1,0,0,0,0,0,0,0.0,0.18181818181818182,3,0
29,15,6,2,0,0,3,0,0,0,0,0,1,0,1,0,0,0,0,0,0,0.0,0.20689655172413793,3,0
47,11,29,4,0,0,4,0,0,0,0,0,0,0,0,0,0,0,1,0,0,0.0,0.19148936170212766,3,1
60,19,33,3,0,2,6,0,1,0,0,5,2,0,1,0,0,0,0,1,0,0.08333333333333333,0.21666666666666667,3,0
49,21,20,2,0,0,5,0,0,0,0,0,1,0,1,0,0,0,0,1,0,0.0,0.16326530612244897,3,0
21,14,0,1,0,0,2,0,0,0,0,2,0,0,0,0,0,0,0,0,0,0.09523809523809523,0.19047619047619047,3,1
31,15,8,2,0,0,3,0,0,0,0,0,1,0,1,0,0,0,0,0,0,0.0,0.1935483870967742,3,0
56,16,32,2,3,0,5,0,0,0,0,0,1,0,1,0,0,0,0,0,0,0.0,0.19642857142857142,3,0
161,15,15,2,2,0,6,1,11,0,1,4,0,0,1,0,0,0,0,1,0,0.024844720496894408,0.15527950310559005,3,1
32,14,11,2,0,0,3,0,0,0,0,0,0,0,0,0,0,0,0,0,0,0.0,0.1875,3,1
24,10,6,2,0,0,3,0,0,0,0,0,1,0,1,0,0,0,1,0,0,0.0,0.25,3,0
44,14,22,3,0,0,5,0,0,0,0,1,1,0,1,0,0,0,1,1,0,0.022727272727272728,0.20454545454545456,3,0
58,14,37,2,1,0,7,0,0,0,0,6,0,0,0,0,0,0,1,0,0,0.10344827586206896,0.1896551724137931,2,1
39,11,20,2,0,0,5,0,0,0,0,0,1,0,1,0,0,0,0,0,0,0.0,0.20512820512820512,3,0
123,7,66,2,1,0,12,1,1,0,1,2,0,0,0,0,0,0,0,0,0,0.016260162601626018,0.16260162601626016,2,1
25,12,5,2,0,0,3,0,0,0,0,0,1,0,1,0,0,0,0,0,0,0.0,0.24,3,0
102,11,8,5,0,0,15,2,1,0,0,3,0,0,0,0,0,0,1,0,0,0.029411764705882353,0.2549019607843137,2,1
35,13,14,2,1,0,4,0,0,0,0,0,1,0,1,0,0,0,0,0,0,0.0,0.22857142857142856,3,0
30,16,7,1,0,0,3,0,0,0,0,0,0,0,0,0,0,0,0,0,0,0.0,0.16666666666666666,3,1
18,10,1,1,0,0,3,0,0,0,0,0,0,0,0,0,0,0,0,0,0,0.0,0.2777777777777778,4,1
30,16,6,2,0,0,3,0,0,0,0,0,1,0,1,0,0,0,0,0,0,0.0,0.2,3,0
47,17,22,2,0,1,4,0,0,0,0,0,1,0,1,0,0,0,0,1,0,0.0,0.1702127659574468,3,0
34,16,10,2,0,0,6,0,0,0,0,1,1,0,1,0,0,0,0,0,0,0.029411764705882353,0.2647058823529412,3,0
44,21,15,2,0,0,4,0,0,0,0,4,1,0,1,0,0,0,0,1,0,0.09090909090909091,0.1590909090909091,3,0
39,14,6,2,0,0,3,1,1,0,0,3,1,0,1,0,0,0,0,1,0,0.07692307692307693,0.20512820512820512,3,0
38,15,15,2,0,0,4,0,0,0,0,4,1,0,1,0,0,0,0,0,0,0.10526315789473684,0.18421052631578946,3,0
54,22,24,3,0,0,4,0,0,0,0,0,1,0,1,0,0,0,0,1,0,0.0,0.14814814814814814,3,1
41,23,11,2,1,0,5,0,0,0,0,0,1,0,0,0,0,1,0,0,0,0.0,0.21951219512195122,2,1
55,20,27,3,0,0,5,0,0,0,0,0,1,0,1,0,0,0,2,0,0,0.0,0.18181818181818182,2,1
22,13,2,2,0,0,3,0,0,0,0,0,1,0,0,0,0,0,0,0,0,0.0,0.2727272727272727,2,1
35,12,15,2,1,0,3,0,0,0,0,0,1,0,1,0,0,0,1,0,0,0.0,0.2,3,0
44,14,22,2,0,0,4,0,0,0,0,0,0,0,1,0,0,0,0,0,0,0.0,0.1590909090909091,2,1
87,15,65,1,0,0,12,0,0,0,0,20,0,0,0,0,0,0,0,0,0,0.22988505747126436,0.16091954022988506,3,0
183,26,149,2,1,1,6,0,0,0,0,71,1,0,1,0,0,0,0,0,0,0.3879781420765027,0.060109289617486336,3,1
25,17,0,2,0,0,2,0,0,0,0,0,1,0,1,0,0,0,0,1,0,0.0,0.2,3,0
48,24,17,3,0,0,5,0,0,0,0,0,2,0,0,0,0,0,0,0,0,0.0,0.1875,2,1
25,16,1,1,1,0,3,0,0,0,0,0,0,0,1,0,0,1,0,0,0,0.0,0.24,2,1
24,11,5,2,0,0,3,0,0,0,0,0,1,0,1,0,0,0,0,0,0,0.0,0.25,3,0
111,14,90,2,10,0,8,0,0,0,0,8,0,0,0,0,0,0,0,0,0,0.07207207207207207,0.1891891891891892,3,0
42,21,14,2,1,0,4,0,0,0,0,0,1,0,0,0,0,0,2,1,0,0.0,0.19047619047619047,3,1
29,15,6,2,0,0,3,0,0,0,0,0,1,0,1,0,0,0,1,0,0,0.0,0.20689655172413793,3,0
71,25,39,3,0,1,6,0,0,0,0,0,1,0,0,0,0,0,0,0,0,0.0,0.15492957746478872,3,1
33,15,10,2,0,0,6,0,0,0,0,1,1,0,1,0,0,0,0,0,0,0.030303030303030304,0.2727272727272727,3,0
34,14,12,2,0,0,4,0,0,0,0,0,1,0,1,0,0,0,0,0,0,0.0,0.20588235294117646,3,0
71,18,46,3,0,0,5,0,0,0,0,18,1,0,0,0,0,0,0,0,0,0.2535211267605634,0.1267605633802817,2,1
30,14,8,2,0,0,3,0,0,0,0,0,1,0,1,0,0,0,0,0,0,0.0,0.2,3,0
45,17,20,2,0,0,5,0,0,0,0,0,0,0,1,0,0,0,0,0,0,0.0,0.17777777777777778,3,1
46,16,22,2,0,1,4,0,0,0,0,0,1,0,1,0,0,0,0,0,0,0.0,0.17391304347826086,3,0
47,19,20,2,0,0,5,0,0,0,0,0,1,0,1,0,0,0,0,0,0,0.0,0.1702127659574468,3,0
78,32,38,2,4,0,4,0,0,0,0,28,1,0,1,0,0,1,0,0,0,0.358974358974359,0.14102564102564102,2,1
27,9,10,1,0,0,6,0,0,0,0,1,0,0,1,0,0,0,0,0,0,0.037037037037037035,0.2962962962962963,2,0
32,13,11,1,0,0,5,0,0,0,0,0,0,0,1,0,0,0,0,1,0,0.0,0.21875,3,1
45,15,22,3,0,0,5,0,0,0,0,1,1,0,1,0,0,0,0,0,0,0.022222222222222223,0.2,3,0
38,13,6,2,0,0,3,1,1,0,0,3,1,0,1,0,0,0,0,0,0,0.07894736842105263,0.21052631578947367,3,0
35,13,10,4,0,0,3,0,0,0,0,14,2,1,0,1,0,0,0,0,0,0.4,0.2571428571428571,3,1
42,12,22,3,0,0,5,0,0,0,0,1,1,0,1,0,0,0,1,0,0,0.023809523809523808,0.21428571428571427,3,0
38,16,14,1,0,0,4,0,0,0,0,0,0,0,1,0,0,0,0,0,0,0.0,0.15789473684210525,3,1
42,12,22,3,0,0,5,0,0,0,0,1,1,0,1,0,0,0,0,0,0,0.023809523809523808,0.21428571428571427,3,0
29,14,7,1,0,0,4,0,0,0,0,0,0,0,1,0,0,0,0,0,0,0.0,0.20689655172413793,3,1
30,14,8,2,0,0,3,0,0,0,0,0,1,0,1,0,0,0,0,0,0,0.0,0.2,3,0
226,11,33,14,1,0,6,2,6,0,10,62,0,0,0,0,0,0,0,0,0,0.2743362831858407,0.17699115044247787,3,1
25,9,9,1,0,0,4,0,0,0,0,0,0,0,0,0,0,0,0,0,0,0.0,0.24,2,1
162,13,29,2,1,0,5,1,3,0,1,13,0,0,1,0,0,0,0,0,0,0.08024691358024691,0.09259259259259259,3,1
54,19,28,3,1,1,5,0,0,0,0,0,1,0,0,0,0,0,0,0,0,0.0,0.2037037037037037,2,1
38,19,11,3,0,0,3,0,0,0,0,1,1,0,1,0,0,0,1,0,0,0.02631578947368421,0.18421052631578946,3,1
49,35,7,2,0,0,4,0,0,0,0,0,1,0,0,0,0,0,1,0,0,0.0,0.14285714285714285,3,1
64,19,37,2,4,0,5,0,0,0,0,4,1,0,1,0,0,0,0,0,0,0.0625,0.1875,3,0
47,18,22,2,1,0,6,0,0,0,0,3,0,0,0,0,0,1,0,0,0,0.06382978723404255,0.2127659574468085,2,1
33,15,10,2,0,0,6,0,0,0,0,1,1,0,1,0,0,0,0,0,0,0.030303030303030304,0.2727272727272727,3,0
208,10,191,1,5,0,5,0,0,0,0,31,0,0,0,0,0,0,0,0,0,0.14903846153846154,0.33653846153846156,2,0
38,18,12,2,0,0,4,0,0,0,0,0,1,0,1,0,0,0,0,0,0,0.0,0.18421052631578946,3,0
27,14,5,2,0,0,3,0,0,0,0,0,1,0,1,0,0,0,0,0,0,0.0,0.2222222222222222,3,0
35,16,12,2,0,0,5,0,0,0,0,1,1,0,0,0,0,0,0,0,0,0.02857142857142857,0.22857142857142856,6,1
87,6,66,1,1,0,6,1,1,0,0,19,0,0,0,0,0,0,0,0,0,0.21839080459770116,0.3333333333333333,2,0
52,11,33,2,0,2,6,0,1,0,0,5,1,0,1,0,0,0,0,0,0,0.09615384615384616,0.23076923076923078,3,0
173,17,43,4,1,0,6,2,6,0,6,15,2,0,0,0,0,0,1,1,0,0.08670520231213873,0.18497109826589594,2,1
32,17,7,2,0,0,3,0,0,0,0,0,1,0,1,0,0,0,0,1,0,0.0,0.1875,3,0
93,12,74,1,6,0,7,0,0,0,0,10,0,0,0,0,0,0,0,0,0,0.10752688172043011,0.16129032258064516,3,0
26,18,0,2,0,0,2,0,0,0,0,0,1,0,1,0,0,0,0,0,0,0.0,0.19230769230769232,3,0
53,13,32,2,3,0,5,0,0,0,0,0,1,0,1,0,0,0,0,0,0,0.0,0.20754716981132076,3,0
111,24,80,1,1,0,4,0,0,0,0,14,0,0,0,0,0,1,0,0,0,0.12612612612612611,0.06306306306306306,2,1
26,17,1,2,0,0,3,0,0,0,0,1,1,0,1,0,0,0,0,0,0,0.038461538461538464,0.23076923076923078,3,1
43,12,24,1,0,1,6,0,0,0,0,3,0,0,0,0,0,0,0,0,0,0.06976744186046512,0.20930232558139536,3,1
88,18,14,3,1,3,4,1,2,0,1,1,1,0,0,0,0,0,1,0,0,0.011363636363636364,0.18181818181818182,3,1
24,9,8,1,0,0,3,0,0,0,0,2,0,0,0,0,0,0,0,0,0,0.08333333333333333,0.20833333333333334,3,1
43,21,14,2,1,0,4,0,0,0,0,0,1,0,1,0,0,0,0,0,0,0.0,0.18604651162790697,3,0
26,13,5,1,0,0,3,0,0,0,0,0,0,0,1,0,0,0,0,0,0,0.0,0.19230769230769232,3,0
87,13,67,1,0,0,5,0,0,0,0,2,0,0,0,0,0,0,0,0,0,0.022988505747126436,0.1839080459770115,3,0
52,23,21,1,0,0,4,0,0,0,0,2,0,0,1,0,0,0,1,0,0,0.038461538461538464,0.1346153846153846,3,1
37,14,15,2,0,0,4,0,0,0,0,4,1,0,1,0,0,0,0,0,0,0.10810810810810811,0.1891891891891892,3,0
46,16,22,3,0,0,5,0,0,0,0,1,1,0,1,0,0,0,0,1,0,0.021739130434782608,0.1956521739130435,3,0
18,4,6,1,0,0,3,0,0,0,0,1,0,0,1,0,0,0,0,0,0,0.05555555555555555,0.2777777777777778,2,1
84,10,67,1,12,0,3,0,0,0,0,10,0,0,0,0,0,0,0,0,0,0.11904761904761904,0.20238095238095238,3,0
293,43,60,3,5,4,7,1,5,0,3,56,1,0,1,0,0,1,0,0,0,0.19112627986348124,0.11604095563139932,3,1
41,18,15,2,1,0,3,0,0,0,0,0,1,0,1,0,0,0,1,0,0,0.0,0.17073170731707318,3,0
39,16,15,2,1,0,3,0,0,0,0,0,1,0,1,0,0,0,1,0,0,0.0,0.1794871794871795,3,0
33,17,8,2,0,0,3,0,0,0,0,0,1,0,1,0,0,0,0,1,0,0.0,0.18181818181818182,3,0
36,13,15,1,1,0,3,0,0,0,0,0,0,0,1,0,0,0,1,0,0,0.0,0.16666666666666666,3,0
71,35,29,2,1,0,4,0,0,0,0,10,1,0,0,0,0,0,0,0,0,0.14084507042253522,0.1267605633802817,2,1
43,15,20,2,0,0,5,0,0,0,0,0,1,0,1,0,0,0,0,0,0,0.0,0.18604651162790697,3,0
95,15,72,2,1,1,10,0,0,0,0,5,1,0,1,0,0,0,3,0,0,0.05263157894736842,0.15789473684210525,3,1
123,13,28,2,0,2,4,1,5,0,4,21,0,0,0,0,0,0,0,0,0,0.17073170731707318,0.15447154471544716,3,0
35,22,6,2,0,0,3,0,0,0,0,0,1,0,0,0,0,0,1,0,0,0.0,0.17142857142857143,3,1
100,14,79,2,0,7,6,0,0,0,0,3,0,0,0,0,0,0,0,1,0,0.03,0.16,3,1
31,15,8,2,0,0,3,0,0,0,0,0,1,0,1,0,0,0,0,0,0,0.0,0.1935483870967742,3,0
38,10,20,2,0,0,5,0,0,0,0,0,1,0,1,0,0,0,0,0,0,0.0,0.21052631578947367,3,0
59,18,33,2,0,2,6,0,1,0,0,5,1,0,1,0,0,0,0,0,0,0.0847457627118644,0.2033898305084746,3,0
91,24,59,3,1,0,8,0,0,0,0,0,1,0,1,0,0,0,0,0,0,0.0,0.14285714285714285,2,1
95,24,41,7,0,0,4,0,0,1,0,0,2,0,1,0,0,0,0,1,0,0.0,0.14736842105263157,3,1
36,11,17,1,0,0,3,0,0,0,0,8,0,0,1,0,0,0,0,0,0,0.2222222222222222,0.1388888888888889,2,1
39,15,17,2,1,0,5,0,0,0,0,0,1,0,0,0,0,0,0,0,0,0.0,0.23076923076923078,3,1
71,16,48,1,0,0,9,0,0,0,0,0,0,0,0,0,0,0,0,0,0,0.0,0.15492957746478872,4,1
25,11,6,2,0,0,3,0,0,0,0,0,1,0,1,0,0,0,1,0,0,0.0,0.24,3,0
49,26,15,2,0,0,4,0,0,0,0,4,1,0,1,0,0,0,0,0,0,0.08163265306122448,0.14285714285714285,3,0
43,13,22,3,0,0,5,0,0,0,0,1,1,0,1,0,0,0,0,1,0,0.023255813953488372,0.20930232558139536,3,0
55,10,37,2,4,0,5,0,0,0,0,4,1,0,1,0,0,0,0,0,0,0.07272727272727272,0.21818181818181817,3,0
113,49,56,4,1,0,7,0,0,0,0,2,3,0,1,0,0,0,0,0,0,0.017699115044247787,0.11504424778761062,3,1
44,16,20,2,0,0,5,0,0,0,0,0,1,0,1,0,0,0,0,0,0,0.0,0.18181818181818182,3,0
44,14,22,3,0,0,5,0,0,0,0,1,1,0,1,0,0,0,0,0,0,0.022727272727272728,0.20454545454545456,3,0
54,20,4,3,0,0,4,1,0,1,0,0,1,0,1,0,0,0,0,0,0,0.0,0.18518518518518517,2,1
45,22,15,2,0,0,4,0,0,0,0,4,1,0,1,0,0,0,0,0,0,0.08888888888888889,0.15555555555555556,3,0
26,17,1,1,0,0,3,0,0,0,0,0,0,0,1,0,0,0,0,0,0,0.0,0.19230769230769232,3,1
24,7,9,1,0,0,3,0,0,0,0,0,0,0,1,0,0,0,0,0,0,0.0,0.20833333333333334,3,0
25,10,7,1,0,0,3,0,0,0,0,1,0,0,1,0,0,0,0,0,1,0.04,0.2,2,1
86,20,59,2,1,0,6,0,0,0,0,0,0,0,0,0,0,1,0,0,0,0.0,0.11627906976744186,3,1
50,19,24,2,0,0,7,0,0,0,0,9,1,0,0,0,0,0,1,0,0,0.18,0.2,3,1
32,17,7,2,0,0,3,0,0,0,0,0,1,0,1,0,0,0,0,0,0,0.0,0.1875,3,0
36,8,20,1,0,0,5,0,0,0,0,0,0,0,1,0,0,0,0,0,0,0.0,0.19444444444444445,3,0
55,14,33,2,0,2,6,0,1,0,0,5,1,0,1,0,0,0,0,0,0,0.09090909090909091,0.21818181818181817,3,0
45,22,15,2,0,0,4,0,0,0,0,4,1,0,1,0,0,0,0,0,0,0.08888888888888889,0.15555555555555556,3,0
37,15,14,2,1,0,4,0,0,0,0,0,1,0,1,0,0,0,0,0,0,0.0,0.21621621621621623,3,0
45,13,25,2,1,0,6,0,0,0,0,0,1,0,0,0,0,0,0,0,0,0.0,0.2222222222222222,2,1
23,14,1,1,0,0,3,0,0,0,0,0,0,0,1,0,0,0,0,1,0,0.0,0.21739130434782608,3,0
33,22,4,2,0,0,4,0,0,0,0,0,1,0,0,0,0,0,0,0,0,0.0,0.21212121212121213,2,1
63,37,19,4,0,0,6,0,0,0,0,0,3,0,0,0,0,0,0,0,0,0.0,0.1746031746031746,2,1
66,13,45,3,1,0,7,0,0,0,0,1,1,0,1,0,0,0,0,0,0,0.015151515151515152,0.18181818181818182,3,1
46,9,30,2,0,0,6,0,0,0,0,0,0,0,0,0,0,0,0,0,0,0.0,0.1956521739130435,3,1
76,14,34,2,0,0,4,1,1,0,0,13,1,0,0,0,0,0,0,0,0,0.17105263157894737,0.11842105263157894,2,1
37,16,14,2,0,1,4,0,0,0,0,0,1,0,0,0,0,0,0,0,0,0.0,0.21621621621621623,3,1
29,16,5,2,0,0,3,0,0,0,0,0,1,0,1,0,0,0,0,1,0,0.0,0.20689655172413793,3,0
111,15,76,2,0,1,7,1,1,0,0,7,1,0,1,0,0,0,0,1,0,0.06306306306306306,0.11711711711711711,3,1
34,26,0,2,1,0,2,0,0,0,0,0,1,0,1,0,0,1,0,0,0,0.0,0.17647058823529413,2,1
29,20,1,2,0,0,3,0,0,0,0,1,1,0,1,0,0,0,0,0,0,0.034482758620689655,0.20689655172413793,2,1
28,19,1,1,1,0,3,0,0,0,0,0,0,0,1,0,0,1,0,0,0,0.0,0.21428571428571427,3,1
66,15,38,3,0,1,5,1,1,0,0,6,1,0,1,0,0,0,0,0,0,0.09090909090909091,0.18181818181818182,3,1
35,17,10,2,0,0,6,0,0,0,0,1,1,0,1,0,0,0,0,0,0,0.02857142857142857,0.2571428571428571,2,0
42,13,21,2,1,0,4,0,0,0,0,0,1,0,1,0,0,0,0,0,0,0.0,0.19047619047619047,3,1
60,15,37,2,4,0,5,0,0,0,0,4,1,0,1,0,0,0,0,1,0,0.06666666666666667,0.2,3,0
46,16,22,3,0,0,5,0,0,0,0,1,1,0,1,0,0,0,0,0,0,0.021739130434782608,0.1956521739130435,3,0
85,13,58,3,2,0,9,1,1,0,0,1,0,0,1,0,0,0,0,0,0,0.011764705882352941,0.2,3,0
35,27,1,2,1,0,3,0,0,0,0,0,1,0,0,0,0,1,0,0,0,0.0,0.2,3,1
85,12,37,4,1,1,7,1,1,1,0,0,1,0,0,0,1,0,0,0,0,0.0,0.2,2,1
37,15,15,2,0,0,5,0,0,0,0,0,1,0,0,0,0,0,0,0,0,0.0,0.21621621621621623,3,1
88,18,62,2,5,0,6,0,0,0,0,7,0,0,1,0,0,0,0,0,0,0.07954545454545454,0.1590909090909091,3,0
35,13,14,2,1,0,4,0,0,0,0,0,1,0,1,0,0,0,0,0,0,0.0,0.22857142857142856,3,0
186,17,14,7,1,3,4,1,2,1,3,35,0,0,1,0,0,0,1,0,0,0.1881720430107527,0.12365591397849462,3,1
97,19,71,3,0,0,9,0,0,0,0,23,1,0,0,0,0,0,1,1,0,0.23711340206185566,0.13402061855670103,2,1
113,34,62,2,2,2,6,1,1,0,0,4,1,0,1,0,0,1,0,0,0,0.035398230088495575,0.1504424778761062,3,1
95,10,66,2,9,0,3,1,1,0,0,9,0,0,0,0,0,0,0,0,0,0.09473684210526316,0.17894736842105263,3,0
23,15,0,2,0,0,2,0,0,0,0,0,1,0,1,0,0,0,0,0,0,0.0,0.21739130434782608,3,0
30,16,6,2,0,0,3,0,0,0,0,0,1,0,1,0,0,0,0,0,0,0.0,0.2,3,0
40,17,15,2,1,0,3,0,0,0,0,0,1,0,1,0,0,0,1,0,0,0.0,0.175,3,0
46,13,25,2,1,0,5,0,0,0,0,0,0,0,1,0,0,0,0,0,0,0.0,0.1956521739130435,3,1
105,14,84,1,10,0,4,0,0,0,0,7,0,0,0,0,0,0,0,0,0,0.06666666666666667,0.1523809523809524,3,0
55,14,33,2,0,2,6,0,1,0,0,5,1,0,1,0,0,0,0,0,0,0.09090909090909091,0.21818181818181817,3,0
48,25,16,4,0,0,4,0,0,0,0,1,2,0,0,0,0,0,0,1,0,0.020833333333333332,0.1875,2,1
31,17,6,2,0,0,3,0,0,0,0,0,1,0,1,0,0,0,0,0,0,0.0,0.1935483870967742,3,0
56,15,33,2,0,2,6,0,1,0,0,5,1,0,1,0,0,0,0,0,0,0.08928571428571429,0.21428571428571427,3,0
31,17,6,2,0,0,3,0,0,0,0,0,1,0,1,0,0,0,0,0,0,0.0,0.1935483870967742,2,0
101,15,79,2,10,0,3,0,0,0,0,11,0,0,0,0,0,0,0,0,0,0.10891089108910891,0.21782178217821782,3,0
214,27,13,2,0,1,4,1,3,0,2,76,0,0,1,0,0,0,1,0,0,0.35514018691588783,0.07476635514018691,3,1
111,15,76,2,1,2,7,1,1,0,0,6,1,0,1,0,0,0,0,1,0,0.05405405405405406,0.13513513513513514,3,1
38,15,15,2,1,0,3,0,0,0,0,0,1,0,1,0,0,0,1,0,0,0.0,0.18421052631578946,3,0
80,22,50,3,4,0,7,0,0,0,0,2,1,0,1,0,0,0,0,0,0,0.025,0.1875,3,1
54,14,32,2,3,0,5,0,0,0,0,0,1,0,1,0,0,0,0,0,0,0.0,0.2037037037037037,3,0
31,14,9,2,0,0,3,0,0,0,0,0,1,0,1,0,0,0,0,0,0,0.0,0.1935483870967742,3,0
27,13,6,2,0,0,3,0,0,0,0,0,1,0,1,0,0,0,0,0,0,0.0,0.2222222222222222,3,0
57,17,32,2,3,0,5,0,0,0,0,0,1,0,1,0,0,0,0,0,0,0.0,0.19298245614035087,3,0
83,22,4,3,0,0,4,1,2,0,1,42,2,0,0,0,0,0,0,0,0,0.5060240963855421,0.14457831325301204,3,1
115,15,93,1,7,1,8,0,0,0,0,0,0,0,0,0,0,0,1,0,0,0.0,0.1565217391304348,2,0
91,15,69,1,10,1,3,0,0,0,0,5,0,0,0,0,0,0,0,0,0,0.054945054945054944,0.17582417582417584,3,0
143,25,110,4,2,1,12,0,0,0,0,6,2,0,1,0,0,0,0,0,0,0.04195804195804196,0.13986013986013987,2,1
53,23,22,2,0,1,4,0,0,0,0,0,1,0,1,0,0,0,0,0,0,0.0,0.1509433962264151,3,0
261,20,17,2,0,0,4,1,2,0,1,38,0,0,0,0,0,0,0,1,0,0.14559386973180077,0.04597701149425287,5,1
37,14,15,2,1,0,3,0,0,0,0,0,1,0,1,0,0,0,1,0,0,0.0,0.1891891891891892,3,0
35,16,11,2,0,0,4,0,0,0,0,0,0,0,1,0,0,0,0,0,0,0.0,0.2,4,1
42,12,23,1,0,0,7,0,0,0,0,0,0,0,0,0,0,0,0,0,0,0.0,0.21428571428571427,3,1
42,15,19,1,1,0,5,0,0,0,0,0,0,0,1,0,0,1,0,0,0,0.0,0.19047619047619047,3,1
23,10,5,1,0,0,4,0,0,0,0,0,0,0,1,0,0,0,0,0,0,0.0,0.2608695652173913,2,1
72,28,37,3,0,0,5,0,0,0,0,0,1,0,0,0,0,0,2,0,0,0.0,0.125,2,1
45,15,22,2,0,0,5,0,0,0,0,0,0,0,1,0,0,0,0,0,0,0.0,0.17777777777777778,3,1
328,25,70,3,5,6,7,1,5,0,4,87,1,0,1,0,0,1,0,0,0,0.2652439024390244,0.11890243902439024,3,1
33,15,10,2,0,0,6,0,0,0,0,1,1,0,1,0,0,0,0,1,0,0.030303030303030304,0.2727272727272727,3,0
22,14,0,2,0,0,2,0,0,0,0,0,1,0,1,0,0,0,0,0,0,0.0,0.22727272727272727,3,0
55,11,36,2,0,0,6,0,0,0,0,1,0,0,1,0,0,0,0,0,0,0.01818181818181818,0.16363636363636364,2,1
67,29,17,2,2,0,4,1,1,0,0,9,0,0,0,0,0,1,1,0,0,0.13432835820895522,0.16417910447761194,3,1
62,20,35,3,0,0,5,0,0,0,0,0,0,0,0,0,0,0,1,0,0,0.0,0.14516129032258066,3,1
55,15,32,2,3,0,5,0,0,0,0,0,1,0,1,0,0,0,0,0,0,0.0,0.2,3,0
26,17,1,2,0,0,3,0,0,0,0,0,1,0,1,0,0,0,0,1,0,0.0,0.23076923076923078,3,0
140,14,93,5,0,1,10,1,1,0,0,22,1,0,0,0,0,0,0,1,0,0.15714285714285714,0.1357142857142857,2,1
36,13,15,2,1,0,3,0,0,0,0,0,1,0,1,0,0,0,1,0,0,0.0,0.19444444444444445,3,0
39,11,20,1,0,0,5,0,0,0,0,0,0,0,1,0,0,0,0,0,0,0.0,0.1794871794871795,3,0
69,13,48,1,0,0,6,0,0,0,0,18,0,0,1,0,0,0,0,0,0,0.2608695652173913,0.11594202898550725,3,1
114,8,99,1,14,0,6,0,0,0,0,18,0,0,0,0,0,0,0,0,0,0.15789473684210525,0.19298245614035087,2,0
43,13,22,1,1,0,5,0,0,0,0,0,0,0,1,0,0,0,0,0,0,0.0,0.18604651162790697,3,1
34,6,20,1,0,0,3,0,0,0,0,0,0,0,1,0,0,0,0,0,1,0.0,0.14705882352941177,2,1
105,29,68,2,1,0,10,0,0,0,0,12,0,0,1,0,0,0,0,0,0,0.11428571428571428,0.13333333333333333,3,1
29,15,6,2,0,0,3,0,0,0,0,0,1,0,1,0,0,0,0,0,0,0.0,0.20689655172413793,3,0
64,25,17,2,1,0,4,1,1,0,0,9,0,0,1,0,0,1,1,0,0,0.140625,0.15625,3,1
29,16,6,2,0,0,3,0,0,0,0,0,0,0,0,0,0,0,0,0,0,0.0,0.20689655172413793,3,1
58,22,29,4,0,0,5,0,0,0,0,6,2,0,0,0,0,0,0,0,0,0.10344827586206896,0.1724137931034483,2,1
22,14,0,2,0,0,2,0,0,0,0,0,1,0,1,0,0,0,0,0,0,0.0,0.22727272727272727,3,0
48,7,33,1,0,2,6,0,1,0,0,5,0,0,1,0,0,0,0,0,0,0.10416666666666667,0.22916666666666666,3,0
63,12,44,1,0,0,5,0,0,0,0,21,0,0,0,0,0,0,0,0,0,0.3333333333333333,0.1111111111111111,3,1
39,17,14,2,1,0,4,0,0,0,0,0,1,0,1,0,0,0,0,0,0,0.0,0.20512820512820512,3,0
80,15,29,2,1,0,6,1,1,1,0,0,0,0,0,0,0,1,0,0,0,0.0,0.1625,2,1
31,14,9,2,0,0,3,0,0,0,0,0,1,0,1,0,0,0,0,0,0,0.0,0.1935483870967742,3,0
37,22,7,2,0,0,3,0,0,0,0,0,1,0,1,0,0,0,0,0,0,0.0,0.16216216216216217,3,0
52,22,22,2,0,1,4,0,0,0,0,0,1,0,1,0,0,0,0,0,0,0.0,0.15384615384615385,3,0
35,12,15,2,1,0,3,0,0,0,0,0,1,0,1,0,0,0,1,1,0,0.0,0.2,3,0
50,10,32,2,3,0,5,0,0,0,0,0,1,0,1,0,0,0,0,0,0,0.0,0.22,2,0
102,30,65,2,8,0,5,0,0,0,0,45,1,0,0,0,0,1,0,0,0,0.4411764705882353,0.1568627450980392,3,1
84,13,64,1,1,0,5,0,0,0,0,15,0,0,0,0,0,1,0,0,0,0.17857142857142858,0.27380952380952384,3,0
40,15,6,2,0,0,3,1,1,0,0,3,1,0,1,0,0,0,0,1,0,0.075,0.2,3,0
27,14,5,2,0,0,3,0,0,0,0,0,1,0,1,0,0,0,0,0,0,0.0,0.2222222222222222,3,0
30,8,14,1,1,0,4,0,0,0,0,0,0,0,1,0,0,0,0,0,0,0.0,0.23333333333333334,3,0
229,15,40,2,1,1,6,1,3,0,2,76,0,0,1,0,0,0,1,0,0,0.3318777292576419,0.08296943231441048,3,1
31,16,7,2,0,0,3,0,0,0,0,0,1,0,1,0,0,0,0,0,0,0.0,0.1935483870967742,3,0
27,11,8,2,0,0,3,0,0,0,0,0,1,0,1,0,0,0,0,0,0,0.0,0.2222222222222222,3,0
51,16,28,4,0,0,5,0,0,0,0,10,0,0,0,0,0,0,0,0,0,0.19607843137254902,0.19607843137254902,3,1
57,48,1,2,0,1,3,0,0,0,0,1,1,0,1,0,0,0,1,0,0,0.017543859649122806,0.12280701754385964,3,1
27,14,5,2,0,0,3,0,0,0,0,0,1,0,1,0,0,0,0,0,0,0.0,0.2222222222222222,2,0
20,12,0,2,0,0,2,0,0,0,0,0,1,0,1,0,0,0,0,0,0,0.0,0.25,3,0
50,42,1,2,0,0,3,0,0,0,0,4,1,0,0,0,0,0,0,0,0,0.08,0.12,3,1
137,23,97,2,2,3,7,1,1,0,0,6,1,0,1,0,0,1,0,0,0,0.043795620437956206,0.1386861313868613,3,1
252,14,65,2,2,1,8,1,3,0,2,84,0,0,0,0,0,0,1,0,0,0.3333333333333333,0.0873015873015873,3,1
62,14,41,1,0,0,5,0,0,0,0,19,0,0,0,0,0,0,0,0,0,0.3064516129032258,0.11290322580645161,3,1
58,17,33,2,0,2,6,0,1,0,0,5,1,0,1,0,0,0,0,0,0,0.08620689655172414,0.20689655172413793,3,0
55,15,32,3,0,0,5,0,0,0,0,0,0,0,1,0,0,0,2,1,0,0.0,0.16363636363636364,3,1
125,28,82,2,1,2,7,1,1,0,0,10,1,0,1,0,0,1,0,0,0,0.08,0.136,3,1
40,17,15,2,0,0,4,0,0,0,0,4,1,0,1,0,0,0,0,0,0,0.1,0.175,3,0
152,22,104,6,2,0,5,0,0,1,0,54,1,0,1,0,0,0,0,1,0,0.35526315789473684,0.18421052631578946,3,1
64,13,44,5,2,0,7,0,0,0,0,18,2,1,0,0,0,0,0,1,0,0.28125,0.234375,3,1
30,17,6,1,1,0,3,0,0,0,0,0,0,0,0,0,0,1,0,0,0,0.0,0.2,3,1
127,15,104,2,3,3,7,0,0,0,0,14,1,0,1,0,0,0,0,1,0,0.11023622047244094,0.12598425196850394,3,1
76,16,53,1,1,0,9,0,0,0,0,0,0,0,0,0,0,0,0,1,0,0.0,0.15789473684210525,3,1
88,27,24,5,0,0,6,1,2,1,0,1,1,0,0,0,0,0,1,0,0,0.011363636363636364,0.18181818181818182,3,1
75,19,48,3,1,0,8,0,0,0,0,0,1,0,1,0,0,0,0,0,0,0.0,0.17333333333333334,3,1
124,13,104,8,3,2,10,0,0,0,0,23,2,1,0,0,0,0,2,1,0,0.18548387096774194,0.1935483870967742,3,1
33,16,9,2,0,0,3,0,0,0,0,0,1,0,1,0,0,0,0,0,0,0.0,0.18181818181818182,3,0
22,13,1,2,0,0,3,0,0,0,0,0,1,0,1,0,0,0,0,0,0,0.0,0.2727272727272727,3,0
40,15,6,2,0,0,3,1,1,0,0,3,1,0,1,0,0,0,0,0,0,0.075,0.2,3,0
79,18,7,3,0,0,3,1,2,0,1,22,1,0,1,0,0,0,0,0,0,0.27848101265822783,0.13924050632911392,3,1
40,17,15,2,1,0,3,0,0,0,0,0,1,0,1,0,0,0,1,0,0,0.0,0.175,3,0
30,17,5,2,0,0,3,0,0,0,0,0,1,0,1,0,0,0,0,0,0,0.0,0.2,3,0
32,19,5,2,0,0,3,0,0,0,0,0,1,0,1,0,0,0,0,0,0,0.0,0.1875,3,0
57,48,1,2,2,0,3,0,0,0,0,0,1,0,1,0,0,1,0,0,0,0.0,0.14035087719298245,2,1
42,16,18,3,0,0,4,0,0,0,0,0,1,0,1,0,0,0,0,0,0,0.0,0.19047619047619047,3,1
66,21,18,4,1,0,4,1,1,1,0,0,1,0,0,0,0,0,0,0,0,0.0,0.19696969696969696,3,1
24,14,3,1,0,0,3,0,0,0,0,0,0,0,0,0,0,0,0,0,0,0.0,0.20833333333333334,3,1
52,25,20,1,0,0,7,0,0,0,0,0,0,0,0,0,0,0,0,0,0,0.0,0.17307692307692307,3,1
54,12,35,1,0,0,7,0,0,0,0,0,0,0,0,0,0,0,0,0,0,0.0,0.16666666666666666,3,1
41,17,16,1,0,0,4,0,0,0,0,1,0,0,1,0,0,0,0,0,0,0.024390243902439025,0.14634146341463414,3,1
96,8,81,1,10,0,5,0,0,0,0,2,0,0,0,0,0,0,0,0,0,0.020833333333333332,0.17708333333333334,3,0
85,11,30,4,1,0,8,2,2,0,0,16,1,0,0,0,0,1,0,0,0,0.18823529411764706,0.21176470588235294,2,1
63,18,37,2,4,0,5,0,0,0,0,4,1,0,1,0,0,0,0,0,0,0.06349206349206349,0.19047619047619047,3,0
31,11,12,2,0,0,4,0,0,0,0,0,1,0,1,0,0,0,0,0,0,0.0,0.22580645161290322,3,0
28,21,0,2,0,0,2,0,0,0,0,0,1,0,0,0,0,0,0,0,0,0.0,0.17857142857142858,2,1
34,14,12,2,0,0,3,0,0,0,0,0,0,0,1,0,0,0,0,0,0,0.0,0.17647058823529413,3,1
22,14,1,2,0,0,3,0,0,0,0,2,1,0,0,0,0,0,0,0,0,0.09090909090909091,0.2727272727272727,4,1
45,15,22,3,0,0,5,0,0,0,0,1,1,0,1,0,0,0,0,0,0,0.022222222222222223,0.2,3,0
31,13,10,2,0,0,6,0,0,0,0,1,1,0,1,0,0,0,0,0,0,0.03225806451612903,0.2903225806451613,3,0
51,19,25,2,1,0,6,0,0,0,0,7,1,0,0,0,0,0,1,0,0,0.13725490196078433,0.19607843137254902,3,1
30,16,6,2,0,0,3,0,0,0,0,0,1,0,1,0,0,0,0,0,0,0.0,0.2,3,0
234,23,28,7,0,1,5,1,3,0,4,88,1,0,0,0,0,0,1,0,0,0.37606837606837606,0.1111111111111111,2,1
50,10,32,2,3,0,5,0,0,0,0,0,1,0,1,0,0,0,0,0,0,0.0,0.22,3,0
103,9,78,1,8,0,7,1,1,0,0,0,0,0,1,0,0,0,0,0,0,0.0,0.18446601941747573,3,0
27,13,6,2,0,0,3,0,0,0,0,0,1,0,1,0,0,0,0,0,0,0.0,0.2222222222222222,3,0
33,15,10,2,0,0,6,0,0,0,0,1,1,0,1,0,0,0,0,0,0,0.030303030303030304,0.2727272727272727,3,0
86,11,67,1,7,0,7,0,0,0,0,6,0,0,1,0,0,0,0,0,0,0.06976744186046512,0.18604651162790697,3,0
51,10,33,2,0,2,6,0,1,0,0,5,1,0,1,0,0,0,0,0,0,0.09803921568627451,0.23529411764705882,3,0
30,17,5,1,0,0,3,0,0,0,0,0,0,0,1,0,0,0,0,1,0,0.0,0.16666666666666666,3,0
66,47,1,5,0,0,3,1,1,0,0,0,4,0,1,0,0,0,1,0,0,0.0,0.16666666666666666,3,1
98,10,8,5,0,0,12,2,1,0,0,1,0,0,0,0,0,0,1,0,0,0.01020408163265306,0.23469387755102042,3,1
67,8,52,2,1,0,9,0,0,0,0,1,0,0,0,0,0,0,0,0,0,0.014925373134328358,0.19402985074626866,3,1
55,32,15,2,0,0,3,0,0,0,0,0,1,0,1,0,0,0,0,0,0,0.0,0.10909090909090909,3,1
26,12,6,2,0,0,3,0,0,0,0,0,1,0,1,0,0,0,0,0,0,0.0,0.23076923076923078,3,0
56,15,33,2,0,2,6,0,1,0,0,5,1,0,1,0,0,0,0,0,0,0.08928571428571429,0.21428571428571427,3,0
25,11,6,2,0,0,3,0,0,0,0,0,1,0,1,0,0,0,1,0,0,0.0,0.24,3,0
26,18,1,2,0,0,3,0,0,0,0,3,1,0,0,0,0,0,0,0,0,0.11538461538461539,0.23076923076923078,4,1
29,15,6,2,0,0,3,0,0,0,0,0,1,0,1,0,0,0,1,0,0,0.0,0.20689655172413793,3,0
34,23,4,3,0,0,3,0,0,0,0,2,2,0,0,0,0,0,0,0,0,0.058823529411764705,0.20588235294117646,3,1
155,12,15,6,0,3,4,1,1,0,2,42,0,0,0,0,0,0,0,0,0,0.2709677419354839,0.12903225806451613,3,1
24,10,6,1,0,0,3,0,0,0,0,1,0,0,1,0,0,0,0,0,0,0.041666666666666664,0.20833333333333334,3,1
20,13,0,2,1,0,2,0,0,0,0,2,1,0,0,0,0,1,0,0,0,0.1,0.3,2,1
41,11,22,3,0,0,5,0,0,0,0,1,1,0,1,0,0,0,0,0,0,0.024390243902439025,0.21951219512195122,3,0
96,22,66,5,0,0,5,0,0,0,0,1,1,0,1,0,0,0,0,1,0,0.010416666666666666,0.11458333333333333,3,1
101,19,75,2,1,0,8,0,0,0,0,21,0,0,0,0,0,0,1,0,0,0.2079207920792079,0.1188118811881188,3,1
39,16,15,2,0,0,4,0,0,0,0,0,1,0,1,0,0,0,0,1,0,0.0,0.1794871794871795,3,1
26,17,1,2,0,0,3,0,0,0,0,0,1,0,1,0,0,0,0,0,0,0.0,0.23076923076923078,3,0
53,13,32,2,3,0,5,0,0,0,0,0,1,0,1,0,0,0,0,0,0,0.0,0.20754716981132076,3,0
60,19,33,2,0,2,6,0,1,0,0,5,1,0,1,0,0,0,0,0,0,0.08333333333333333,0.2,3,0
28,12,8,2,0,0,3,0,0,0,0,0,1,0,1,0,0,0,0,0,0,0.0,0.21428571428571427,3,0
29,21,0,2,0,0,2,0,0,0,0,0,1,0,1,0,0,0,0,1,0,0.0,0.1724137931034483,3,0
34,25,1,2,0,0,3,0,0,0,0,5,1,0,1,0,0,0,0,0,0,0.14705882352941177,0.17647058823529413,3,1
123,34,82,4,0,0,5,0,0,0,0,9,3,0,0,0,0,0,1,0,0,0.07317073170731707,0.08130081300813008,3,1
25,8,9,1,0,0,3,0,0,0,0,0,0,0,1,0,0,0,0,0,0,0.0,0.2,3,0
98,17,52,3,2,0,8,1,1,0,0,27,1,0,0,0,0,0,0,0,0,0.2755102040816326,0.16326530612244897,2,1
34,22,5,1,0,0,4,0,0,0,0,0,0,0,0,0,0,0,0,0,0,0.0,0.17647058823529413,3,1
46,17,21,1,0,0,5,0,0,0,0,0,0,0,1,0,0,0,1,0,0,0.0,0.15217391304347827,3,1
42,28,1,2,1,0,3,1,0,0,0,1,1,0,0,0,0,1,0,0,0,0.023809523809523808,0.19047619047619047,3,1
62,21,34,1,0,0,7,0,0,0,0,0,0,0,0,0,0,0,0,0,0,0.0,0.14516129032258066,3,1
59,18,33,2,0,2,6,0,1,0,0,5,1,0,1,0,0,0,0,0,0,0.0847457627118644,0.2033898305084746,3,0
46,35,4,1,3,0,4,0,0,0,0,0,0,0,0,0,0,1,0,0,0,0.0,0.1956521739130435,2,1
60,15,37,2,4,0,5,0,0,0,0,4,1,0,1,0,0,0,0,0,0,0.06666666666666667,0.2,3,0
18,10,1,1,0,0,3,0,0,0,0,0,0,0,0,0,0,0,0,0,0,0.0,0.2777777777777778,2,1
44,14,22,2,0,1,4,0,0,0,0,0,1,0,1,0,0,0,0,0,0,0.0,0.18181818181818182,3,0
34,11,15,2,1,0,3,0,0,0,0,0,1,0,1,0,0,0,1,0,0,0.0,0.20588235294117646,3,0
86,12,10,2,1,0,3,1,2,0,1,22,0,0,1,0,0,1,1,0,0,0.2558139534883721,0.13953488372093023,3,1
23,15,0,2,0,0,2,0,0,0,0,0,1,0,1,0,0,0,0,0,0,0.0,0.21739130434782608,3,0
27,19,0,2,0,0,2,0,0,0,0,0,1,0,1,0,0,0,0,0,0,0.0,0.18518518518518517,3,0
44,16,20,2,0,0,5,0,0,0,0,0,1,0,1,0,0,0,0,1,0,0.0,0.18181818181818182,3,0
39,16,15,2,1,0,3,0,0,0,0,0,1,0,1,0,0,0,1,0,0,0.0,0.1794871794871795,3,0
86,12,67,1,5,0,6,0,0,0,0,0,0,0,0,0,0,0,1,1,0,0.0,0.1511627906976744,3,0
30,8,14,1,1,0,4,0,0,0,0,0,0,0,1,0,0,0,0,0,0,0.0,0.23333333333333334,3,0
33,10,15,2,0,0,4,0,0,0,0,4,1,0,1,0,0,0,0,0,0,0.12121212121212122,0.21212121212121213,3,0
40,10,22,1,0,1,4,0,0,0,0,0,0,0,1,0,0,0,0,0,0,0.0,0.175,3,0
54,46,1,4,0,0,3,0,0,0,0,0,3,0,0,0,0,0,0,0,0,0.0,0.14814814814814814,3,1
33,15,10,2,0,0,6,0,0,0,0,1,1,0,1,0,0,0,0,0,0,0.030303030303030304,0.2727272727272727,3,0
164,7,30,7,1,0,8,2,7,1,6,24,0,0,0,0,0,1,0,0,0,0.14634146341463414,0.23780487804878048,2,1
59,14,37,2,4,0,5,0,0,0,0,4,1,0,1,0,0,0,0,0,0,0.06779661016949153,0.2033898305084746,3,0
27,14,5,1,0,0,3,0,0,0,0,1,0,0,1,0,0,0,0,0,0,0.037037037037037035,0.18518518518518517,2,1
21,7,7,1,0,0,3,0,0,0,0,1,0,0,0,0,0,0,0,0,0,0.047619047619047616,0.23809523809523808,2,1
88,9,48,1,5,1,5,1,2,0,1,17,0,0,1,0,0,0,0,0,0,0.19318181818181818,0.19318181818181818,3,0
30,13,9,2,0,0,3,0,0,0,0,0,1,0,1,0,0,0,0,0,0,0.0,0.2,3,0
32,16,8,2,0,0,3,0,0,0,0,0,1,0,1,0,0,0,0,0,0,0.0,0.1875,3,0
47,19,20,1,0,0,5,0,0,0,0,0,0,0,1,0,0,0,0,0,0,0.0,0.14893617021276595,3,0
123,15,15,2,2,0,6,1,6,0,1,6,0,0,0,0,0,0,0,1,0,0.04878048780487805,0.16260162601626016,3,1
132,16,24,3,2,0,4,1,1,0,0,13,1,0,1,0,0,0,0,0,0,0.09848484848484848,0.09090909090909091,3,1
32,18,6,2,0,0,3,0,0,0,0,0,1,0,1,0,0,0,1,0,0,0.0,0.1875,3,0
33,16,9,2,0,0,3,0,0,0,0,0,1,0,1,0,0,0,0,0,0,0.0,0.18181818181818182,3,0
437,16,250,12,2,13,13,1,8,1,7,6,0,0,1,0,0,0,0,0,0,0.013729977116704805,0.14874141876430205,2,1
28,13,7,2,0,0,3,0,0,0,0,0,1,0,1,0,0,0,0,0,0,0.0,0.21428571428571427,3,0
167,25,51,3,0,4,8,1,2,0,1,27,1,0,1,0,0,0,1,1,0,0.16167664670658682,0.12574850299401197,3,1
95,10,63,1,8,0,4,1,1,0,0,10,0,0,1,0,0,0,0,0,0,0.10526315789473684,0.16842105263157894,3,0
83,10,66,2,7,0,3,0,0,0,0,10,0,0,0,0,0,0,0,0,0,0.12048192771084337,0.1566265060240964,2,0
73,23,43,4,0,0,7,0,0,0,0,3,2,0,0,0,0,0,0,0,0,0.0410958904109589,0.1643835616438356,2,1
30,15,7,2,0,0,3,0,0,0,0,0,1,0,1,0,0,0,0,0,0,0.0,0.2,3,0
75,24,44,1,0,0,10,0,0,0,0,0,0,0,0,0,0,0,0,0,0,0.0,0.16,3,1
22,14,0,2,0,0,2,0,0,0,0,0,1,0,1,0,0,0,0,0,0,0.0,0.22727272727272727,3,0
193,13,15,3,0,1,4,1,3,0,2,84,1,0,0,0,0,0,1,0,0,0.43523316062176165,0.07772020725388601,2,1
39,32,0,4,0,0,2,0,0,0,0,0,3,0,0,0,0,0,0,0,0,0.0,0.1794871794871795,3,1
23,12,4,1,0,0,3,0,0,0,0,0,0,0,0,0,0,0,0,0,0,0.0,0.21739130434782608,2,1
27,19,0,2,0,0,2,0,0,0,0,0,1,0,1,0,0,0,0,0,0,0.0,0.18518518518518517,3,0
49,40,1,5,0,0,3,0,0,0,0,4,4,0,1,0,0,0,0,1,0,0.08163265306122448,0.1836734693877551,4,1
57,37,12,2,3,0,5,0,0,0,0,0,1,0,1,0,0,1,0,0,0,0.0,0.19298245614035087,3,1
63,18,38,2,0,0,6,0,0,0,0,0,0,0,0,0,0,0,0,0,0,0.0,0.14285714285714285,3,1
51,26,18,2,1,0,5,0,0,0,0,3,1,0,0,0,0,1,0,1,0,0.058823529411764705,0.17647058823529413,4,1
208,15,67,3,2,0,8,1,5,1,2,24,0,0,1,0,0,0,1,0,0,0.11538461538461539,0.1201923076923077,3,1
57,23,26,3,0,0,5,0,0,0,0,0,1,0,1,0,0,0,0,0,0,0.0,0.15789473684210525,3,1
30,16,6,2,0,0,3,0,0,0,0,0,1,0,1,0,0,0,1,0,0,0.0,0.2,3,0
51,10,33,1,0,2,6,0,1,0,0,5,0,0,1,0,0,0,0,0,0,0.09803921568627451,0.21568627450980393,3,0
64,9,48,2,3,0,4,0,1,0,0,0,0,0,0,0,0,0,1,0,0,0.0,0.171875,4,1
29,15,6,2,0,0,3,0,0,0,0,0,1,0,1,0,0,0,0,0,0,0.0,0.20689655172413793,3,0
54,13,33,2,0,2,6,0,1,0,0,5,1,0,1,0,0,0,0,0,0,0.09259259259259259,0.2222222222222222,3,0
83,22,54,1,1,0,8,0,0,0,0,0,0,0,0,0,0,0,2,1,0,0.0,0.13253012048192772,3,1
21,13,0,1,0,0,2,0,0,0,0,0,0,0,1,0,0,0,0,0,0,0.0,0.19047619047619047,2,1
86,6,73,1,7,0,6,0,0,0,0,4,0,0,0,0,0,0,0,0,0,0.046511627906976744,0.1744186046511628,3,0
58,26,25,2,0,0,6,0,0,0,0,6,0,0,0,0,0,0,0,0,0,0.10344827586206896,0.15517241379310345,3,1
74,12,55,1,1,0,9,0,0,0,0,1,0,0,0,0,0,0,3,0,0,0.013513513513513514,0.16216216216216217,3,1
34,15,12,2,0,0,4,0,0,0,0,0,1,0,0,0,0,0,0,0,0,0.0,0.20588235294117646,2,1
41,11,22,3,0,0,5,0,0,0,0,1,1,0,1,0,0,0,0,0,0,0.024390243902439025,0.21951219512195122,3,0
21,13,0,1,0,0,2,0,0,0,0,0,0,0,1,0,0,0,0,0,0,0.0,0.19047619047619047,2,1
37,12,6,2,0,0,3,1,1,0,0,3,1,0,1,0,0,0,0,0,0,0.08108108108108109,0.21621621621621623,3,0
110,11,91,2,8,0,5,0,0,0,0,6,0,0,1,0,0,0,0,1,0,0.05454545454545454,0.14545454545454545,3,0
87,15,65,1,0,0,12,0,0,0,0,19,0,0,0,0,0,0,0,0,0,0.21839080459770116,0.16091954022988506,3,0
27,13,6,2,0,0,3,0,0,0,0,0,1,0,1,0,0,0,1,0,0,0.0,0.2222222222222222,3,0
208,15,67,3,2,0,8,1,5,1,2,24,0,0,1,0,0,0,1,0,0,0.11538461538461539,0.1201923076923077,3,1
24,15,1,2,0,0,3,0,0,0,0,0,1,0,1,0,0,0,0,0,0,0.0,0.25,3,0
56,29,20,2,3,1,3,0,0,0,0,11,0,0,0,0,0,1,2,0,0,0.19642857142857142,0.17857142857142858,2,1
38,18,12,2,0,0,4,0,0,0,0,0,1,0,1,0,0,0,0,0,0,0.0,0.18421052631578946,3,0
46,16,22,2,0,1,4,0,0,0,0,0,1,0,1,0,0,0,0,0,0,0.0,0.17391304347826086,3,0
30,22,0,2,0,0,2,0,0,0,0,0,1,0,1,0,0,0,0,0,0,0.0,0.16666666666666666,3,1
91,7,77,1,1,1,13,0,0,0,0,5,0,0,0,0,0,0,1,1,0,0.054945054945054944,0.18681318681318682,2,1
101,26,4,3,0,0,4,1,1,0,0,10,1,0,1,0,0,0,0,0,0,0.09900990099009901,0.10891089108910891,3,1
24,11,5,2,0,0,3,0,0,0,0,0,1,0,1,0,0,0,0,0,0,0.0,0.25,3,0
23,14,1,1,1,0,3,0,0,0,0,0,0,0,1,0,0,1,0,0,0,0.0,0.2608695652173913,3,1
107,15,85,1,12,0,5,0,0,0,0,0,0,0,0,0,0,0,0,0,0,0.0,0.17757009345794392,3,0
33,19,7,1,1,0,4,0,0,0,0,0,0,0,0,0,0,1,0,0,0,0.0,0.21212121212121213,3,1
118,22,87,5,1,0,5,0,0,0,0,0,1,0,1,0,0,0,1,1,0,0.0,0.11016949152542373,3,1
98,11,80,1,0,0,4,0,0,0,0,10,0,0,0,0,0,0,0,0,0,0.10204081632653061,0.061224489795918366,3,1
99,15,76,2,0,0,7,0,0,0,0,11,1,0,1,0,0,0,0,1,0,0.1111111111111111,0.10101010101010101,3,1
48,18,22,4,0,0,5,0,0,0,0,1,2,0,1,0,0,0,0,1,0,0.020833333333333332,0.20833333333333334,3,0
33,10,15,1,1,0,3,0,0,0,0,0,0,0,1,0,0,0,1,0,0,0.0,0.18181818181818182,3,0
28,15,5,2,0,0,3,0,0,0,0,0,1,0,1,0,0,0,0,1,0,0.0,0.21428571428571427,3,0
38,22,9,1,1,0,5,0,0,0,0,0,0,0,0,0,0,1,0,0,0,0.0,0.21052631578947367,3,1
28,12,8,2,0,0,3,0,0,0,0,0,1,0,1,0,0,0,1,0,0,0.0,0.21428571428571427,3,0
283,30,63,3,5,5,8,1,5,0,3,61,1,0,1,0,0,1,0,0,0,0.21554770318021202,0.127208480565371,3,1
45,15,22,2,0,0,5,0,0,0,0,0,0,0,1,0,0,0,0,1,0,0.0,0.17777777777777778,2,1
35,19,8,2,0,0,3,0,0,0,0,0,1,0,1,0,0,0,0,0,0,0.0,0.17142857142857143,3,0
119,17,95,1,12,0,5,0,0,0,0,8,0,0,0,0,0,0,0,0,0,0.06722689075630252,0.15966386554621848,3,0
30,16,6,2,0,0,3,0,0,0,0,0,1,0,1,0,0,0,0,0,0,0.0,0.2,3,0
29,14,7,2,0,0,3,0,0,0,0,0,1,0,1,0,0,0,0,0,0,0.0,0.20689655172413793,3,0
118,18,92,3,3,0,9,0,0,0,0,19,2,0,1,0,0,0,0,1,0,0.16101694915254236,0.13559322033898305,2,1
50,17,26,3,1,0,4,0,0,0,0,0,1,0,0,0,0,1,1,0,0,0.0,0.18,2,1
22,14,0,2,0,0,2,0,0,0,0,0,1,0,1,0,0,0,0,1,0,0.0,0.22727272727272727,3,0
52,12,33,2,2,1,5,0,0,0,0,0,0,0,0,0,0,1,0,1,0,0.0,0.21153846153846154,3,1
49,19,22,2,2,0,6,0,0,0,0,8,1,0,1,0,0,0,0,0,0,0.16326530612244897,0.22448979591836735,3,1
62,22,33,3,1,0,3,0,0,0,0,22,2,0,0,0,0,1,0,0,0,0.3548387096774194,0.12903225806451613,2,1
47,7,32,1,0,0,4,0,0,0,0,3,0,0,1,0,0,0,0,0,0,0.06382978723404255,0.14893617021276595,2,1
37,30,0,2,2,0,2,0,0,0,0,0,1,0,0,0,0,1,0,1,0,0.0,0.1891891891891892,2,1
272,25,59,3,2,4,7,1,3,0,2,69,1,0,1,0,0,1,0,0,0,0.2536764705882353,0.12867647058823528,3,1
48,23,7,3,0,0,5,1,1,0,0,10,2,0,0,0,1,0,0,0,0,0.20833333333333334,0.22916666666666666,2,1
29,13,8,2,0,0,3,0,0,0,0,0,1,0,1,0,0,0,0,1,0,0.0,0.20689655172413793,3,0
67,27,33,3,3,0,5,0,0,0,0,21,2,0,0,0,0,0,0,0,0,0.31343283582089554,0.1791044776119403,2,1
59,12,12,5,0,0,3,1,1,1,0,0,0,0,0,0,0,0,0,0,0,0.0,0.2033898305084746,3,1
27,13,6,2,0,0,3,0,0,0,0,0,1,0,1,0,0,0,1,0,0,0.0,0.2222222222222222,3,0
129,30,38,5,5,0,7,1,2,0,1,26,1,0,1,0,0,0,0,1,0,0.20155038759689922,0.17054263565891473,3,1
55,41,6,7,0,0,3,0,0,0,0,0,6,0,1,0,0,0,1,0,0,0.0,0.2,2,1
21,9,4,1,0,0,4,0,0,0,0,1,0,0,1,0,0,0,0,0,0,0.047619047619047616,0.2857142857142857,3,1
34,14,12,2,0,0,4,0,0,0,0,0,1,0,1,0,0,0,0,0,0,0.0,0.20588235294117646,3,0
31,17,6,2,0,0,3,0,0,0,0,0,1,0,1,0,0,0,0,0,0,0.0,0.1935483870967742,3,0
66,16,42,1,1,0,8,0,0,0,0,0,0,0,1,0,0,0,0,1,0,0.0,0.16666666666666666,3,1
23,8,8,1,0,0,3,0,0,0,0,2,0,0,0,0,0,0,0,0,0,0.08695652173913043,0.21739130434782608,2,1
34,26,1,2,1,0,3,0,0,0,0,0,1,0,0,0,0,1,1,0,0,0.0,0.20588235294117646,7,1
28,19,1,3,0,0,3,0,0,0,0,0,2,0,1,0,0,0,0,1,0,0.0,0.25,3,0
59,19,32,2,3,0,5,0,0,0,0,0,1,0,1,0,0,0,0,0,0,0.0,0.1864406779661017,3,0
36,18,10,2,0,0,6,0,0,0,0,1,1,0,1,0,0,0,0,0,0,0.027777777777777776,0.25,3,0
28,13,7,2,0,0,3,0,0,0,0,0,1,0,1,0,0,0,0,0,0,0.0,0.21428571428571427,3,0
35,13,14,2,1,0,4,0,0,0,0,0,1,0,1,0,0,0,0,0,0,0.0,0.22857142857142856,3,0
26,11,7,1,0,0,3,0,0,0,0,2,0,0,1,0,0,0,0,0,1,0.07692307692307693,0.19230769230769232,3,1
36,13,15,1,0,0,4,0,0,0,0,4,0,0,1,0,0,0,0,0,0,0.1111111111111111,0.16666666666666666,3,0
33,16,9,2,0,0,3,0,0,0,0,0,1,0,1,0,0,0,0,0,0,0.0,0.18181818181818182,3,0
36,29,0,3,1,0,2,0,0,0,0,0,2,0,0,0,0,1,1,0,0,0.0,0.19444444444444445,2,1
41,19,14,2,1,0,4,0,0,0,0,0,1,0,1,0,0,0,0,0,0,0.0,0.1951219512195122,3,0
86,14,65,2,1,0,7,0,0,0,0,17,0,0,0,0,0,1,0,0,0,0.19767441860465115,0.12790697674418605,2,1
59,11,40,2,1,0,7,0,0,0,0,1,0,0,1,0,0,0,2,1,0,0.01694915254237288,0.1864406779661017,2,1
18,10,1,1,0,0,3,0,0,0,0,0,0,0,0,0,0,0,0,0,0,0.0,0.2777777777777778,4,1
90,19,63,4,0,0,6,0,0,0,0,29,1,0,1,0,0,0,0,0,0,0.32222222222222224,0.12222222222222222,3,1
34,9,6,2,0,0,3,1,1,0,0,3,1,0,1,0,0,0,0,0,0,0.08823529411764706,0.23529411764705882,3,0
31,15,8,2,0,0,3,0,0,0,0,0,1,0,1,0,0,0,0,1,0,0.0,0.1935483870967742,3,0
21,13,1,1,0,0,3,0,0,0,0,0,0,0,0,0,0,0,0,0,0,0.0,0.23809523809523808,3,1
96,14,75,2,6,0,9,0,0,0,0,8,0,0,0,0,0,0,0,1,0,0.08333333333333333,0.1875,3,0
106,13,86,7,0,0,7,0,0,0,0,15,0,0,0,0,0,0,0,0,0,0.14150943396226415,0.14150943396226415,2,1
53,12,33,2,0,2,6,0,1,0,0,5,1,0,1,0,0,0,0,0,0,0.09433962264150944,0.22641509433962265,3,0
48,18,22,3,0,0,5,0,0,0,0,1,1,0,1,0,0,0,0,0,0,0.020833333333333332,0.1875,3,0
37,25,4,2,0,0,3,0,0,0,0,8,1,0,1,0,0,0,0,0,0,0.21621621621621623,0.16216216216216217,2,1
25,9,9,1,0,0,4,0,0,0,0,2,0,0,0,0,0,0,0,0,0,0.08,0.24,3,1
84,16,46,2,0,1,6,1,1,0,0,6,1,0,1,0,0,0,0,1,0,0.07142857142857142,0.14285714285714285,3,1
100,13,80,1,12,0,5,0,0,0,0,7,0,0,0,0,0,0,0,0,0,0.07,0.19,3,0
57,19,31,1,1,0,6,0,0,0,0,0,0,0,0,0,0,0,0,1,0,0.0,0.15789473684210525,3,1
51,28,15,1,1,0,3,0,0,0,0,1,0,0,1,0,0,0,0,0,0,0.0196078431372549,0.11764705882352941,3,1
54,10,36,2,1,0,7,0,0,0,0,0,1,0,1,0,0,0,1,0,0,0.0,0.2037037037037037,2,1
22,13,1,1,0,0,3,0,0,0,0,0,0,0,1,0,0,0,0,0,0,0.0,0.22727272727272727,3,1
25,10,7,1,0,0,3,0,0,0,0,0,0,0,1,0,0,0,0,0,0,0.0,0.2,3,0
41,11,22,3,0,0,5,0,0,0,0,1,1,0,1,0,0,0,0,0,0,0.024390243902439025,0.21951219512195122,3,0
206,15,17,3,0,1,4,1,3,0,2,96,1,0,1,0,0,0,1,0,0,0.46601941747572817,0.0825242718446602,2,1
99,15,76,2,1,1,7,0,0,0,0,9,1,0,1,0,0,0,0,1,0,0.09090909090909091,0.12121212121212122,3,1
41,11,22,2,0,1,4,0,0,0,0,0,1,0,1,0,0,0,0,0,0,0.0,0.1951219512195122,3,0
85,21,33,2,1,0,6,1,1,1,0,1,0,0,0,0,0,1,1,0,0,0.011764705882352941,0.15294117647058825,2,1
43,13,22,2,0,1,4,0,0,0,0,0,1,0,1,0,0,0,0,0,0,0.0,0.18604651162790697,3,0
22,14,1,2,0,0,3,0,0,0,0,0,1,0,0,0,0,0,0,0,0,0.0,0.2727272727272727,3,1
72,23,41,1,3,0,9,0,0,0,0,3,0,0,1,0,0,1,0,0,0,0.041666666666666664,0.20833333333333334,3,1
39,16,15,2,1,0,3,0,0,0,0,0,1,0,1,0,0,0,1,0,0,0.0,0.1794871794871795,3,0
124,12,105,4,2,0,8,0,0,0,0,26,0,0,0,0,0,0,1,1,0,0.20967741935483872,0.16129032258064516,3,1
42,33,1,2,2,0,3,0,0,0,0,0,1,0,1,0,0,1,0,0,0,0.0,0.19047619047619047,2,1
31,17,6,2,0,0,3,0,0,0,0,0,1,0,1,0,0,0,0,1,0,0.0,0.1935483870967742,3,0
93,18,35,4,0,0,7,1,1,1,0,0,1,0,0,0,0,0,0,0,0,0.0,0.16129032258064516,3,1
59,24,28,4,1,1,5,0,0,0,0,0,2,0,0,0,0,0,0,0,0,0.0,0.2033898305084746,2,1
54,14,32,2,3,0,5,0,0,0,0,0,1,0,1,0,0,0,0,0,0,0.0,0.2037037037037037,3,0
26,19,0,1,0,0,2,0,0,0,0,0,0,0,0,0,0,0,0,0,0,0.0,0.15384615384615385,3,1
39,11,20,1,0,0,5,0,0,0,0,0,0,0,1,0,0,0,0,0,0,0.0,0.1794871794871795,3,0
44,23,13,2,0,0,4,0,0,0,0,0,1,0,1,0,0,0,0,0,0,0.0,0.1590909090909091,3,1
30,15,7,2,0,0,3,0,0,0,0,0,1,0,1,0,0,0,0,0,0,0.0,0.2,3,0
62,25,18,1,1,0,5,1,1,0,0,1,0,0,1,0,0,0,0,0,0,0.016129032258064516,0.16129032258064516,3,1
35,21,7,2,0,0,3,0,0,0,0,0,1,0,0,0,0,0,0,0,0,0.0,0.17142857142857143,3,1
24,16,1,1,0,0,3,0,0,0,0,0,0,0,0,0,0,0,0,0,0,0.0,0.20833333333333334,3,1
73,22,44,1,1,0,8,0,0,0,0,3,0,0,0,0,0,0,3,1,0,0.0410958904109589,0.1506849315068493,3,1
44,36,1,2,0,0,3,0,0,0,0,3,1,0,0,0,0,0,0,0,0,0.06818181818181818,0.13636363636363635,3,1
36,17,11,2,1,0,3,0,0,0,0,0,1,0,1,0,0,0,0,0,0,0.0,0.19444444444444445,3,1
28,14,6,2,0,0,3,0,0,0,0,0,1,0,1,0,0,0,0,0,0,0.0,0.21428571428571427,3,0
146,30,51,5,4,0,7,1,2,0,1,36,1,0,1,0,0,0,0,1,0,0.2465753424657534,0.15753424657534246,3,1
30,11,12,2,0,0,3,0,0,0,0,0,0,0,0,0,0,0,0,0,0,0.0,0.2,2,1
38,17,13,4,0,0,4,0,0,0,0,0,1,0,1,0,0,0,0,0,0,0.0,0.23684210526315788,2,1
143,30,48,5,4,0,7,1,2,0,1,27,1,0,1,0,0,0,0,1,0,0.1888111888111888,0.15384615384615385,3,1
326,28,61,3,5,4,9,1,5,0,4,91,1,0,1,0,0,1,0,0,0,0.2791411042944785,0.13190184049079753,3,1
32,9,15,1,1,0,3,0,0,0,0,0,0,0,1,0,0,0,1,0,0,0.0,0.1875,2,0
41,19,14,2,1,0,4,0,0,0,0,0,1,0,1,0,0,0,0,0,0,0.0,0.1951219512195122,3,0
60,15,37,2,4,0,5,0,0,0,0,4,1,0,1,0,0,0,0,0,0,0.06666666666666667,0.2,3,0
22,14,0,2,0,0,2,0,0,0,0,0,1,0,1,0,0,0,0,0,0,0.0,0.22727272727272727,3,0
24,15,1,2,0,0,3,0,0,0,0,0,1,0,1,0,0,0,0,0,0,0.0,0.25,3,0
96,8,81,1,10,0,6,0,0,0,0,6,0,0,0,0,0,0,0,0,0,0.0625,0.1875,3,0
111,15,76,2,0,3,7,1,1,0,0,7,1,0,1,0,0,0,0,1,0,0.06306306306306306,0.13513513513513514,3,1
34,18,8,2,0,0,3,0,0,0,0,0,1,0,1,0,0,0,0,0,0,0.0,0.17647058823529413,3,0
67,40,20,5,0,0,4,0,0,0,0,19,4,0,0,0,0,0,0,0,0,0.2835820895522388,0.14925373134328357,3,1
33,18,7,2,0,0,3,0,0,0,0,0,1,0,1,0,0,0,0,0,0,0.0,0.18181818181818182,3,0
52,12,32,2,3,0,5,0,0,0,0,0,1,0,1,0,0,0,1,0,0,0.0,0.21153846153846154,3,0
183,7,169,1,2,0,6,0,0,0,0,54,0,0,0,0,0,0,0,0,0,0.29508196721311475,0.31693989071038253,3,0
69,37,25,4,0,0,6,0,0,0,0,0,3,0,0,0,0,0,0,0,0,0.0,0.15942028985507245,2,1
86,15,64,3,1,0,9,0,0,0,0,0,1,0,0,0,0,0,0,0,0,0.0,0.16279069767441862,3,1
73,22,44,1,1,0,8,0,0,0,0,3,0,0,0,0,0,0,3,1,0,0.0410958904109589,0.1506849315068493,3,1
47,17,22,1,0,1,4,0,0,0,0,0,0,0,1,0,0,0,0,1,0,0.0,0.14893617021276595,3,0
56,28,21,2,2,0,5,0,0,0,0,3,1,0,0,0,0,1,0,1,0,0.05357142857142857,0.17857142857142858,3,1
33,11,14,1,1,0,4,0,0,0,0,0,0,0,1,0,0,0,0,0,0,0.0,0.21212121212121213,3,0
39,11,20,2,0,0,5,0,0,0,0,0,1,0,1,0,0,0,0,0,0,0.0,0.20512820512820512,3,0
26,13,5,2,0,0,3,0,0,0,0,0,1,0,1,0,0,0,0,1,0,0.0,0.23076923076923078,3,0
105,11,87,1,8,0,8,0,0,0,0,0,0,0,0,0,0,0,0,0,0,0.0,0.17142857142857143,3,0
38,14,16,1,2,0,3,0,0,0,0,4,0,0,1,0,0,0,1,0,0,0.10526315789473684,0.18421052631578946,3,1
84,13,64,3,12,0,4,0,0,0,0,6,1,0,0,0,0,0,0,0,0,0.07142857142857142,0.23809523809523808,2,0
105,11,87,2,1,0,11,0,0,0,0,0,0,0,0,0,0,0,0,1,0,0.0,0.14285714285714285,3,1
112,10,94,2,6,0,5,0,0,0,0,0,1,0,1,0,0,0,0,0,0,0.0,0.125,2,0
53,13,32,2,3,0,5,0,0,0,0,0,1,0,1,0,0,0,1,1,0,0.0,0.20754716981132076,3,0
23,15,0,2,0,0,2,0,0,0,0,0,1,0,1,0,0,0,0,0,0,0.0,0.21739130434782608,3,0
34,16,11,2,0,0,3,0,0,0,0,0,0,0,0,0,0,0,0,0,0,0.0,0.17647058823529413,3,1
295,30,65,3,1,5,7,1,4,0,3,58,1,0,1,0,0,1,0,0,0,0.19661016949152543,0.12203389830508475,3,1
30,8,14,1,1,0,4,0,0,0,0,0,0,0,1,0,0,0,0,0,0,0.0,0.23333333333333334,3,0
133,23,103,2,1,1,13,0,0,0,0,5,1,0,0,0,0,0,2,0,0,0.03759398496240601,0.13533834586466165,3,1
36,19,9,2,0,0,3,0,0,0,0,0,1,0,1,0,0,0,0,0,0,0.0,0.16666666666666666,3,0
61,15,38,2,1,0,4,0,0,0,0,5,1,0,1,0,0,0,0,0,0,0.08196721311475409,0.13114754098360656,3,1
26,12,6,1,0,0,3,0,0,0,0,0,0,0,1,0,0,0,1,1,0,0.0,0.19230769230769232,3,0
29,13,8,2,0,0,3,0,0,0,0,0,1,0,1,0,0,0,0,0,0,0.0,0.20689655172413793,3,0
36,11,6,1,0,0,3,1,1,0,0,3,0,0,1,0,0,0,0,0,0,0.08333333333333333,0.19444444444444445,3,0
106,19,80,2,1,0,9,0,0,0,0,18,1,0,0,0,0,0,0,0,0,0.16981132075471697,0.12264150943396226,3,1
122,8,44,2,1,0,9,1,3,0,2,12,0,0,1,0,0,0,0,0,0,0.09836065573770492,0.1721311475409836,2,1
22,14,0,2,0,0,2,0,0,0,0,0,1,0,1,0,0,0,0,0,0,0.0,0.22727272727272727,3,0
44,25,12,3,0,0,3,0,0,0,0,0,1,0,0,0,0,0,0,0,0,0.0,0.1590909090909091,3,1
118,13,98,2,18,0,4,0,0,0,0,6,0,0,0,0,0,0,0,0,0,0.05084745762711865,0.211864406779661,2,0
30,12,11,1,1,0,3,0,0,0,0,0,0,0,0,0,0,1,0,0,0,0.0,0.2,3,1
32,16,8,2,0,0,3,0,0,0,0,0,1,0,1,0,0,0,0,1,0,0.0,0.1875,3,0
36,18,10,2,0,0,6,0,0,0,0,1,1,0,1,0,0,0,0,1,0,0.027777777777777776,0.25,3,0
54,26,20,3,0,0,5,0,0,0,0,6,1,0,1,0,0,0,0,0,0,0.1111111111111111,0.16666666666666666,3,1
37,14,15,2,0,0,4,0,0,0,0,4,1,0,1,0,0,0,0,0,0,0.10810810810810811,0.1891891891891892,3,0
36,21,7,2,0,0,3,0,0,0,0,0,1,0,1,0,0,0,0,0,0,0.0,0.16666666666666666,3,0
26,13,6,2,0,0,4,0,0,0,0,0,1,0,0,0,0,0,0,0,0,0.0,0.2692307692307692,2,1
109,17,48,4,2,0,6,1,2,0,1,9,0,0,0,0,0,1,0,0,0,0.08256880733944955,0.1651376146788991,3,1
291,32,63,3,1,5,7,1,4,0,3,58,1,0,1,0,0,1,0,0,0,0.19931271477663232,0.11683848797250859,3,1
110,16,17,2,1,0,5,1,1,0,0,14,1,0,1,0,0,0,0,1,0,0.12727272727272726,0.1,3,1
112,15,76,2,1,2,8,1,1,0,0,7,1,0,1,0,0,0,0,1,0,0.0625,0.14285714285714285,3,1
72,16,37,2,1,0,5,1,1,0,0,15,0,0,1,0,0,0,1,0,0,0.20833333333333334,0.1527777777777778,3,1
27,12,7,1,0,0,3,0,0,0,0,0,0,0,1,0,0,0,0,0,0,0.0,0.18518518518518517,3,0
53,17,29,1,0,0,6,0,0,0,0,0,0,0,0,0,0,0,0,0,0,0.0,0.1509433962264151,3,1
34,15,12,1,0,0,5,0,0,0,0,1,0,0,0,0,0,0,0,0,0,0.029411764705882353,0.20588235294117646,3,1
43,15,20,2,0,0,5,0,0,0,0,0,1,0,1,0,0,0,0,0,0,0.0,0.18604651162790697,3,0
65,20,37,2,4,0,5,0,0,0,0,4,1,0,1,0,0,0,0,0,0,0.06153846153846154,0.18461538461538463,3,0
207,12,30,2,0,1,6,1,3,0,2,76,0,0,0,0,0,0,1,1,0,0.3671497584541063,0.07729468599033816,3,1
96,23,46,4,2,0,7,1,1,0,0,4,1,0,0,0,0,1,1,0,0,0.041666666666666664,0.16666666666666666,2,1
36,13,15,2,0,0,4,0,0,0,0,4,1,0,1,0,0,0,1,1,0,0.1111111111111111,0.19444444444444445,3,0
74,21,45,2,0,0,8,0,0,0,0,0,0,0,1,0,0,0,0,0,0,0.0,0.14864864864864866,3,1
94,11,76,2,2,1,7,0,0,0,0,7,0,0,0,0,0,0,0,0,0,0.07446808510638298,0.13829787234042554,3,0
157,12,57,14,0,0,4,1,1,0,0,37,0,0,0,0,0,0,0,0,0,0.2356687898089172,0.1464968152866242,3,0
46,10,29,2,0,0,5,0,0,0,0,0,0,0,0,0,0,0,0,1,0,0.0,0.17391304347826086,3,1
86,10,45,2,5,0,4,1,2,0,1,21,0,0,0,0,0,0,0,0,0,0.2441860465116279,0.18604651162790697,3,0
37,15,14,2,1,0,4,0,0,0,0,0,1,0,1,0,0,0,0,0,0,0.0,0.21621621621621623,3,0
139,18,86,3,1,2,12,1,2,0,1,11,0,0,0,0,0,0,2,0,0,0.07913669064748201,0.17266187050359713,3,1
22,14,0,2,0,0,2,0,0,0,0,0,1,0,1,0,0,0,0,0,0,0.0,0.22727272727272727,3,0
25,17,0,2,1,0,2,0,0,0,0,0,1,0,1,0,0,1,0,0,0,0.0,0.24,3,1
28,13,8,1,0,0,4,0,0,0,0,0,0,0,0,0,0,0,0,0,0,0.0,0.21428571428571427,3,1
36,19,9,3,0,0,3,0,0,0,0,0,2,0,1,0,0,0,0,1,0,0.0,0.19444444444444445,3,0
50,19,24,2,0,0,7,0,0,0,0,10,1,0,0,0,0,0,1,0,0,0.2,0.2,3,1
91,20,63,4,1,0,9,0,0,0,0,0,2,0,1,0,0,0,2,0,0,0.0,0.16483516483516483,2,1
60,15,37,2,4,0,5,0,0,0,0,4,1,0,1,0,0,0,0,0,0,0.06666666666666667,0.2,3,0
45,17,20,2,0,0,5,0,0,0,0,0,1,0,1,0,0,0,0,1,0,0.0,0.17777777777777778,3,0
97,12,78,1,6,0,7,0,0,0,0,0,0,0,0,0,0,0,0,1,0,0.0,0.15463917525773196,3,0
39,15,16,2,0,0,6,0,0,0,0,0,1,0,1,0,0,0,0,0,0,0.0,0.23076923076923078,2,1
55,15,32,2,3,0,5,0,0,0,0,0,1,0,1,0,0,0,0,1,0,0.0,0.2,3,0
53,12,33,2,0,2,6,0,1,0,0,5,1,0,1,0,0,0,0,0,0,0.09433962264150944,0.22641509433962265,3,0
42,14,20,2,0,0,5,0,0,0,0,0,1,0,1,0,0,0,0,0,0,0.0,0.19047619047619047,3,0
41,11,22,2,0,1,4,0,0,0,0,0,1,0,1,0,0,0,0,0,0,0.0,0.1951219512195122,3,0
57,16,33,2,0,2,6,0,1,0,0,5,1,0,1,0,0,0,0,0,0,0.08771929824561403,0.21052631578947367,3,0
38,13,6,2,0,0,3,1,1,0,0,3,1,0,1,0,0,0,0,0,0,0.07894736842105263,0.21052631578947367,3,0
43,17,19,1,1,0,5,0,0,0,0,1,0,0,0,0,0,0,0,0,0,0.023255813953488372,0.18604651162790697,3,1
71,19,22,4,0,0,5,1,2,1,0,2,0,0,0,0,0,0,1,0,0,0.028169014084507043,0.19718309859154928,3,1
38,30,1,2,0,0,3,0,0,0,0,0,1,0,0,0,0,0,1,0,0,0.0,0.15789473684210525,3,1
65,24,33,3,1,0,6,0,0,0,0,0,2,0,1,0,0,0,0,0,0,0.0,0.16923076923076924,2,1
44,16,20,2,0,0,4,0,0,0,0,0,1,0,1,0,0,0,0,1,0,0.0,0.1590909090909091,3,1
59,13,38,2,1,0,4,0,0,0,0,2,0,0,1,0,0,0,0,0,0,0.03389830508474576,0.15254237288135594,3,1
29,16,5,2,0,0,3,0,0,0,0,0,1,0,1,0,0,0,0,0,0,0.0,0.20689655172413793,3,0
90,17,66,1,7,0,7,0,0,0,0,8,0,0,0,0,0,0,0,0,0,0.08888888888888889,0.17777777777777778,3,0
37,17,12,2,0,0,4,0,0,0,0,0,1,0,1,0,0,0,0,0,0,0.0,0.1891891891891892,3,0
28,10,10,2,0,0,6,0,0,0,0,1,1,0,1,0,0,0,0,0,0,0.03571428571428571,0.32142857142857145,2,0
85,15,63,3,2,1,8,0,0,0,0,0,1,0,0,0,0,0,0,0,0,0.0,0.17647058823529413,3,1
73,19,17,2,0,1,4,1,1,1,0,2,0,0,1,0,0,0,0,0,0,0.0273972602739726,0.1643835616438356,3,1
230,15,17,2,0,1,5,1,1,0,0,39,0,0,1,0,0,0,0,0,0,0.16956521739130434,0.05217391304347826,3,1
54,17,29,2,0,0,3,0,0,0,0,10,1,0,1,0,0,0,0,0,0,0.18518518518518517,0.1111111111111111,3,1
34,16,10,2,0,0,6,0,0,0,0,1,1,0,1,0,0,0,0,1,0,0.029411764705882353,0.2647058823529412,3,0
264,18,17,4,1,2,5,1,1,0,0,64,1,0,1,0,0,0,0,0,0,0.24242424242424243,0.06060606060606061,2,1
113,17,61,3,2,0,10,1,1,1,0,0,0,0,0,0,0,0,0,0,0,0.0,0.168141592920354,2,1
79,29,43,2,2,0,7,0,0,0,0,7,0,0,0,0,0,1,4,1,0,0.08860759493670886,0.1518987341772152,3,1
39,16,15,2,1,0,3,0,0,0,0,0,1,0,1,0,0,0,1,0,0,0.0,0.1794871794871795,3,0
57,30,20,3,0,0,5,0,0,0,0,7,1,0,0,0,0,0,1,1,0,0.12280701754385964,0.15789473684210525,3,1
31,18,5,2,0,0,3,0,0,0,0,0,1,0,1,0,0,0,0,0,0,0.0,0.1935483870967742,3,0
75,17,51,1,1,0,9,0,0,0,0,0,0,0,0,0,0,0,0,0,0,0.0,0.16,3,1
35,9,18,1,0,0,3,0,0,0,0,4,0,0,1,0,0,0,0,0,0,0.11428571428571428,0.14285714285714285,3,1
41,13,20,2,0,0,5,0,0,0,0,0,1,0,1,0,0,0,0,0,0,0.0,0.1951219512195122,3,0
29,15,6,2,0,0,3,0,0,0,0,0,1,0,1,0,0,0,0,0,0,0.0,0.20689655172413793,3,0
38,15,15,2,1,0,3,0,0,0,0,0,1,0,1,0,0,0,1,0,0,0.0,0.18421052631578946,3,0
73,16,34,4,0,1,6,1,1,0,0,0,1,0,0,0,0,0,1,1,0,0.0,0.1917808219178082,2,1
61,22,32,1,2,0,8,0,0,0,0,6,0,0,0,0,0,1,0,0,0,0.09836065573770492,0.19672131147540983,2,1
42,14,20,2,0,0,5,0,0,0,0,0,1,0,1,0,0,0,0,0,0,0.0,0.19047619047619047,3,0
55,14,34,1,3,0,5,0,0,0,0,2,0,0,0,0,0,0,0,0,0,0.03636363636363636,0.2,3,1
123,7,66,2,1,0,12,1,1,0,1,3,0,0,0,0,0,0,0,0,0,0.024390243902439025,0.16260162601626016,2,1
324,22,25,2,0,0,6,1,7,0,6,109,0,0,0,0,0,0,0,0,0,0.33641975308641975,0.08950617283950617,3,1
32,15,9,2,0,0,3,0,0,0,0,0,1,0,1,0,0,0,0,0,0,0.0,0.1875,3,0
109,6,23,1,2,4,5,1,4,0,3,5,0,0,0,0,0,0,0,1,0,0.045871559633027525,0.21100917431192662,2,0
27,19,1,2,0,0,3,0,0,0,0,0,1,0,0,0,0,0,0,0,0,0.0,0.2222222222222222,2,1
94,13,74,3,1,1,8,0,0,0,0,6,1,0,0,0,0,0,0,0,0,0.06382978723404255,0.14893617021276595,2,1
54,13,33,2,0,2,6,0,1,0,0,5,1,0,1,0,0,0,0,0,0,0.09259259259259259,0.2222222222222222,3,0
235,60,10,5,5,1,3,1,3,0,2,73,3,0,0,0,0,1,2,0,0,0.31063829787234043,0.08936170212765958,2,1
44,14,22,2,0,1,4,0,0,0,0,0,1,0,1,0,0,0,0,0,0,0.0,0.18181818181818182,3,0
32,14,10,2,0,0,6,0,0,0,0,1,1,0,1,0,0,0,0,0,0,0.03125,0.28125,3,0
40,17,15,2,1,0,3,0,0,0,0,0,1,0,1,0,0,0,1,1,0,0.0,0.175,3,0
47,15,24,1,0,0,6,0,0,0,0,0,0,0,1,0,0,0,0,0,0,0.0,0.1702127659574468,3,1
38,10,20,1,0,0,5,0,0,0,0,0,0,0,1,0,0,0,0,0,0,0.0,0.18421052631578946,3,0
34,17,10,1,0,0,4,0,0,0,0,0,0,0,0,0,0,0,0,0,0,0.0,0.17647058823529413,3,1
32,16,8,2,0,0,3,0,0,0,0,0,1,0,1,0,0,0,0,1,0,0.0,0.1875,3,0
23,15,1,1,1,0,3,0,0,0,0,0,0,0,0,0,0,1,0,0,0,0.0,0.2608695652173913,3,1
31,22,1,2,0,0,3,0,0,0,0,2,1,0,1,0,0,0,0,0,0,0.06451612903225806,0.1935483870967742,3,1
162,30,42,6,4,0,7,1,2,1,1,23,1,0,1,0,0,0,0,1,0,0.1419753086419753,0.14814814814814814,3,1
53,20,25,3,0,0,5,0,0,0,0,0,1,0,1,0,0,0,0,0,0,0.0,0.16981132075471697,3,1
77,24,46,2,1,0,7,0,0,0,0,0,0,0,0,0,0,0,0,0,0,0.0,0.14285714285714285,3,1
25,11,6,1,0,0,3,0,0,0,0,0,0,0,1,0,0,0,1,0,0,0.0,0.2,3,0
22,7,7,1,0,0,3,0,0,0,0,2,0,0,1,0,0,0,0,0,0,0.09090909090909091,0.22727272727272727,2,1
44,14,22,3,0,0,5,0,0,0,0,1,1,0,1,0,0,0,0,0,0,0.022727272727272728,0.20454545454545456,3,0
32,12,12,2,0,0,4,0,0,0,0,0,1,0,1,0,0,0,0,0,0,0.0,0.21875,3,0
57,17,32,2,3,0,5,0,0,0,0,0,1,0,1,0,0,0,0,0,0,0.0,0.19298245614035087,3,0
61,16,37,2,4,0,5,0,0,0,0,4,1,0,1,0,0,0,0,0,0,0.06557377049180328,0.19672131147540983,3,0
58,17,33,2,0,2,6,0,1,0,0,5,1,0,1,0,0,0,0,1,0,0.08620689655172414,0.20689655172413793,3,0
43,21,15,2,0,0,4,0,0,0,0,0,0,0,0,0,0,0,0,0,0,0.0,0.16279069767441862,3,1
29,11,10,2,0,0,6,0,0,0,0,1,1,0,1,0,0,0,0,0,0,0.034482758620689655,0.3103448275862069,3,0
34,11,15,2,1,0,3,0,0,0,0,0,1,0,1,0,0,0,1,0,0,0.0,0.20588235294117646,3,0
44,35,1,2,3,0,3,0,0,0,0,0,1,0,1,0,0,1,1,1,0,0.0,0.20454545454545456,2,1
147,12,128,2,1,0,11,0,0,0,0,43,0,0,0,0,0,0,0,0,0,0.2925170068027211,0.10204081632653061,3,1
66,34,24,2,5,0,4,0,0,0,0,0,1,0,1,0,0,1,1,1,0,0.0,0.18181818181818182,2,1
58,18,32,2,3,0,5,0,0,0,0,0,1,0,1,0,0,0,0,0,0,0.0,0.1896551724137931,3,0
66,13,46,2,1,0,4,0,1,0,0,19,0,0,0,0,0,1,1,0,0,0.2878787878787879,0.19696969696969696,2,1
58,17,33,2,0,2,6,0,1,0,0,5,1,0,1,0,0,0,0,0,0,0.08620689655172414,0.20689655172413793,3,0
40,20,12,2,0,0,4,0,0,0,0,0,1,0,1,0,0,0,0,0,0,0.0,0.175,3,0
56,20,29,1,1,0,6,0,0,0,0,0,0,0,0,0,0,0,0,0,0,0.0,0.16071428571428573,3,1
28,17,4,2,0,0,4,0,0,0,0,0,1,0,0,0,0,0,0,0,0,0.0,0.25,3,1
105,9,89,2,14,0,4,0,0,0,0,21,0,0,0,0,0,0,0,0,0,0.2,0.2,2,0
81,15,58,2,0,2,6,0,0,0,0,6,1,0,1,0,0,0,0,1,0,0.07407407407407407,0.13580246913580246,3,1
78,22,42,3,2,0,4,1,0,0,0,9,1,0,1,0,0,0,0,1,0,0.11538461538461539,0.14102564102564102,3,1
36,13,15,2,0,0,4,0,0,0,0,4,1,0,1,0,0,0,0,0,0,0.1111111111111111,0.19444444444444445,3,0
202,36,22,2,19,0,5,1,2,0,2,34,0,0,1,0,0,0,0,0,0,0.16831683168316833,0.16831683168316833,3,1
22,14,0,2,0,0,2,0,0,0,0,0,1,0,1,0,0,0,0,0,0,0.0,0.22727272727272727,3,0
94,20,4,3,0,1,4,1,1,0,0,7,1,0,1,0,0,0,0,0,0,0.07446808510638298,0.1276595744680851,3,1
53,12,33,2,0,2,6,0,1,0,0,5,1,0,1,0,0,0,0,0,0,0.09433962264150944,0.22641509433962265,3,0
284,26,62,3,1,4,9,1,4,0,3,58,1,0,1,0,0,1,0,0,0,0.20422535211267606,0.13028169014084506,3,1
70,16,46,2,1,0,6,0,0,0,0,9,1,0,1,0,0,0,0,1,0,0.12857142857142856,0.14285714285714285,3,1
117,28,81,3,1,3,9,0,0,0,0,0,1,0,1,0,0,0,0,0,0,0.0,0.1452991452991453,2,1
42,17,6,2,0,0,3,1,1,0,0,3,1,0,1,0,0,0,0,0,0,0.07142857142857142,0.19047619047619047,3,0
19,11,0,1,0,0,2,0,0,0,0,0,0,0,1,0,0,0,0,0,0,0.0,0.21052631578947367,3,0
31,16,7,2,0,0,3,0,0,0,0,0,1,0,1,0,0,0,0,1,0,0.0,0.1935483870967742,3,0
210,46,44,5,1,3,4,1,2,1,1,85,1,0,1,0,0,0,0,0,0,0.40476190476190477,0.09523809523809523,3,1
33,19,6,2,0,0,3,0,0,0,0,0,1,0,1,0,0,0,1,0,0,0.0,0.18181818181818182,3,0
43,15,20,2,0,0,5,0,0,0,0,0,1,0,1,0,0,0,0,0,0,0.0,0.18604651162790697,3,0
36,13,15,2,0,0,4,0,0,0,0,4,1,0,1,0,0,0,0,1,0,0.1111111111111111,0.19444444444444445,3,0
286,28,68,3,6,6,7,1,5,0,3,44,1,0,1,0,0,1,0,0,0,0.15384615384615385,0.12937062937062938,3,1
34,19,7,2,0,0,3,0,0,0,0,0,1,0,1,0,0,0,0,0,0,0.0,0.17647058823529413,3,0
109,28,68,7,0,1,7,1,0,0,0,4,2,0,0,0,0,0,0,0,0,0.03669724770642202,0.1559633027522936,2,1
28,10,10,1,0,0,6,0,0,0,0,1,0,0,1,0,0,0,0,0,0,0.03571428571428571,0.2857142857142857,3,0
80,22,34,2,0,0,4,1,1,0,0,25,1,0,0,0,0,0,0,0,0,0.3125,0.125,3,1
53,12,33,2,0,2,6,0,1,0,0,5,1,0,1,0,0,0,0,0,0,0.09433962264150944,0.22641509433962265,2,0
77,20,15,4,0,0,5,1,1,0,0,12,1,0,1,0,0,0,0,0,0,0.15584415584415584,0.15584415584415584,2,1
230,21,36,3,0,1,6,1,3,0,2,69,0,0,0,0,0,0,1,0,0,0.3,0.08260869565217391,3,1
34,11,15,2,0,0,4,0,0,0,0,4,1,0,1,0,0,0,0,0,0,0.11764705882352941,0.20588235294117646,3,0
24,11,5,2,0,0,3,0,0,0,0,0,0,0,1,0,0,0,0,0,0,0.0,0.25,3,1
189,19,31,5,0,0,5,1,4,0,3,27,1,0,0,0,0,0,0,0,0,0.14285714285714285,0.14285714285714285,3,1
31,17,6,2,0,0,3,0,0,0,0,0,1,0,1,0,0,0,0,0,0,0.0,0.1935483870967742,2,0
20,6,6,1,0,0,3,0,0,0,0,1,0,0,1,0,0,0,0,0,0,0.05,0.25,2,1
29,15,6,2,0,0,3,0,0,0,0,0,1,0,1,0,0,0,1,0,0,0.0,0.20689655172413793,3,0
31,8,15,1,0,0,4,0,0,0,0,4,0,0,1,0,0,0,0,0,0,0.12903225806451613,0.1935483870967742,3,0
43,13,22,3,0,0,5,0,0,0,0,1,1,0,1,0,0,0,0,1,0,0.023255813953488372,0.20930232558139536,3,0
132,12,57,9,0,0,4,1,1,0,0,28,0,0,0,0,0,0,0,0,0,0.21212121212121213,0.13636363636363635,3,0
27,19,0,1,0,0,2,0,0,0,0,0,0,0,1,0,0,0,0,0,0,0.0,0.14814814814814814,3,1
77,17,52,3,0,0,6,0,0,0,0,1,1,0,1,0,0,0,0,1,0,0.012987012987012988,0.12987012987012986,2,1
30,21,1,1,0,0,3,0,0,0,0,0,0,0,1,0,0,0,0,0,0,0.0,0.16666666666666666,3,1
45,15,23,3,0,0,4,0,0,0,0,2,1,0,0,0,0,0,0,0,0,0.044444444444444446,0.17777777777777778,3,1
32,12,12,1,0,0,4,0,0,0,0,0,0,0,1,0,0,0,0,1,0,0.0,0.1875,3,0
28,20,0,2,0,0,2,0,0,0,0,0,1,0,1,0,0,0,0,0,0,0.0,0.17857142857142858,3,1
30,12,10,4,0,0,4,0,0,0,0,0,0,0,1,0,0,0,0,0,0,0.0,0.3,3,1
37,29,1,2,0,0,3,0,0,0,0,3,1,0,0,0,0,0,0,0,0,0.08108108108108109,0.16216216216216217,3,1
34,21,5,2,0,0,3,0,0,0,0,0,1,0,1,0,0,0,0,0,0,0.0,0.17647058823529413,3,0
30,7,7,1,0,0,3,1,0,0,0,1,0,0,1,0,0,0,0,0,0,0.03333333333333333,0.2,2,1
56,28,21,4,0,0,5,0,0,0,0,10,3,0,0,0,0,0,0,0,0,0.17857142857142858,0.17857142857142858,2,1
41,13,21,2,1,0,4,0,0,0,0,0,0,0,0,0,0,0,1,0,0,0.0,0.1951219512195122,3,1
249,14,26,3,0,0,4,1,0,0,0,34,0,0,1,0,0,0,1,0,0,0.13654618473895583,0.03614457831325301,3,1
62,23,31,2,0,0,5,0,0,0,0,16,1,0,1,0,0,0,0,0,0,0.25806451612903225,0.12903225806451613,2,1
19,10,1,2,0,0,3,0,0,0,0,0,1,0,1,0,0,0,0,0,0,0.0,0.3157894736842105,2,0
141,29,95,2,2,2,7,1,1,0,0,4,1,0,1,0,0,1,0,0,0,0.028368794326241134,0.1276595744680851,3,1
56,12,36,2,0,0,6,0,0,0,0,1,0,0,1,0,0,0,0,0,0,0.017857142857142856,0.16071428571428573,2,1
34,9,18,1,2,0,4,0,0,0,0,1,0,0,0,0,0,0,2,1,0,0.029411764705882353,0.23529411764705882,3,1
60,27,25,1,2,0,5,0,0,0,0,0,0,0,1,0,0,1,0,0,0,0.0,0.15,2,1
37,23,6,2,0,0,3,0,0,0,0,0,1,0,1,0,0,0,0,0,0,0.0,0.16216216216216217,3,0
28,14,6,2,0,0,3,0,0,0,0,0,1,0,1,0,0,0,0,1,0,0.0,0.21428571428571427,3,0
85,14,23,5,1,0,5,1,2,0,1,1,0,0,1,0,0,0,1,0,0,0.011764705882352941,0.2,5,1
99,15,76,2,1,2,7,0,0,0,0,4,1,0,1,0,0,0,0,1,0,0.04040404040404041,0.13131313131313133,3,1
36,14,14,2,1,0,4,0,0,0,0,0,1,0,1,0,0,0,0,1,0,0.0,0.2222222222222222,3,0
28,11,9,2,0,0,3,0,0,0,0,0,1,0,1,0,0,0,0,0,0,0.0,0.21428571428571427,3,0
58,20,31,2,1,0,7,0,0,0,0,1,1,0,0,0,0,0,0,0,0,0.017241379310344827,0.1896551724137931,2,1
28,19,1,1,0,0,3,0,0,0,0,0,0,0,1,0,0,0,0,0,0,0.0,0.17857142857142858,3,1
38,15,15,1,0,0,4,0,0,0,0,0,0,0,1,0,0,0,2,1,0,0.0,0.15789473684210525,3,1
37,17,12,2,0,0,4,0,0,0,0,0,1,0,1,0,0,0,0,1,0,0.0,0.1891891891891892,3,0
19,10,1,1,0,0,3,0,0,0,0,0,0,0,1,0,0,0,0,0,0,0.0,0.2631578947368421,3,0
18,10,0,1,0,0,2,0,0,0,0,0,0,0,1,0,0,0,0,0,0,0.0,0.2222222222222222,3,0
25,9,8,1,0,0,3,0,0,0,0,0,0,0,1,0,0,0,0,0,0,0.0,0.2,2,0
91,24,59,3,1,0,4,0,1,0,0,23,0,0,1,0,0,1,1,0,0,0.25274725274725274,0.15384615384615385,3,1
50,29,14,3,2,0,4,0,0,0,0,1,1,0,0,0,0,1,0,0,0,0.02,0.2,2,1
286,28,64,3,2,6,7,1,4,0,3,56,1,0,1,0,0,1,0,0,0,0.1958041958041958,0.12237762237762238,3,1
127,38,82,2,3,0,8,0,1,0,0,32,1,0,0,0,0,0,1,0,0,0.25196850393700787,0.11811023622047244,3,1
44,35,1,2,0,0,3,0,0,0,0,0,1,0,1,0,0,0,0,0,0,0.0,0.13636363636363635,3,1
63,18,37,2,4,0,5,0,0,0,0,4,1,0,1,0,0,0,0,0,0,0.06349206349206349,0.19047619047619047,3,0
33,25,1,1,2,0,3,0,0,0,0,0,0,0,0,0,0,1,0,0,0,0.0,0.21212121212121213,3,1
85,11,67,2,13,0,3,0,0,0,0,6,0,0,0,0,0,0,0,0,0,0.07058823529411765,0.2235294117647059,2,0
27,16,3,2,0,0,4,0,0,0,0,0,1,0,1,0,0,0,0,0,0,0.0,0.25925925925925924,3,1
59,14,37,2,4,0,5,0,0,0,0,4,1,0,1,0,0,0,0,0,0,0.06779661016949153,0.2033898305084746,3,0
38,15,16,3,0,0,5,0,0,0,0,5,2,0,0,0,0,0,0,0,0,0.13157894736842105,0.23684210526315788,2,1
22,13,1,1,0,0,3,0,0,0,0,0,0,0,1,0,0,0,0,0,0,0.0,0.22727272727272727,3,1
20,11,1,2,0,0,3,0,0,0,0,0,1,0,1,0,0,0,0,0,0,0.0,0.3,3,0
31,17,6,2,0,0,3,0,0,0,0,0,1,0,1,0,0,0,1,1,0,0.0,0.1935483870967742,3,0
39,13,18,1,0,0,5,0,0,0,0,1,0,0,1,0,0,0,0,0,0,0.02564102564102564,0.1794871794871795,3,1
125,18,37,3,1,1,6,1,3,0,2,0,1,0,1,0,0,0,1,0,0,0.0,0.192,3,1
30,17,5,2,0,0,3,0,0,0,0,0,1,0,1,0,0,0,0,0,0,0.0,0.2,3,0
63,41,14,3,2,0,4,0,0,0,0,13,1,0,1,0,0,1,0,0,0,0.20634920634920634,0.15873015873015872,3,1
104,6,9,4,1,2,3,1,3,0,2,15,0,0,1,0,0,0,0,0,0,0.14423076923076922,0.22115384615384615,3,1
95,29,22,1,0,0,5,1,2,0,1,20,0,0,1,0,0,0,0,0,0,0.21052631578947367,0.11578947368421053,3,1
28,19,1,2,0,0,3,0,0,0,0,0,1,0,1,0,0,0,0,0,0,0.0,0.21428571428571427,3,0
53,29,17,3,0,0,4,0,0,0,0,0,1,0,0,0,0,0,1,0,0,0.0,0.1509433962264151,3,1
22,6,8,1,0,0,3,0,0,0,0,1,0,0,1,0,0,0,0,0,1,0.045454545454545456,0.22727272727272727,2,1
99,15,76,2,0,0,7,0,0,0,0,9,1,0,1,0,0,0,0,1,0,0.09090909090909091,0.10101010101010101,3,1
51,14,9,3,0,0,4,1,1,0,0,10,2,0,1,0,0,0,0,0,0,0.19607843137254902,0.19607843137254902,2,1
106,8,91,1,15,0,5,0,0,0,0,1,0,0,0,0,0,0,0,0,0,0.009433962264150943,0.20754716981132076,3,0
276,33,67,3,1,5,7,1,3,0,2,60,1,0,1,0,0,1,0,0,0,0.21739130434782608,0.11231884057971014,3,1
38,15,15,2,0,0,4,0,0,0,0,4,1,0,1,0,0,0,0,0,0,0.10526315789473684,0.18421052631578946,3,0
33,11,14,2,1,0,4,0,0,0,0,0,1,0,1,0,0,0,0,0,0,0.0,0.24242424242424243,3,0
62,10,45,1,0,0,5,0,0,0,0,15,0,0,0,0,0,0,0,0,0,0.24193548387096775,0.11290322580645161,2,1
40,17,15,2,0,0,4,0,0,0,0,4,1,0,1,0,0,0,0,0,0,0.1,0.175,2,0
42,14,20,2,0,0,5,0,0,0,0,0,1,0,1,0,0,0,0,1,0,0.0,0.19047619047619047,3,0
28,19,1,1,2,0,3,0,0,0,0,0,0,0,1,0,0,1,0,0,0,0.0,0.25,3,1
371,12,352,4,2,0,8,0,0,0,0,26,0,0,0,0,0,0,1,1,0,0.07008086253369272,0.3908355795148248,3,1
50,9,33,1,0,2,6,0,1,0,0,5,0,0,1,0,0,0,0,0,0,0.1,0.22,2,0
45,29,8,2,2,0,4,0,0,0,0,0,1,0,1,0,0,1,0,0,0,0.0,0.2,3,1
29,9,12,2,0,0,4,0,0,0,0,0,1,0,1,0,0,0,0,0,0,0.0,0.2413793103448276,3,0
29,11,10,2,0,0,6,0,0,0,0,1,1,0,1,0,0,0,0,0,0,0.034482758620689655,0.3103448275862069,2,0
111,22,80,5,1,0,5,0,0,0,0,32,1,0,1,0,0,0,3,1,0,0.2882882882882883,0.18018018018018017,3,1
41,32,1,2,2,0,3,0,0,0,0,0,1,0,1,0,0,1,4,0,0,0.0,0.1951219512195122,2,1
57,23,27,3,0,2,4,0,0,0,0,0,1,0,0,0,0,0,0,0,0,0.0,0.17543859649122806,2,1
30,15,7,2,0,0,3,0,0,0,0,0,1,0,1,0,0,0,0,0,0,0.0,0.2,3,0
33,13,12,2,0,0,4,0,0,0,0,0,1,0,1,0,0,0,0,0,0,0.0,0.21212121212121213,3,0
40,20,12,2,0,0,4,0,0,0,0,0,0,0,1,0,0,0,0,0,0,0.0,0.175,2,1
269,15,81,2,1,1,8,1,3,0,2,111,0,0,0,0,0,0,1,0,0,0.41263940520446096,0.07806691449814127,3,1
40,16,17,2,0,0,4,0,0,0,0,0,0,0,0,0,0,0,1,0,0,0.0,0.175,3,1
229,13,42,2,1,1,6,1,3,0,2,70,0,0,1,0,0,0,1,0,0,0.3056768558951965,0.08733624454148471,3,1
27,11,8,2,0,0,3,0,0,0,0,0,1,0,1,0,0,0,0,0,0,0.0,0.2222222222222222,3,0
52,11,34,1,0,0,7,0,0,0,0,2,0,0,0,0,0,0,1,1,0,0.038461538461538464,0.17307692307692307,3,1
37,20,9,2,0,0,3,0,0,0,0,0,1,0,1,0,0,0,0,0,0,0.0,0.16216216216216217,3,0
41,18,15,2,0,0,4,0,0,0,0,4,1,0,1,0,0,0,0,0,0,0.0975609756097561,0.17073170731707318,3,0
52,11,33,2,0,2,6,0,1,0,0,5,1,0,1,0,0,0,0,0,0,0.09615384615384616,0.23076923076923078,3,0
29,13,8,2,0,0,3,0,0,0,0,0,1,0,1,0,0,0,1,0,0,0.0,0.20689655172413793,3,0
23,14,1,2,0,0,3,0,0,0,0,0,1,0,1,0,0,0,0,0,0,0.0,0.2608695652173913,3,0
35,7,20,1,0,0,5,0,0,0,0,0,0,0,1,0,0,0,0,0,0,0.0,0.2,3,0
33,18,7,2,0,0,3,0,0,0,0,0,1,0,1,0,0,0,0,1,0,0.0,0.18181818181818182,3,0
55,14,33,2,0,2,6,0,1,0,0,5,1,0,1,0,0,0,0,0,0,0.09090909090909091,0.21818181818181817,3,0
78,38,33,3,5,0,6,0,0,0,0,12,2,0,0,0,0,1,1,0,0,0.15384615384615385,0.19230769230769232,3,1
56,16,32,2,3,0,5,0,0,0,0,0,1,0,1,0,0,0,0,0,0,0.0,0.19642857142857142,3,0
31,23,0,2,0,0,2,0,0,0,0,0,1,0,1,0,0,0,0,0,0,0.0,0.16129032258064516,3,1
34,11,15,1,1,0,5,0,0,0,0,0,0,0,1,0,0,1,0,0,0,0.0,0.23529411764705882,3,1
54,10,36,2,0,0,6,0,0,0,0,1,0,0,1,0,0,0,0,0,0,0.018518518518518517,0.16666666666666666,2,1
55,20,28,3,0,0,5,0,0,0,0,1,1,0,0,0,0,0,2,0,0,0.01818181818181818,0.18181818181818182,2,1
77,18,21,5,1,0,4,1,0,0,0,1,0,0,0,0,0,0,0,0,0,0.012987012987012988,0.15584415584415584,3,1
229,13,42,2,1,1,6,1,3,0,2,66,0,0,1,0,0,0,1,0,0,0.28820960698689957,0.08733624454148471,3,1
29,11,10,2,0,0,6,0,0,0,0,1,1,0,1,0,0,0,0,0,0,0.034482758620689655,0.3103448275862069,3,0
58,17,33,2,0,2,6,0,1,0,0,5,1,0,1,0,0,0,0,0,0,0.08620689655172414,0.20689655172413793,3,0
87,17,63,1,7,0,7,0,0,0,0,8,0,0,0,0,0,0,0,0,0,0.09195402298850575,0.1839080459770115,3,0
77,15,27,3,0,0,6,1,1,1,0,0,0,0,0,0,0,0,1,0,0,0.0,0.16883116883116883,3,1
56,16,18,3,1,0,4,1,0,0,0,14,1,0,0,0,0,1,0,0,0,0.25,0.17857142857142858,3,1
24,15,1,2,0,0,3,0,0,0,0,0,1,0,1,0,0,0,0,0,0,0.0,0.25,3,0
23,8,7,1,0,0,3,0,0,0,0,1,0,0,1,0,0,0,0,0,0,0.043478260869565216,0.21739130434782608,2,1
38,13,6,1,0,0,3,1,1,0,0,3,0,0,1,0,0,0,0,0,0,0.07894736842105263,0.18421052631578946,3,0
70,27,27,2,0,0,7,1,1,0,0,0,0,0,0,0,0,0,0,1,0,0.0,0.18571428571428572,3,1
97,13,52,3,0,0,7,1,1,1,0,0,0,0,0,0,0,0,0,0,0,0.0,0.14432989690721648,2,1
31,18,5,2,0,0,3,0,0,0,0,0,1,0,1,0,0,0,0,0,0,0.0,0.1935483870967742,3,0
49,26,15,3,0,0,4,0,0,0,0,1,2,0,1,0,0,0,0,0,0,0.02040816326530612,0.16326530612244897,2,1
52,22,22,3,0,0,5,0,0,0,0,1,1,0,1,0,0,0,0,0,0,0.019230769230769232,0.17307692307692307,3,0
185,17,14,7,1,3,4,1,2,1,3,35,0,0,0,0,0,0,1,0,0,0.1891891891891892,0.12432432432432433,3,1
52,15,15,2,0,0,5,1,0,0,0,0,0,0,1,0,0,0,0,1,0,0.0,0.17307692307692307,3,1
52,12,32,1,3,0,5,0,0,0,0,0,0,0,1,0,0,0,0,0,0,0.0,0.19230769230769232,3,0
34,18,8,2,0,0,3,0,0,0,0,0,1,0,1,0,0,0,0,0,0,0.0,0.17647058823529413,3,0
103,9,87,1,0,0,5,0,0,0,0,21,0,0,0,0,0,0,0,0,0,0.20388349514563106,0.32038834951456313,2,0
40,10,22,2,0,0,5,0,0,0,0,1,0,0,1,0,0,0,0,1,0,0.025,0.2,3,0
62,17,37,2,4,0,5,0,0,0,0,4,1,0,1,0,0,0,0,0,0,0.06451612903225806,0.1935483870967742,3,0
34,17,9,2,0,0,3,0,0,0,0,0,1,0,1,0,0,0,0,0,0,0.0,0.17647058823529413,3,0
97,10,8,5,0,0,11,2,1,0,0,1,0,0,0,0,0,0,1,0,0,0.010309278350515464,0.2268041237113402,3,1
55,15,32,2,3,0,5,0,0,0,0,0,1,0,1,0,0,0,0,0,0,0.0,0.2,3,0
44,14,22,2,0,1,4,0,0,0,0,0,1,0,1,0,0,0,0,0,0,0.0,0.18181818181818182,3,0
62,17,37,2,4,0,5,0,0,0,0,4,1,0,1,0,0,0,0,1,0,0.06451612903225806,0.1935483870967742,3,0
91,37,45,4,2,0,5,1,0,0,0,0,1,0,1,0,0,0,0,0,0,0.0,0.14285714285714285,2,1
82,16,46,2,0,1,6,1,1,0,0,5,1,0,1,0,0,0,0,1,0,0.06097560975609756,0.14634146341463414,3,1
33,15,10,2,0,0,6,0,0,0,0,1,1,0,1,0,0,0,0,0,0,0.030303030303030304,0.2727272727272727,3,0
29,21,1,2,1,0,3,0,0,0,0,0,1,0,0,0,0,1,0,0,0,0.0,0.2413793103448276,2,1
26,12,6,2,0,0,3,0,0,0,0,0,1,0,1,0,0,0,0,0,0,0.0,0.23076923076923078,3,0
61,16,37,2,4,0,5,0,0,0,0,4,1,0,1,0,0,0,0,0,0,0.06557377049180328,0.19672131147540983,3,0
31,17,6,2,0,0,3,0,0,0,0,0,1,0,1,0,0,0,1,0,0,0.0,0.1935483870967742,3,0
62,15,40,3,0,0,8,0,0,0,0,0,1,0,0,0,0,0,0,0,0,0.0,0.1935483870967742,2,1
41,18,15,2,1,0,3,0,0,0,0,0,1,0,1,0,0,0,1,1,0,0.0,0.17073170731707318,3,0
73,16,50,2,0,0,7,0,0,0,0,0,0,0,0,0,0,0,0,0,0,0.0,0.136986301369863,3,1
237,21,25,1,28,0,5,1,2,0,2,32,0,0,1,0,0,0,0,0,0,0.1350210970464135,0.17721518987341772,3,1
46,22,17,2,0,0,5,0,0,0,0,0,1,0,0,0,0,0,0,0,0,0.0,0.17391304347826086,3,1
30,16,6,2,0,0,3,0,0,0,0,0,1,0,1,0,0,0,0,0,0,0.0,0.2,3,0
52,22,22,3,0,0,5,0,0,0,0,1,1,0,1,0,0,0,0,0,0,0.019230769230769232,0.17307692307692307,3,0
37,21,8,2,0,0,3,0,0,0,0,0,1,0,1,0,0,0,0,0,0,0.0,0.16216216216216217,3,0
31,15,8,2,0,0,3,0,0,0,0,0,1,0,1,0,0,0,0,0,0,0.0,0.1935483870967742,3,0
34,17,9,2,0,0,3,0,0,0,0,0,1,0,1,0,0,0,0,1,0,0.0,0.17647058823529413,3,0
27,13,6,2,0,0,3,0,0,0,0,0,1,0,1,0,0,0,1,1,0,0.0,0.2222222222222222,3,0
35,13,14,2,1,0,4,0,0,0,0,0,1,0,1,0,0,0,0,0,0,0.0,0.22857142857142856,3,0
27,19,0,2,0,0,2,0,0,0,0,0,1,0,1,0,0,0,0,0,0,0.0,0.18518518518518517,3,0
78,16,54,1,1,0,10,0,0,0,0,0,0,0,1,0,0,0,1,1,0,0.0,0.16666666666666666,3,1
87,15,65,1,0,0,12,0,0,0,0,20,0,0,0,0,0,0,0,0,0,0.22988505747126436,0.16091954022988506,3,0
32,8,17,2,0,0,3,0,0,0,0,1,0,0,0,0,0,0,0,0,0,0.03125,0.1875,4,1
26,13,5,1,0,0,3,0,0,0,0,0,0,0,1,0,0,0,0,0,0,0.0,0.19230769230769232,3,0
27,10,9,2,0,0,3,0,0,0,0,0,1,0,1,0,0,0,0,0,0,0.0,0.2222222222222222,3,0
56,11,37,2,4,0,5,0,0,0,0,4,1,0,1,0,0,0,0,0,0,0.07142857142857142,0.21428571428571427,3,0
28,12,8,2,0,0,3,0,0,0,0,0,1,0,1,0,0,0,0,0,0,0.0,0.21428571428571427,3,0
55,15,32,2,3,0,5,0,0,0,0,0,1,0,1,0,0,0,0,0,0,0.0,0.2,3,0
36,10,18,1,1,0,5,0,0,0,0,0,0,0,1,0,0,0,0,0,0,0.0,0.2222222222222222,3,1
27,11,8,2,0,0,3,0,0,0,0,0,1,0,1,0,0,0,0,0,0,0.0,0.2222222222222222,3,0
38,15,15,2,0,0,4,0,0,0,0,4,1,0,1,0,0,0,0,1,0,0.10526315789473684,0.18421052631578946,3,0
26,17,1,2,0,0,3,0,0,0,0,0,1,0,1,0,0,0,0,0,0,0.0,0.23076923076923078,3,0
37,12,6,2,0,0,3,1,1,0,0,3,1,0,1,0,0,0,0,1,0,0.08108108108108109,0.21621621621621623,3,0
25,14,4,2,0,0,4,0,0,0,0,0,1,0,0,0,0,0,0,0,0,0.0,0.28,2,1
52,14,31,3,1,0,5,0,0,0,0,0,0,0,0,0,0,0,0,0,0,0.0,0.19230769230769232,2,1
96,11,78,2,9,1,9,0,0,0,0,5,1,0,0,0,0,0,0,0,0,0.052083333333333336,0.22916666666666666,3,0
40,32,0,2,0,0,2,0,0,0,0,0,1,0,1,0,0,0,0,0,0,0.0,0.125,3,1
32,18,6,2,0,0,3,0,0,0,0,0,1,0,1,0,0,0,0,0,0,0.0,0.1875,3,0
58,17,33,2,0,2,6,0,1,0,0,5,1,0,1,0,0,0,0,0,0,0.08620689655172414,0.20689655172413793,3,0
39,31,1,2,1,0,3,0,0,0,0,4,1,0,0,0,0,1,0,1,0,0.10256410256410256,0.1794871794871795,3,1
67,22,37,2,4,0,5,0,0,0,0,4,1,0,1,0,0,0,0,1,0,0.05970149253731343,0.1791044776119403,3,0
197,5,184,1,0,0,6,0,4,0,3,76,0,0,1,0,0,0,0,0,1,0.38578680203045684,0.116751269035533,2,1
123,6,110,1,19,0,5,0,0,0,0,8,0,0,0,0,0,0,0,0,0,0.06504065040650407,0.21138211382113822,3,0
20,11,1,1,0,0,3,0,0,0,0,5,0,0,1,0,0,0,0,0,0,0.25,0.25,3,1
42,19,15,2,0,0,4,0,0,0,0,4,1,0,1,0,0,0,0,0,0,0.09523809523809523,0.16666666666666666,3,0
28,13,7,2,0,0,3,0,0,0,0,0,1,0,1,0,0,0,0,1,0,0.0,0.21428571428571427,3,0
58,18,32,2,3,0,5,0,0,0,0,0,1,0,1,0,0,0,0,0,0,0.0,0.1896551724137931,3,0
60,31,21,3,0,0,5,0,0,0,0,3,1,0,1,0,0,0,1,0,0,0.05,0.15,3,1
395,15,372,2,6,4,7,0,1,0,0,49,1,0,1,0,0,0,0,0,0,0.1240506329113924,0.053164556962025315,3,1
58,22,28,3,1,0,5,0,0,0,0,0,1,0,1,0,0,0,0,0,0,0.0,0.1724137931034483,3,1
26,18,0,1,0,0,2,0,0,0,0,0,0,0,1,0,0,0,1,0,0,0.0,0.15384615384615385,3,1
39,18,13,1,0,0,5,0,0,0,0,0,0,0,1,0,0,0,0,0,0,0.0,0.1794871794871795,4,1
44,25,11,2,0,0,5,0,0,0,0,1,1,0,1,0,0,0,0,0,0,0.022727272727272728,0.18181818181818182,3,1
77,28,9,3,0,0,4,1,1,1,0,0,1,0,1,0,0,0,1,1,0,0.0,0.14285714285714285,3,1
89,12,70,1,8,0,7,0,0,0,0,10,0,0,0,0,0,0,0,0,0,0.11235955056179775,0.19101123595505617,3,0
269,32,63,3,1,5,7,1,3,0,2,63,1,0,1,0,0,1,0,0,0,0.2342007434944238,0.11152416356877323,3,1
26,12,6,2,0,0,3,0,0,0,0,0,1,0,1,0,0,0,0,0,0,0.0,0.23076923076923078,2,0
26,11,7,1,0,0,3,0,0,0,0,0,0,0,1,0,0,0,0,0,0,0.0,0.19230769230769232,3,0
24,15,1,2,0,0,3,0,0,0,0,0,1,0,1,0,0,0,0,0,0,0.0,0.25,3,0
54,26,20,2,0,0,5,0,0,0,0,0,1,0,1,0,0,0,0,0,0,0.0,0.14814814814814814,3,0
58,17,33,2,0,2,6,0,1,0,0,5,1,0,1,0,0,0,0,0,0,0.08620689655172414,0.20689655172413793,3,0
52,19,25,2,0,0,5,0,0,0,0,0,0,0,1,0,0,0,0,0,0,0.0,0.15384615384615385,2,1
131,12,112,4,2,0,8,0,0,0,0,26,0,0,0,0,0,0,1,1,0,0.1984732824427481,0.19083969465648856,3,1
38,20,10,2,0,0,6,0,0,0,0,1,1,0,1,0,0,0,0,0,0,0.02631578947368421,0.23684210526315788,3,0
21,12,1,2,0,0,3,0,0,0,0,0,1,0,1,0,0,0,0,0,0,0.0,0.2857142857142857,2,0
107,25,45,2,0,3,5,1,1,1,0,6,0,0,1,0,0,0,0,0,0,0.056074766355140186,0.1308411214953271,3,1
91,13,71,2,14,0,4,0,0,0,0,6,0,0,0,0,0,0,0,0,0,0.06593406593406594,0.23076923076923078,2,0
85,13,65,1,5,0,5,0,0,0,0,8,0,0,0,0,0,0,0,0,0,0.09411764705882353,0.1411764705882353,3,0
46,38,1,2,1,0,3,0,0,0,0,0,1,0,0,0,0,1,0,0,0,0.0,0.15217391304347827,7,1
99,15,76,2,1,3,7,0,0,0,0,4,1,0,1,0,0,0,0,1,0,0.04040404040404041,0.1414141414141414,3,1
60,15,37,2,4,0,5,0,0,0,0,4,1,0,1,0,0,0,0,0,0,0.06666666666666667,0.2,3,0
21,7,7,1,0,0,3,0,0,0,0,0,0,0,0,0,0,0,0,0,0,0.0,0.23809523809523808,2,1
65,24,33,1,2,0,6,0,0,0,0,2,0,0,1,0,0,1,0,0,0,0.03076923076923077,0.15384615384615385,2,1
29,15,6,2,0,0,3,0,0,0,0,0,1,0,1,0,0,0,1,0,0,0.0,0.20689655172413793,3,0
74,24,43,1,0,0,9,0,0,0,0,0,0,0,0,0,0,0,0,0,0,0.0,0.14864864864864866,3,1
81,21,29,5,1,0,5,1,1,1,0,0,2,0,0,0,0,0,0,0,0,0.0,0.18518518518518517,2,1
30,17,5,2,0,0,3,0,0,0,0,0,1,0,1,0,0,0,0,0,0,0.0,0.2,3,0
74,15,8,4,0,0,9,1,1,0,0,4,1,0,0,0,0,0,0,0,0,0.05405405405405406,0.22972972972972974,3,1
52,12,32,2,3,0,5,0,0,0,0,0,1,0,1,0,0,0,0,0,0,0.0,0.21153846153846154,3,0
60,20,33,2,0,0,3,0,0,0,0,17,1,0,0,0,0,0,0,0,0,0.2833333333333333,0.1,3,1
25,16,1,2,0,0,3,0,0,0,0,0,1,0,1,0,0,0,0,1,0,0.0,0.24,3,0
63,16,31,2,0,0,6,1,1,0,0,0,0,0,0,0,0,0,0,0,0,0.0,0.1746031746031746,3,1
45,15,22,3,0,0,5,0,0,0,0,1,1,0,1,0,0,0,0,0,0,0.022222222222222223,0.2,3,0
46,18,20,3,0,0,5,0,0,0,0,0,2,0,1,0,0,0,0,1,0,0.0,0.1956521739130435,3,0
31,8,15,1,0,0,4,0,0,0,0,4,0,0,1,0,0,0,0,0,0,0.12903225806451613,0.1935483870967742,3,0
36,16,12,2,0,0,4,0,0,0,0,0,1,0,1,0,0,0,0,0,0,0.0,0.19444444444444445,3,0
33,24,1,3,0,0,3,0,0,0,0,0,2,0,1,0,0,0,0,0,0,0.0,0.21212121212121213,2,1
42,20,14,2,1,0,4,0,0,0,0,0,1,0,1,0,0,0,0,0,0,0.0,0.19047619047619047,3,0
225,20,23,14,2,0,5,2,6,0,10,64,0,0,0,0,0,1,0,0,0,0.28444444444444444,0.18222222222222223,3,1
50,19,24,2,0,0,7,0,0,0,0,12,1,0,0,0,0,0,1,0,0,0.24,0.2,3,1
42,12,22,2,0,1,4,0,0,0,0,0,1,0,1,0,0,0,0,0,0,0.0,0.19047619047619047,3,0
114,17,10,3,1,0,3,1,3,0,2,20,1,0,1,0,0,0,0,0,0,0.17543859649122806,0.16666666666666666,3,1
161,18,136,4,15,0,10,0,0,0,0,8,2,0,0,0,0,0,0,0,0,0.049689440993788817,0.18633540372670807,2,0
35,17,10,2,0,0,6,0,0,0,0,1,1,0,1,0,0,0,0,0,0,0.02857142857142857,0.2571428571428571,3,0
317,27,55,3,5,4,7,1,5,0,4,85,1,0,1,0,0,1,0,0,0,0.26813880126182965,0.11987381703470032,3,1
157,21,22,2,3,0,7,1,3,0,1,4,0,0,0,0,0,1,1,1,0,0.025477707006369428,0.12101910828025478,2,1
42,20,14,2,1,0,4,0,0,0,0,0,1,0,1,0,0,0,0,0,0,0.0,0.19047619047619047,3,0
34,12,14,2,1,0,4,0,0,0,0,0,1,0,1,0,0,0,0,0,0,0.0,0.23529411764705882,3,0
120,9,104,2,2,0,8,0,0,0,0,42,0,0,0,0,0,0,1,1,0,0.35,0.10833333333333334,3,1
36,27,1,2,1,0,3,0,0,0,0,0,1,0,1,0,0,1,0,0,0,0.0,0.19444444444444445,3,1
34,12,14,1,1,0,4,0,0,0,0,0,0,0,1,0,0,0,0,0,0,0.0,0.20588235294117646,3,0
61,16,37,2,4,0,5,0,0,0,0,4,1,0,1,0,0,0,0,0,0,0.06557377049180328,0.19672131147540983,3,0
40,20,12,2,0,0,4,0,0,0,0,0,1,0,1,0,0,0,0,0,0,0.0,0.175,3,0
102,15,80,1,1,0,9,0,0,0,0,21,0,0,0,0,0,0,0,0,0,0.20588235294117646,0.11764705882352941,3,1
29,13,8,2,0,0,3,0,0,0,0,0,1,0,1,0,0,0,0,0,0,0.0,0.20689655172413793,3,0
37,23,6,2,0,0,3,0,0,0,0,0,1,0,1,0,0,0,0,0,0,0.0,0.16216216216216217,3,0
20,6,6,1,0,0,3,0,0,0,0,1,0,0,1,0,0,0,0,0,0,0.05,0.25,2,1
42,19,16,3,0,0,5,0,0,0,0,0,1,0,0,0,0,0,0,0,0,0.0,0.21428571428571427,3,1
42,14,20,2,0,0,5,0,0,0,0,0,1,0,1,0,0,0,0,0,0,0.0,0.19047619047619047,3,0
90,15,39,2,1,1,7,1,1,0,0,5,1,0,0,0,0,0,0,0,0,0.05555555555555555,0.15555555555555556,3,1
91,9,75,2,2,0,9,0,0,0,0,1,1,0,0,0,0,0,0,0,0,0.01098901098901099,0.15384615384615385,2,0
24,16,1,2,0,0,3,0,0,0,0,0,1,0,0,0,0,0,0,0,0,0.0,0.25,3,1
35,22,6,2,1,0,3,0,0,0,0,1,0,0,0,0,0,1,0,0,0,0.02857142857142857,0.2,3,1
102,21,74,2,2,1,8,0,0,0,0,0,0,0,0,0,0,1,0,0,0,0.0,0.13725490196078433,3,1
213,17,22,3,1,1,4,1,3,0,2,88,1,0,1,0,0,0,1,0,0,0.4131455399061033,0.08450704225352113,3,1
35,27,1,2,0,0,3,0,0,0,0,11,1,0,0,0,0,0,0,0,0,0.3142857142857143,0.17142857142857143,3,1
34,14,12,1,0,0,4,0,0,0,0,0,0,0,1,0,0,0,0,1,0,0.0,0.17647058823529413,3,0
55,19,29,2,1,0,4,0,0,0,0,10,1,0,0,0,0,0,0,0,0,0.18181818181818182,0.16363636363636364,2,1
54,16,31,1,1,0,7,0,0,0,0,0,0,0,0,0,0,0,0,0,0,0.0,0.18518518518518517,3,1
145,12,57,9,0,0,4,1,1,0,0,22,0,0,0,0,0,0,0,0,0,0.15172413793103448,0.12413793103448276,3,0
23,15,0,1,1,0,2,0,0,0,0,0,0,0,1,0,0,1,0,0,0,0.0,0.21739130434782608,2,1
28,14,6,2,0,0,3,0,0,0,0,0,1,0,1,0,0,0,0,0,0,0.0,0.21428571428571427,3,0
107,10,90,1,9,0,7,0,0,0,0,8,0,0,0,0,0,0,0,1,0,0.07476635514018691,0.16822429906542055,3,0
25,11,6,2,0,0,3,0,0,0,0,0,1,0,1,0,0,0,1,0,0,0.0,0.24,3,0
79,37,6,5,4,0,3,1,1,1,0,11,2,0,1,0,0,1,1,0,0,0.13924050632911392,0.20253164556962025,3,1
33,14,12,1,0,0,5,0,0,0,0,1,0,0,0,0,0,0,0,0,0,0.030303030303030304,0.21212121212121213,2,1
119,27,84,3,0,4,8,0,1,0,0,5,2,0,1,0,0,0,2,0,0,0.04201680672268908,0.14285714285714285,2,1
39,16,16,1,0,0,5,0,0,0,0,0,0,0,0,0,0,0,1,0,0,0.0,0.1794871794871795,3,1
19,4,7,1,0,0,3,0,0,0,0,1,0,0,1,0,0,0,0,0,0,0.05263157894736842,0.2631578947368421,2,1
60,15,37,2,4,0,5,0,0,0,0,4,1,0,1,0,0,0,0,0,0,0.06666666666666667,0.2,3,0
60,15,37,2,4,0,5,0,0,0,0,4,1,0,1,0,0,0,0,0,0,0.06666666666666667,0.2,3,0
29,17,5,2,0,0,3,0,0,0,0,0,1,0,0,0,0,0,0,0,0,0.0,0.20689655172413793,3,1
52,44,1,3,3,0,3,0,0,0,0,3,2,0,0,0,0,1,0,1,0,0.057692307692307696,0.19230769230769232,3,1
134,26,40,4,0,0,7,1,1,0,0,25,0,0,1,0,0,0,0,0,0,0.1865671641791045,0.11194029850746269,3,1
47,27,13,4,0,0,3,0,0,0,0,0,2,0,0,0,0,0,0,0,0,0.0,0.1702127659574468,2,1
43,15,20,2,0,0,5,0,0,0,0,0,1,0,1,0,0,0,0,0,0,0.0,0.18604651162790697,3,0
43,23,12,2,0,0,4,0,0,0,0,0,1,0,1,0,0,0,0,0,0,0.0,0.16279069767441862,3,0
47,17,22,2,0,1,4,0,0,0,0,0,1,0,1,0,0,0,0,0,0,0.0,0.1702127659574468,3,0
40,17,15,2,1,0,3,0,0,0,0,0,1,0,1,0,0,0,1,0,0,0.0,0.175,3,0
40,15,6,2,0,0,3,1,1,0,0,3,1,0,1,0,0,0,0,0,0,0.075,0.2,3,0
127,17,5,1,0,1,4,1,1,0,0,19,0,0,1,0,0,0,0,0,0,0.14960629921259844,0.09448818897637795,3,1
34,11,15,2,0,0,4,0,0,0,0,4,1,0,1,0,0,0,0,0,0,0.11764705882352941,0.20588235294117646,3,0
38,19,11,2,2,0,4,0,0,0,0,0,0,0,1,0,0,1,0,0,0,0.0,0.23684210526315788,2,1
25,12,5,2,0,0,3,0,0,0,0,0,1,0,1,0,0,0,0,0,0,0.0,0.24,3,0
37,14,15,2,1,0,3,0,0,0,0,0,1,0,1,0,0,0,1,0,0,0.0,0.1891891891891892,3,0
57,12,37,2,4,0,5,0,0,0,0,4,1,0,1,0,0,0,0,0,0,0.07017543859649122,0.21052631578947367,2,0
29,14,7,2,0,0,3,0,0,0,0,0,1,0,1,0,0,0,0,0,0,0.0,0.20689655172413793,3,0
116,15,32,2,1,0,5,0,4,0,5,11,0,0,0,0,0,0,0,0,0,0.09482758620689655,0.19827586206896552,3,1
68,34,26,1,2,0,6,0,0,0,0,0,0,0,1,0,0,1,0,0,0,0.0,0.14705882352941177,3,1
48,7,33,1,0,2,6,0,1,0,0,5,0,0,1,0,0,0,0,0,0,0.10416666666666667,0.22916666666666666,3,0
79,16,56,2,1,0,7,0,0,0,0,0,0,0,0,0,0,0,0,0,0,0.0,0.13924050632911392,3,1
42,17,6,2,0,0,3,1,1,0,0,3,1,0,1,0,0,0,0,0,0,0.07142857142857142,0.19047619047619047,3,0
101,22,44,3,1,1,8,1,2,0,1,3,0,0,0,0,0,0,3,1,0,0.0297029702970297,0.1782178217821782,3,1
120,27,85,3,0,4,9,0,1,0,0,5,2,0,1,0,0,0,2,0,0,0.041666666666666664,0.15,2,1
18,10,0,1,0,0,2,0,0,0,0,0,0,0,1,0,0,0,0,1,0,0.0,0.2222222222222222,3,0
117,14,96,3,6,0,9,0,0,0,0,8,0,0,0,0,0,0,0,0,0,0.06837606837606838,0.1623931623931624,3,0
36,21,7,2,0,0,3,0,0,0,0,0,1,0,1,0,0,0,0,0,0,0.0,0.16666666666666666,3,0
58,17,33,2,0,2,6,0,1,0,0,5,1,0,1,0,0,0,0,0,0,0.08620689655172414,0.20689655172413793,3,0
28,11,9,2,0,0,3,0,0,0,0,0,1,0,1,0,0,0,0,0,0,0.0,0.21428571428571427,3,0
68,22,38,3,2,0,6,0,0,0,0,4,1,0,1,0,0,1,0,0,0,0.058823529411764705,0.17647058823529413,2,1
31,15,8,2,0,0,3,0,0,0,0,0,1,0,1,0,0,0,0,0,0,0.0,0.1935483870967742,3,0
46,21,18,1,0,0,7,0,0,0,0,4,0,0,0,0,0,0,0,0,0,0.08695652173913043,0.1956521739130435,3,1
59,14,37,2,4,0,5,0,0,0,0,4,1,0,1,0,0,0,0,1,0,0.06779661016949153,0.2033898305084746,3,0
45,15,22,3,0,0,5,0,0,0,0,1,1,0,1,0,0,0,0,1,0,0.022222222222222223,0.2,3,0
39,16,15,2,1,0,3,0,0,0,0,0,1,0,1,0,0,0,1,1,0,0.0,0.1794871794871795,3,0
41,13,20,2,0,0,5,0,0,0,0,0,1,0,1,0,0,0,0,0,0,0.0,0.1951219512195122,3,0
68,40,21,1,4,0,4,0,0,0,0,3,0,0,0,0,0,1,0,0,0,0.04411764705882353,0.14705882352941177,3,1
53,12,34,2,1,0,7,0,0,0,0,0,0,0,0,0,0,0,0,0,0,0.0,0.20754716981132076,2,1
66,26,32,2,3,0,5,0,0,0,0,0,1,0,1,0,0,0,0,0,0,0.0,0.16666666666666666,3,0
45,17,20,2,0,0,5,0,0,0,0,0,1,0,1,0,0,0,0,0,0,0.0,0.17777777777777778,3,0
54,14,32,2,3,0,5,0,0,0,0,0,1,0,1,0,0,0,0,0,0,0.0,0.2037037037037037,3,0
47,17,22,2,0,1,4,0,0,0,0,0,1,0,1,0,0,0,0,0,0,0.0,0.1702127659574468,3,0
26,17,1,1,0,0,3,0,0,0,0,0,0,0,1,0,0,0,0,0,0,0.0,0.19230769230769232,2,1
84,17,60,2,1,1,7,0,0,0,0,6,0,0,0,0,0,0,1,0,0,0.07142857142857142,0.14285714285714285,2,1
30,18,4,3,0,0,4,0,0,0,0,0,2,0,1,0,0,0,0,0,0,0.0,0.26666666666666666,2,1
69,17,44,2,0,0,7,0,0,0,0,0,0,0,1,0,0,0,1,1,0,0.0,0.14492753623188406,2,1
102,14,8,6,0,0,12,2,1,0,0,1,1,0,0,0,0,0,1,0,0,0.00980392156862745,0.23529411764705882,3,1
32,14,10,1,0,0,4,0,0,0,0,0,0,0,1,0,0,0,0,0,0,0.0,0.1875,3,1
38,30,1,4,0,0,3,0,0,0,0,0,3,0,0,0,0,0,1,1,0,0.0,0.21052631578947367,3,1
105,6,92,1,6,0,7,0,0,0,0,8,0,0,0,0,0,0,0,0,0,0.0761904761904762,0.14285714285714285,2,0
82,15,59,2,1,1,9,0,0,0,0,0,0,0,1,0,0,0,0,0,0,0.0,0.17073170731707318,3,1
23,15,1,1,0,0,3,0,0,0,0,0,0,0,0,0,0,0,0,0,0,0.0,0.21739130434782608,3,1
65,19,39,2,0,0,7,0,0,0,0,4,0,0,0,0,0,0,0,0,0,0.06153846153846154,0.15384615384615385,3,1
42,23,11,2,0,0,6,0,0,0,0,0,1,0,1,0,0,0,0,0,0,0.0,0.21428571428571427,3,1
40,18,14,2,1,0,4,0,0,0,0,0,1,0,1,0,0,0,0,0,0,0.0,0.2,3,0
53,12,33,2,0,2,6,0,1,0,0,5,1,0,1,0,0,0,0,0,0,0.09433962264150944,0.22641509433962265,3,0
39,17,14,2,1,0,4,0,0,0,0,0,1,0,1,0,0,0,0,0,0,0.0,0.20512820512820512,3,0
64,23,33,2,0,2,6,0,1,0,0,5,1,0,1,0,0,0,0,0,0,0.078125,0.1875,3,0
28,15,5,2,0,0,3,0,0,0,0,0,1,0,1,0,0,0,0,1,0,0.0,0.21428571428571427,3,0
22,13,1,2,0,0,3,0,0,0,0,0,1,0,1,0,0,0,0,0,0,0.0,0.2727272727272727,3,0
42,19,16,2,0,0,3,0,0,0,0,1,0,0,0,0,0,0,0,0,0,0.023809523809523808,0.14285714285714285,3,1
37,12,6,1,0,0,3,1,1,0,0,3,0,0,1,0,0,0,0,1,0,0.08108108108108109,0.1891891891891892,3,0
57,27,23,2,0,0,5,0,0,0,0,3,1,0,0,0,0,0,0,0,0,0.05263157894736842,0.14035087719298245,3,1
36,18,10,2,0,0,6,0,0,0,0,1,1,0,1,0,0,0,0,0,0,0.027777777777777776,0.25,3,0
86,10,68,2,0,0,11,0,0,0,0,8,0,0,1,0,0,0,2,0,0,0.09302325581395349,0.19767441860465115,2,1
34,17,9,2,0,0,3,0,0,0,0,0,1,0,1,0,0,0,0,0,0,0.0,0.17647058823529413,2,0
37,15,14,2,1,0,4,0,0,0,0,0,1,0,1,0,0,0,0,0,0,0.0,0.21621621621621623,3,0
92,12,73,2,10,0,3,0,0,0,0,2,0,0,0,0,0,0,0,0,0,0.021739130434782608,0.17391304347826086,2,0
39,14,6,2,0,0,3,1,1,0,0,3,1,0,1,0,0,0,0,1,0,0.07692307692307693,0.20512820512820512,3,0
42,12,22,1,0,1,4,0,0,0,0,0,0,0,1,0,0,0,0,0,0,0.0,0.16666666666666666,3,0
44,19,6,2,0,0,3,1,1,0,0,3,1,0,1,0,0,0,0,0,0,0.06818181818181818,0.18181818181818182,3,0
58,17,33,2,0,2,6,0,1,0,0,5,1,0,1,0,0,0,0,0,0,0.08620689655172414,0.20689655172413793,3,0
42,19,15,2,0,0,4,0,0,0,0,4,1,0,1,0,0,0,0,0,0,0.09523809523809523,0.16666666666666666,3,0
29,20,1,1,0,0,3,0,0,0,0,0,0,0,1,0,0,0,0,0,0,0.0,0.1724137931034483,3,1
118,18,61,4,3,2,8,1,2,0,1,5,1,0,0,0,0,1,2,0,0,0.0423728813559322,0.19491525423728814,2,1
31,15,8,2,0,0,3,0,0,0,0,0,1,0,1,0,0,0,0,1,0,0.0,0.1935483870967742,3,0
79,16,14,5,0,0,8,1,1,0,0,10,1,0,0,0,0,0,0,0,0,0.12658227848101267,0.21518987341772153,3,1
124,15,23,2,0,1,4,1,3,0,2,13,0,0,1,0,0,0,1,0,0,0.10483870967741936,0.11290322580645161,3,1
46,20,18,2,0,0,5,0,0,0,0,0,0,0,1,0,0,0,0,0,0,0.0,0.17391304347826086,3,1
22,6,8,1,0,1,3,0,0,0,0,0,0,0,1,0,0,0,0,0,1,0.0,0.2727272727272727,2,1
45,19,19,1,1,0,5,0,0,0,0,0,0,0,0,0,0,0,0,0,0,0.0,0.17777777777777778,3,1
33,17,8,2,0,0,3,0,0,0,0,0,1,0,1,0,0,0,0,0,0,0.0,0.18181818181818182,3,0
34,15,12,1,1,0,4,0,0,0,0,4,0,0,0,0,0,1,1,0,0,0.11764705882352941,0.20588235294117646,3,1
27,11,8,1,0,0,3,0,0,0,0,0,0,0,1,0,0,0,0,0,0,0.0,0.18518518518518517,3,0
42,14,20,2,0,0,5,0,0,0,0,0,1,0,1,0,0,0,0,0,0,0.0,0.19047619047619047,2,0
16,5,3,1,0,0,3,0,0,0,0,1,0,0,1,0,0,0,0,0,0,0.0625,0.3125,2,1
49,21,20,2,0,0,5,0,0,0,0,0,1,0,1,0,0,0,0,0,0,0.0,0.16326530612244897,3,0
121,26,65,4,2,4,9,1,1,1,0,0,1,0,1,0,0,1,0,0,0,0.0,0.19008264462809918,2,1
49,27,15,3,2,0,3,0,0,0,1,6,1,0,0,0,0,1,2,0,0,0.12244897959183673,0.20408163265306123,3,1
30,22,1,2,0,0,3,0,0,0,0,0,1,0,0,0,0,0,0,0,0,0.0,0.2,3,1
95,16,72,4,1,0,8,0,0,0,0,1,0,0,0,0,0,0,1,1,0,0.010526315789473684,0.14736842105263157,3,1
67,22,37,2,4,0,5,0,0,0,0,4,1,0,1,0,0,0,0,0,0,0.05970149253731343,0.1791044776119403,3,0
28,14,6,2,0,0,3,0,0,0,0,0,1,0,1,0,0,0,1,0,0,0.0,0.21428571428571427,3,0
53,13,32,2,3,0,5,0,0,0,0,0,1,0,1,0,0,0,0,0,0,0.0,0.20754716981132076,3,0
39,22,10,3,0,0,3,0,0,0,0,0,1,0,0,0,0,0,1,0,0,0.0,0.1794871794871795,3,1
52,18,12,2,0,0,4,1,2,2,2,0,0,0,1,0,0,0,0,0,0,0.0,0.2692307692307692,3,1
49,26,16,1,0,0,5,0,0,0,0,1,0,0,0,0,0,0,0,0,0,0.02040816326530612,0.14285714285714285,3,1
40,15,6,2,0,0,3,1,1,0,0,3,1,0,1,0,0,0,0,0,0,0.075,0.2,3,0
126,11,108,2,16,0,7,0,0,0,0,15,1,0,0,0,0,0,0,0,0,0.11904761904761904,0.20634920634920634,2,0
68,27,33,2,1,0,6,0,0,0,0,2,1,0,1,0,0,1,0,0,0,0.029411764705882353,0.14705882352941177,3,1
35,15,13,1,1,0,4,0,0,0,0,0,0,0,0,0,0,0,0,0,0,0.0,0.2,3,1
47,15,15,2,0,0,5,1,1,0,0,0,0,0,1,0,0,0,0,1,0,0.0,0.2127659574468085,3,1
61,21,32,2,0,0,5,0,0,0,0,1,0,0,1,0,0,0,0,0,0,0.01639344262295082,0.13114754098360656,3,1
89,11,71,2,8,0,7,0,0,0,0,17,1,0,0,0,0,0,0,0,0,0.19101123595505617,0.20224719101123595,2,0
57,12,37,2,4,0,5,0,0,0,0,4,1,0,1,0,0,0,0,0,0,0.07017543859649122,0.21052631578947367,3,0
29,16,5,2,0,0,3,0,0,0,0,0,1,0,1,0,0,0,0,0,0,0.0,0.20689655172413793,3,0
22,13,1,2,0,0,3,0,0,0,0,0,1,0,1,0,0,0,0,1,0,0.0,0.2727272727272727,3,0
40,15,6,2,0,0,3,1,1,0,0,3,1,0,1,0,0,0,0,0,0,0.075,0.2,3,0
30,16,6,2,0,0,3,0,0,0,0,0,1,0,1,0,0,0,1,1,0,0.0,0.2,3,0
21,8,6,1,0,0,3,0,0,0,0,1,0,0,0,0,0,0,0,0,0,0.047619047619047616,0.23809523809523808,3,1
39,16,15,2,0,0,4,0,0,0,0,0,1,0,1,0,0,0,0,0,0,0.0,0.1794871794871795,2,1
40,17,15,2,0,0,4,0,0,0,0,4,1,0,1,0,0,0,0,0,0,0.1,0.175,3,0
104,11,86,2,1,0,11,0,0,0,0,0,0,0,0,0,0,0,0,1,0,0.0,0.14423076923076922,3,1
112,15,76,2,0,2,8,1,1,0,0,11,1,0,1,0,0,0,0,1,0,0.09821428571428571,0.13392857142857142,3,1
123,9,10,5,0,1,8,2,4,0,2,16,0,0,0,0,0,0,0,0,0,0.13008130081300814,0.21138211382113822,2,0
39,14,6,2,0,0,3,1,1,0,0,3,1,0,1,0,0,0,0,1,0,0.07692307692307693,0.20512820512820512,3,0
87,16,63,4,1,0,9,0,0,0,0,0,2,0,1,0,0,0,0,0,0,0.0,0.1724137931034483,2,1
30,16,6,2,0,0,3,0,0,0,0,0,1,0,1,0,0,0,0,0,0,0.0,0.2,3,0
45,23,14,2,1,0,4,0,0,0,0,0,1,0,1,0,0,0,0,0,0,0.0,0.17777777777777778,3,0
31,18,6,1,0,0,4,0,0,0,0,1,0,0,0,0,0,0,0,0,0,0.03225806451612903,0.1935483870967742,3,1
40,12,21,4,0,0,4,0,0,0,0,9,2,1,0,0,0,0,0,0,0,0.225,0.225,2,1
85,10,68,2,7,0,6,0,0,0,0,0,1,0,0,0,0,0,0,0,0,0.0,0.18823529411764706,3,0
32,23,1,2,0,0,3,0,0,0,0,0,1,0,1,0,0,0,0,0,0,0.0,0.1875,3,1
57,17,32,2,3,0,5,0,0,0,0,0,1,0,1,0,0,0,0,0,0,0.0,0.19298245614035087,2,0
126,22,77,6,1,0,5,0,0,1,0,29,1,0,1,0,0,0,2,1,0,0.23015873015873015,0.16666666666666666,3,1
21,8,5,1,0,0,3,0,0,0,0,0,0,0,1,0,0,0,0,0,0,0.0,0.23809523809523808,3,0
37,28,1,2,0,0,3,0,0,0,0,1,1,0,1,0,0,0,1,0,0,0.02702702702702703,0.16216216216216217,3,1
29,14,7,1,1,0,3,0,0,0,0,1,0,0,1,0,0,1,0,0,0,0.034482758620689655,0.20689655172413793,3,1
135,12,57,10,0,0,4,1,1,0,0,42,0,0,0,0,0,0,0,0,0,0.3111111111111111,0.14074074074074075,3,0
265,18,26,3,1,0,4,1,3,0,3,98,1,0,0,0,0,1,1,0,0,0.36981132075471695,0.07169811320754717,3,1
42,12,22,2,0,1,4,0,0,0,0,0,1,0,1,0,0,0,0,0,0,0.0,0.19047619047619047,3,0
43,36,0,2,3,0,2,0,0,0,0,0,1,0,0,0,0,1,0,1,0,0.0,0.18604651162790697,3,1
56,11,37,2,4,0,5,0,0,0,0,4,1,0,1,0,0,0,0,0,0,0.07142857142857142,0.21428571428571427,3,0
36,13,15,2,0,0,4,0,0,0,0,4,1,0,1,0,0,0,0,1,0,0.1111111111111111,0.19444444444444445,3,0
85,21,42,1,8,0,3,1,1,0,0,8,0,0,0,0,0,0,0,0,0,0.09411764705882353,0.17647058823529413,3,0
77,24,45,6,0,0,4,0,0,0,0,14,2,0,1,0,0,0,0,1,0,0.18181818181818182,0.14285714285714285,3,1
95,22,66,2,2,1,8,0,0,0,0,8,1,0,0,0,0,0,0,0,0,0.08421052631578947,0.14736842105263157,3,1
34,16,10,2,0,0,6,0,0,0,0,1,1,0,1,0,0,0,0,0,0,0.029411764705882353,0.2647058823529412,3,0
23,16,0,1,0,0,2,0,0,0,0,1,0,0,0,0,0,0,0,0,0,0.043478260869565216,0.17391304347826086,3,1
36,18,10,2,0,0,6,0,0,0,0,1,1,0,1,0,0,0,0,0,0,0.027777777777777776,0.25,3,0
37,29,1,2,1,0,3,0,0,0,0,0,1,0,0,0,0,1,0,0,0,0.0,0.1891891891891892,3,1
31,17,6,2,0,0,3,0,0,0,0,0,1,0,1,0,0,0,0,0,0,0.0,0.1935483870967742,3,0
99,15,76,2,0,0,7,0,0,0,0,10,1,0,1,0,0,0,0,1,0,0.10101010101010101,0.10101010101010101,3,1
48,18,22,2,0,1,4,0,0,0,0,0,1,0,1,0,0,0,0,0,0,0.0,0.16666666666666666,3,0
31,23,1,1,0,0,3,0,0,0,0,0,0,0,0,0,0,0,0,0,0,0.0,0.16129032258064516,2,1
36,14,14,2,1,0,4,0,0,0,0,0,1,0,1,0,0,0,0,0,0,0.0,0.2222222222222222,3,0
31,16,7,2,0,0,3,0,0,0,0,0,1,0,1,0,0,0,0,0,0,0.0,0.1935483870967742,3,0
229,17,39,2,1,1,7,1,3,0,2,81,0,0,0,0,0,0,2,0,0,0.3537117903930131,0.08733624454148471,3,1
50,18,25,3,0,0,5,0,0,0,0,4,1,0,0,0,0,0,0,0,0,0.08,0.18,2,1
50,10,32,2,3,0,5,0,0,0,0,0,1,0,1,0,0,0,0,0,0,0.0,0.22,3,0
84,15,62,2,0,1,5,0,0,0,0,7,0,0,0,0,0,0,0,0,0,0.08333333333333333,0.14285714285714285,2,0
56,7,42,2,1,0,7,0,0,0,0,0,0,0,0,0,0,0,1,1,0,0.0,0.19642857142857142,2,1
122,17,81,1,10,0,5,1,1,0,0,8,0,0,0,0,0,0,0,0,0,0.06557377049180328,0.1557377049180328,3,0
20,11,1,1,0,0,3,0,0,0,0,0,0,0,1,0,0,0,0,0,0,0.0,0.25,3,0
21,6,7,1,0,0,3,0,0,0,0,3,0,0,1,0,0,0,0,0,0,0.14285714285714285,0.23809523809523808,2,1
63,21,35,2,1,0,7,0,0,0,0,0,1,0,0,0,0,0,0,0,0,0.0,0.1746031746031746,3,1
36,25,4,2,1,0,4,0,0,0,0,0,1,0,0,0,0,1,0,0,0,0.0,0.2222222222222222,2,1
31,23,1,2,0,0,3,0,0,0,0,1,1,0,0,0,0,0,0,0,0,0.03225806451612903,0.1935483870967742,2,1
19,11,0,2,0,0,2,0,0,0,0,0,1,0,1,0,0,0,0,0,0,0.0,0.2631578947368421,3,0
25,16,1,2,0,0,3,0,0,0,0,0,1,0,1,0,0,0,0,0,0,0.0,0.24,3,0
50,35,7,2,0,0,4,0,0,0,0,0,1,0,1,0,0,0,1,0,0,0.0,0.14,3,1
124,11,106,1,13,0,8,0,0,0,0,0,0,0,0,0,0,0,0,0,0,0.0,0.18548387096774194,3,0
96,21,20,7,1,0,7,1,1,0,0,2,1,0,1,0,0,1,0,0,0,0.020833333333333332,0.19791666666666666,3,1
64,21,36,2,0,0,4,0,0,0,0,18,1,0,0,0,0,0,0,0,0,0.28125,0.109375,3,1
61,16,37,2,4,0,5,0,0,0,0,4,1,0,1,0,0,0,0,0,0,0.06557377049180328,0.19672131147540983,3,0
32,14,10,1,0,0,4,0,0,0,0,2,0,0,1,0,0,0,0,0,0,0.0625,0.1875,3,1
60,15,37,2,4,0,5,0,0,0,0,4,1,0,1,0,0,0,0,0,0,0.06666666666666667,0.2,3,0
103,14,1,1,0,0,3,1,1,0,0,19,0,0,1,0,0,0,0,0,0,0.18446601941747573,0.21359223300970873,3,0
99,20,71,2,2,0,8,0,0,0,0,0,0,0,1,0,0,0,1,0,0,0.0,0.13131313131313133,3,1
65,23,35,1,1,0,7,0,0,0,0,3,0,0,0,0,0,1,0,0,0,0.046153846153846156,0.15384615384615385,3,1
41,16,6,2,0,0,3,1,1,0,0,3,1,0,1,0,0,0,0,0,0,0.07317073170731707,0.1951219512195122,3,0
58,17,33,2,0,2,6,0,1,0,0,5,1,0,1,0,0,0,0,0,0,0.08620689655172414,0.20689655172413793,3,0
108,10,15,2,0,0,4,1,9,0,8,4,0,0,0,0,0,0,0,0,0,0.037037037037037035,0.23148148148148148,3,0
164,16,33,2,4,0,8,1,3,0,1,11,0,0,1,0,0,1,0,0,0,0.06707317073170732,0.12804878048780488,2,1
24,11,5,1,0,0,3,0,0,0,0,0,0,0,1,0,0,0,0,0,0,0.0,0.20833333333333334,3,0
44,17,20,1,0,1,5,0,0,0,0,0,0,0,0,0,0,0,0,0,0,0.0,0.18181818181818182,3,1
25,12,5,2,0,0,3,0,0,0,0,0,1,0,1,0,0,0,1,0,0,0.0,0.24,3,0
40,18,14,1,0,0,5,0,0,0,0,0,0,0,1,0,0,0,0,0,0,0.0,0.175,4,1
35,13,14,2,1,0,4,0,0,0,0,0,1,0,1,0,0,0,0,0,0,0.0,0.22857142857142856,3,0
122,23,82,2,3,2,7,1,1,0,0,6,1,0,1,0,0,1,0,0,0,0.04918032786885246,0.1557377049180328,3,1
33,20,5,2,0,0,3,0,0,0,0,0,1,0,1,0,0,0,0,0,0,0.0,0.18181818181818182,3,0
40,10,22,1,0,1,4,0,0,0,0,0,0,0,1,0,0,0,0,0,0,0.0,0.175,3,0
69,37,25,4,0,0,6,0,0,0,0,0,3,0,0,0,0,0,0,0,0,0.0,0.15942028985507245,2,1
29,12,9,1,0,0,3,0,0,0,0,0,0,0,1,0,0,0,0,1,0,0.0,0.1724137931034483,3,0
24,16,1,1,0,0,3,0,0,0,0,0,0,0,0,0,0,0,0,0,0,0.0,0.20833333333333334,3,1
46,28,11,2,1,0,3,0,0,0,0,0,0,0,0,0,0,1,0,0,0,0.0,0.15217391304347827,2,1
111,15,76,2,1,1,7,1,1,0,0,4,1,0,1,0,0,0,0,1,0,0.036036036036036036,0.12612612612612611,3,1
48,18,22,3,0,0,5,0,0,0,0,1,1,0,1,0,0,0,0,1,0,0.020833333333333332,0.1875,3,0
82,21,54,2,1,0,10,0,0,0,0,3,1,0,0,0,0,0,2,0,0,0.036585365853658534,0.17073170731707318,3,1
52,11,33,2,0,2,6,0,1,0,0,5,1,0,1,0,0,0,0,0,0,0.09615384615384616,0.23076923076923078,3,0
174,33,64,2,9,0,4,1,1,0,0,13,1,0,1,0,0,1,0,0,0,0.07471264367816093,0.10344827586206896,3,1
77,26,44,2,1,0,8,0,0,0,0,3,1,0,0,0,0,0,3,1,0,0.03896103896103896,0.15584415584415584,3,1
48,24,16,3,0,0,5,0,0,0,0,0,2,0,1,0,0,0,0,0,0,0.0,0.20833333333333334,2,1
204,11,5,2,1,0,3,1,1,0,0,54,0,0,0,0,0,0,0,0,0,0.2647058823529412,0.25,3,0
51,25,19,3,1,0,6,0,0,0,0,4,2,0,0,0,0,0,0,0,0,0.0784313725490196,0.21568627450980393,3,1
49,15,27,3,1,0,5,0,0,0,0,1,1,0,0,0,0,0,0,0,0,0.02040816326530612,0.20408163265306123,3,1
76,26,43,2,1,0,7,0,0,0,0,3,1,0,0,0,0,0,3,1,0,0.039473684210526314,0.14473684210526316,3,1
57,17,32,2,3,0,5,0,0,0,0,0,1,0,1,0,0,0,0,0,0,0.0,0.19298245614035087,3,0
222,36,12,5,2,1,3,1,3,0,2,82,3,0,1,0,0,1,1,0,0,0.36936936936936937,0.09009009009009009,3,1
40,17,15,2,1,0,3,0,0,0,0,0,1,0,1,0,0,0,1,1,0,0.0,0.175,3,0
44,14,22,3,0,0,5,0,0,0,0,1,1,0,1,0,0,0,0,0,0,0.022727272727272728,0.20454545454545456,3,0
60,19,33,2,0,2,6,0,1,0,0,5,1,0,1,0,0,0,0,0,0,0.08333333333333333,0.2,3,0
190,9,40,5,4,0,4,1,5,0,5,6,0,0,0,0,0,0,0,1,0,0.031578947368421054,0.16842105263157894,3,1
21,12,1,1,0,0,3,0,0,0,0,0,0,0,1,0,0,0,0,1,0,0.0,0.23809523809523808,3,0
41,11,22,1,0,1,4,0,0,0,0,0,0,0,1,0,0,0,0,0,0,0.0,0.17073170731707318,3,0
57,12,37,2,4,0,5,0,0,0,0,4,1,0,1,0,0,0,1,0,0,0.07017543859649122,0.21052631578947367,3,0
44,14,22,2,0,1,4,0,0,0,0,0,1,0,1,0,0,0,0,0,0,0.0,0.18181818181818182,3,0
114,18,89,1,1,2,11,0,0,0,0,4,0,0,0,0,0,0,0,0,0,0.03508771929824561,0.14035087719298245,5,1
31,17,6,1,0,0,3,0,0,0,0,0,0,0,1,0,0,0,1,1,0,0.0,0.16129032258064516,3,0
41,18,15,2,1,0,3,0,0,0,0,0,1,0,1,0,0,0,1,0,0,0.0,0.17073170731707318,3,0
28,15,5,2,0,0,3,0,0,0,0,0,1,0,1,0,0,0,0,0,0,0.0,0.21428571428571427,3,0
39,14,6,2,0,0,3,1,1,0,0,3,1,0,1,0,0,0,0,0,0,0.07692307692307693,0.20512820512820512,3,0
68,23,38,3,0,0,5,0,0,0,0,25,2,0,0,0,0,0,0,0,0,0.36764705882352944,0.1323529411764706,3,1
43,18,6,2,0,0,3,1,1,0,0,3,1,0,1,0,0,0,0,0,0,0.06976744186046512,0.18604651162790697,3,0
28,14,6,2,0,0,3,0,0,0,0,0,1,0,1,0,0,0,0,0,0,0.0,0.21428571428571427,3,0
52,44,1,1,1,0,3,0,0,0,0,11,0,0,0,0,0,1,0,0,0,0.21153846153846154,0.11538461538461539,3,1
37,12,6,2,0,0,3,1,1,0,0,3,1,0,1,0,0,0,0,0,0,0.08108108108108109,0.21621621621621623,3,0
127,20,1,4,10,0,5,1,0,0,0,21,3,0,0,0,0,0,0,0,0,0.16535433070866143,0.16535433070866143,2,1
97,11,1,1,0,2,3,1,4,0,3,29,0,0,0,0,0,0,0,0,0,0.29896907216494845,0.18556701030927836,3,1
27,13,6,1,0,0,3,0,0,0,0,0,0,0,1,0,0,0,0,0,0,0.0,0.18518518518518517,3,0
121,12,102,1,11,0,7,0,0,0,0,10,0,0,0,0,0,0,0,0,0,0.08264462809917356,0.1652892561983471,3,0
63,22,33,2,0,2,6,0,1,0,0,5,1,0,1,0,0,0,0,1,0,0.07936507936507936,0.19047619047619047,3,0
37,26,4,2,0,0,4,0,0,0,0,0,1,0,0,0,0,0,0,0,0,0.0,0.1891891891891892,2,1
43,13,22,2,0,1,4,0,0,0,0,0,1,0,1,0,0,0,0,0,0,0.0,0.18604651162790697,3,0
88,12,69,2,1,1,11,0,0,0,0,5,0,0,0,0,0,0,0,0,0,0.056818181818181816,0.18181818181818182,2,1
58,18,32,2,3,0,5,0,0,0,0,0,1,0,1,0,0,0,0,0,0,0.0,0.1896551724137931,3,0
245,19,53,4,4,1,7,1,3,0,2,92,1,0,0,0,0,0,2,0,0,0.37551020408163266,0.10204081632653061,2,1
17,9,0,1,0,0,2,0,0,0,0,0,0,0,1,0,0,0,0,0,0,0.0,0.23529411764705882,3,0
90,11,72,4,0,0,11,0,0,0,0,0,1,0,0,0,0,0,0,0,0,0.0,0.17777777777777778,2,1
39,14,6,2,0,0,3,1,1,0,0,3,1,0,1,0,0,0,0,0,0,0.07692307692307693,0.20512820512820512,3,0
40,15,6,2,0,0,3,1,1,0,0,3,1,0,1,0,0,0,0,0,0,0.075,0.2,3,0
38,15,15,2,0,0,4,0,0,0,0,4,1,0,1,0,0,0,0,0,0,0.10526315789473684,0.18421052631578946,3,0
44,18,18,3,0,0,4,0,0,0,0,0,0,0,1,0,0,0,0,0,0,0.0,0.18181818181818182,3,1
78,32,38,2,4,0,4,0,0,0,0,25,1,0,1,0,0,1,0,0,0,0.32051282051282054,0.14102564102564102,2,1
23,14,1,2,0,0,3,0,0,0,0,0,1,0,1,0,0,0,0,0,0,0.0,0.2608695652173913,3,0
36,28,1,3,1,0,3,0,0,0,0,0,2,0,0,0,0,1,0,0,0,0.0,0.2222222222222222,2,1
47,17,22,2,0,1,4,0,0,0,0,0,1,0,1,0,0,0,0,0,0,0.0,0.1702127659574468,3,0
48,15,26,1,0,0,8,0,0,0,0,0,0,0,0,0,0,0,0,0,0,0.0,0.20833333333333334,3,1
36,19,9,2,0,0,3,0,0,0,0,0,1,0,1,0,0,0,0,0,0,0.0,0.16666666666666666,3,0
43,17,19,3,0,0,6,0,0,0,0,0,1,0,0,0,0,0,0,0,0,0.0,0.23255813953488372,2,1
56,15,33,2,0,2,6,0,1,0,0,5,1,0,1,0,0,0,0,1,0,0.08928571428571429,0.21428571428571427,3,0
61,23,30,3,0,0,5,0,0,0,0,0,0,0,1,0,0,0,1,0,0,0.0,0.14754098360655737,3,1
34,11,15,1,1,0,3,0,0,0,0,0,0,0,1,0,0,0,1,0,0,0.0,0.17647058823529413,3,0
236,11,5,2,1,0,3,1,1,0,0,64,0,0,0,0,0,0,0,0,0,0.2711864406779661,0.2754237288135593,3,0
325,27,61,3,9,4,9,1,6,0,4,79,1,0,1,0,0,1,0,0,0,0.24307692307692308,0.14153846153846153,3,1
132,16,24,3,0,0,4,1,1,0,0,5,1,0,1,0,0,0,0,0,0,0.03787878787878788,0.07575757575757576,3,1
52,14,11,2,0,0,3,1,1,0,0,3,1,0,1,0,0,0,0,0,0,0.057692307692307696,0.15384615384615385,4,1
41,11,22,1,0,1,4,0,0,0,0,0,0,0,1,0,0,0,0,0,0,0.0,0.17073170731707318,3,0
92,11,74,1,9,0,5,0,0,0,0,10,0,0,0,0,0,0,0,0,0,0.10869565217391304,0.17391304347826086,3,0
141,48,85,2,0,0,5,0,1,0,0,41,1,0,1,0,0,0,1,0,0,0.2907801418439716,0.06382978723404255,2,1
101,15,78,2,1,0,7,0,0,0,0,11,1,0,1,0,0,0,0,1,0,0.10891089108910891,0.10891089108910891,3,1
32,19,5,2,0,0,3,0,0,0,0,0,1,0,1,0,0,0,0,0,0,0.0,0.1875,3,0
60,22,30,3,0,0,4,0,0,0,0,0,1,0,1,0,0,0,0,2,0,0.0,0.13333333333333333,3,1
55,10,37,1,4,0,5,0,0,0,0,4,0,0,1,0,0,0,0,0,0,0.07272727272727272,0.2,3,0
45,18,20,3,0,0,4,0,0,0,0,0,1,0,0,0,0,0,0,0,0,0.0,0.17777777777777778,3,1
161,15,15,2,2,0,6,1,11,0,1,8,0,0,1,0,0,0,0,1,0,0.049689440993788817,0.15527950310559005,3,1
28,10,10,1,0,0,6,0,0,0,0,1,0,0,1,0,0,0,0,0,0,0.03571428571428571,0.2857142857142857,3,0
45,17,20,2,0,0,5,0,0,0,0,0,1,0,1,0,0,0,0,1,0,0.0,0.17777777777777778,3,0
241,19,57,2,0,1,6,1,3,0,2,101,0,0,0,0,0,0,1,0,0,0.4190871369294606,0.06639004149377593,3,1
27,13,6,1,0,0,3,0,0,0,0,0,0,0,1,0,0,0,0,0,0,0.0,0.18518518518518517,3,0
35,12,15,2,1,0,3,0,0,0,0,0,1,0,1,0,0,0,1,0,0,0.0,0.2,3,0
39,22,9,2,0,0,3,0,0,0,0,0,1,0,1,0,0,0,0,1,0,0.0,0.15384615384615385,3,0
42,28,7,2,1,0,4,0,0,0,0,0,1,0,0,0,0,1,0,0,0,0.0,0.19047619047619047,3,1
94,22,65,2,2,1,7,0,0,0,0,8,1,0,0,0,0,0,0,0,0,0.0851063829787234,0.13829787234042554,3,1
47,17,22,3,0,0,5,0,0,0,0,1,1,0,1,0,0,0,0,0,0,0.02127659574468085,0.19148936170212766,3,0
58,49,1,2,4,0,3,0,0,0,0,8,1,0,1,0,0,1,1,0,0,0.13793103448275862,0.1724137931034483,3,1
160,15,15,2,2,0,6,1,11,0,1,8,0,0,0,0,0,0,0,1,0,0.05,0.15625,3,1
31,18,5,2,0,0,4,0,0,0,0,0,1,0,1,0,0,0,0,0,0,0.0,0.22580645161290322,3,1
34,16,10,2,0,0,6,0,0,0,0,1,1,0,1,0,0,0,0,0,0,0.029411764705882353,0.2647058823529412,3,0
237,25,105,18,2,1,20,1,0,0,0,57,2,0,1,0,0,0,0,0,0,0.24050632911392406,0.1940928270042194,2,1
47,19,20,2,0,0,5,0,0,0,0,0,1,0,1,0,0,0,0,0,0,0.0,0.1702127659574468,3,0
24,8,1,1,1,1,3,1,0,0,0,1,0,0,0,0,0,1,0,0,0,0.041666666666666664,0.3333333333333333,2,1
28,14,6,2,0,0,3,0,0,0,0,0,1,0,1,0,0,0,0,0,0,0.0,0.21428571428571427,3,0
25,17,1,2,0,0,3,0,0,0,0,1,1,0,0,0,0,0,1,1,0,0.04,0.24,3,1
32,15,9,2,0,0,3,0,0,0,0,0,1,0,1,0,0,0,0,0,0,0.0,0.1875,3,0
24,10,6,1,0,0,3,0,0,0,0,0,0,0,1,0,0,0,0,0,0,0.0,0.20833333333333334,3,0
26,11,7,2,0,0,3,0,0,0,0,0,1,0,1,0,0,0,0,0,0,0.0,0.23076923076923078,3,0
25,16,1,1,1,0,3,0,0,0,0,0,0,0,1,0,0,1,0,0,0,0.0,0.24,3,1
63,10,46,1,0,0,6,0,0,0,0,17,0,0,0,0,0,0,0,0,0,0.2698412698412698,0.12698412698412698,2,1
72,19,22,4,0,1,4,1,1,1,0,0,1,0,1,0,0,0,1,0,0,0.0,0.18055555555555555,3,1
86,19,59,3,1,0,6,0,0,0,0,0,0,0,1,0,0,0,1,0,0,0.0,0.16279069767441862,3,1
28,13,7,1,0,0,3,0,0,0,0,0,0,0,1,0,0,0,0,0,0,0.0,0.17857142857142858,3,0
61,7,46,1,1,0,4,0,1,0,0,19,0,0,1,0,0,0,1,0,0,0.3114754098360656,0.13114754098360656,2,1
25,11,6,1,0,0,3,0,0,0,0,0,0,0,1,0,0,0,0,0,0,0.0,0.2,3,0
26,12,6,2,0,0,3,0,0,0,0,0,1,0,1,0,0,0,1,0,0,0.0,0.23076923076923078,3,0
73,50,15,2,1,0,3,0,0,0,0,1,1,0,1,0,0,0,0,0,0,0.0136986301369863,0.0958904109589041,3,1
36,14,14,2,1,0,4,0,0,0,0,0,1,0,1,0,0,0,0,0,0,0.0,0.2222222222222222,3,0
42,14,20,2,0,0,5,0,0,0,0,0,1,0,1,0,0,0,0,0,0,0.0,0.19047619047619047,3,0
271,25,73,2,1,2,7,1,3,0,2,99,0,0,0,0,0,0,1,0,0,0.36531365313653136,0.07749077490774908,3,1
34,12,14,1,1,0,4,0,0,0,0,0,0,0,1,0,0,0,0,1,0,0.0,0.20588235294117646,3,0
181,12,9,1,0,1,3,1,6,0,3,41,0,0,1,0,0,0,0,0,0,0.2265193370165746,0.10497237569060773,2,1
267,32,65,3,5,5,7,1,4,0,2,53,1,0,1,0,0,1,0,0,0,0.19850187265917604,0.12359550561797752,3,1
62,17,37,2,4,0,5,0,0,0,0,4,1,0,1,0,0,0,0,0,0,0.06451612903225806,0.1935483870967742,3,0
134,45,5,5,0,1,4,1,3,0,2,22,4,0,0,0,0,0,1,1,0,0.16417910447761194,0.1417910447761194,3,1
38,18,12,2,0,0,4,0,0,0,0,0,1,0,1,0,0,0,0,0,0,0.0,0.18421052631578946,3,0
32,23,1,2,0,0,3,0,0,0,0,0,1,0,1,0,0,0,0,0,0,0.0,0.1875,3,1
58,36,15,1,3,0,3,0,0,0,0,0,0,0,0,0,0,1,0,0,0,0.0,0.13793103448275862,3,1
106,14,7,6,0,0,11,2,1,0,1,1,1,0,0,0,0,0,1,0,0,0.009433962264150943,0.2358490566037736,3,1
58,18,32,3,1,0,7,0,0,0,0,0,2,0,1,0,0,0,0,0,0,0.0,0.20689655172413793,2,1
40,12,20,2,0,0,5,0,0,0,0,0,1,0,1,0,0,0,0,0,0,0.0,0.2,3,0
80,14,34,2,0,0,4,1,1,0,0,26,1,0,0,0,0,0,0,0,0,0.325,0.125,2,1
29,21,0,1,1,0,2,0,0,0,0,0,0,0,1,0,0,1,0,0,0,0.0,0.1724137931034483,2,1
39,17,14,2,1,0,4,0,0,0,0,0,1,0,1,0,0,0,0,0,0,0.0,0.20512820512820512,3,0
33,15,10,2,0,0,6,0,0,0,0,1,1,0,1,0,0,0,0,0,0,0.030303030303030304,0.2727272727272727,3,0
24,16,0,2,0,0,2,0,0,0,0,0,1,0,1,0,0,0,0,0,0,0.0,0.20833333333333334,3,0
168,12,148,2,1,0,4,0,0,0,0,24,1,0,1,0,0,0,0,0,0,0.14285714285714285,0.047619047619047616,3,1
42,17,6,2,0,0,3,1,1,0,0,3,1,0,1,0,0,0,0,1,0,0.07142857142857142,0.19047619047619047,3,0
35,17,10,2,0,0,6,0,0,0,0,1,1,0,1,0,0,0,0,1,0,0.02857142857142857,0.2571428571428571,3,0
58,36,15,3,2,0,3,0,0,0,0,18,1,0,0,0,0,1,0,0,0,0.3103448275862069,0.15517241379310345,3,1
40,10,22,1,0,1,4,0,0,0,0,0,0,0,1,0,0,0,0,0,0,0.0,0.175,3,0
50,22,20,3,0,1,5,0,0,0,0,3,1,0,1,0,0,0,0,0,0,0.06,0.2,3,1
32,15,9,2,0,0,3,0,0,0,0,0,1,0,1,0,0,0,0,0,0,0.0,0.1875,3,0
42,12,22,3,0,0,5,0,0,0,0,1,1,0,1,0,0,0,0,0,0,0.023809523809523808,0.21428571428571427,2,0
24,15,1,2,0,0,3,0,0,0,0,0,1,0,1,0,0,0,0,0,0,0.0,0.25,3,0
38,23,8,2,0,0,3,0,0,0,0,2,1,0,0,0,0,0,0,0,0,0.05263157894736842,0.15789473684210525,3,1
35,13,14,2,1,0,4,0,0,0,0,0,1,0,1,0,0,0,0,0,0,0.0,0.22857142857142856,3,0
44,14,22,2,0,1,4,0,0,0,0,0,1,0,1,0,0,0,0,0,0,0.0,0.18181818181818182,3,0
46,13,25,2,0,0,4,0,0,0,0,0,0,0,1,0,0,0,0,0,0,0.0,0.15217391304347827,2,1
133,30,38,5,5,0,7,1,2,0,1,24,1,0,1,0,0,0,0,1,0,0.18045112781954886,0.17293233082706766,3,1
42,12,22,2,0,0,5,0,0,0,0,1,0,0,1,0,0,0,0,1,0,0.023809523809523808,0.19047619047619047,3,0
48,39,1,2,0,0,3,0,0,0,0,2,1,0,1,0,0,0,0,0,0,0.041666666666666664,0.125,3,1
23,16,0,2,0,0,2,0,0,0,0,0,1,0,0,0,0,0,0,0,0,0.0,0.21739130434782608,2,1
25,11,6,2,0,0,3,0,0,0,0,0,1,0,1,0,0,0,0,0,0,0.0,0.24,3,0
33,10,15,1,0,0,4,0,0,0,0,4,0,0,1,0,0,0,0,0,0,0.12121212121212122,0.18181818181818182,3,0
149,18,50,2,2,0,9,1,4,0,3,4,0,0,0,0,0,1,3,0,0,0.026845637583892617,0.174496644295302,2,1
62,35,20,2,3,1,5,0,0,0,0,0,1,0,0,0,0,1,0,0,0,0.0,0.1935483870967742,3,1
35,22,5,2,0,0,3,0,0,0,0,0,1,0,1,0,0,0,0,1,0,0.0,0.17142857142857143,3,0
25,15,2,1,0,0,4,0,0,0,0,0,0,0,1,0,1,0,0,0,0,0.0,0.24,4,1
24,15,1,2,0,0,3,0,0,0,0,0,1,0,1,0,0,0,0,0,0,0.0,0.25,3,0
59,23,29,2,1,0,4,0,0,0,0,10,1,0,0,0,0,0,0,0,0,0.1694915254237288,0.15254237288135594,2,1
30,17,5,2,0,0,3,0,0,0,0,0,1,0,1,0,0,0,0,0,0,0.0,0.2,3,0
27,14,5,2,0,0,3,0,0,0,0,0,1,0,1,0,0,0,0,1,0,0.0,0.2222222222222222,3,0
102,21,61,3,1,0,10,1,1,0,0,0,1,0,0,0,0,0,0,0,0,0.0,0.16666666666666666,2,1
113,15,76,2,0,1,7,1,1,0,0,10,1,0,1,0,0,0,0,1,0,0.08849557522123894,0.11504424778761062,3,1
59,18,33,2,0,2,6,0,1,0,0,5,1,0,1,0,0,0,0,0,0,0.0847457627118644,0.2033898305084746,3,0
54,17,29,3,0,0,6,0,0,0,0,2,1,0,1,0,0,0,0,0,0,0.037037037037037035,0.2037037037037037,2,1
61,12,24,4,0,0,5,1,1,0,0,9,2,1,0,0,0,0,1,0,0,0.14754098360655737,0.19672131147540983,2,1
160,30,53,6,4,0,7,1,2,1,1,29,1,0,1,0,0,0,2,1,0,0.18125,0.15625,3,1
69,28,34,4,0,0,4,0,0,0,0,31,3,0,0,0,0,0,0,0,0,0.4492753623188406,0.13043478260869565,2,1
56,20,29,2,0,0,6,0,0,0,0,0,0,0,0,0,0,0,0,0,0,0.0,0.16071428571428573,3,1
86,23,56,1,8,0,4,0,0,0,0,0,0,0,0,0,0,0,0,0,0,0.0,0.16279069767441862,3,0
40,18,14,2,1,0,4,0,0,0,0,0,1,0,1,0,0,0,0,1,0,0.0,0.2,3,0
48,39,1,2,0,0,3,0,0,0,0,0,1,0,1,0,0,0,1,0,0,0.0,0.125,3,1
38,15,15,2,0,0,4,0,0,0,0,4,1,0,1,0,0,0,0,0,0,0.10526315789473684,0.18421052631578946,3,0
104,33,63,2,1,0,6,0,0,0,0,7,1,0,1,0,0,1,0,0,0,0.0673076923076923,0.11538461538461539,3,1
60,19,33,2,0,2,6,0,1,0,0,5,1,0,1,0,0,0,0,0,0,0.08333333333333333,0.2,3,0
56,8,41,1,1,0,8,0,0,0,0,1,0,0,0,0,0,0,0,0,0,0.017857142857142856,0.19642857142857142,3,1
55,10,37,2,4,0,5,0,0,0,0,4,1,0,1,0,0,0,0,0,0,0.07272727272727272,0.21818181818181817,2,0
36,16,12,2,0,0,4,0,0,0,0,0,1,0,1,0,0,0,0,1,0,0.0,0.19444444444444445,3,0
55,14,33,2,0,2,6,0,1,0,0,5,1,0,1,0,0,0,0,0,0,0.09090909090909091,0.21818181818181817,3,0
66,21,37,2,4,0,5,0,0,0,0,4,1,0,1,0,0,0,0,0,0,0.06060606060606061,0.18181818181818182,3,0
44,14,22,2,0,1,4,0,0,0,0,0,1,0,1,0,0,0,0,0,0,0.0,0.18181818181818182,3,0
78,31,39,3,3,0,4,0,0,0,0,6,1,0,1,0,0,1,0,1,0,0.07692307692307693,0.14102564102564102,3,1
124,15,102,2,10,0,6,0,0,0,0,0,1,0,0,0,0,0,0,0,0,0.0,0.1532258064516129,2,0
29,13,8,2,0,0,3,0,0,0,0,0,1,0,1,0,0,0,0,0,0,0.0,0.20689655172413793,3,0
115,31,77,4,0,0,3,0,1,0,0,24,3,0,0,0,0,0,2,1,0,0.20869565217391303,0.0782608695652174,2,1
43,23,13,3,0,0,3,0,0,0,0,0,0,0,0,0,0,0,0,0,0,0.0,0.16279069767441862,3,1
84,17,60,2,1,1,7,0,0,0,0,6,0,0,0,0,0,0,1,0,0,0.07142857142857142,0.14285714285714285,2,1
41,23,10,1,0,0,4,0,0,0,0,0,0,0,1,0,0,0,0,0,0,0.0,0.14634146341463414,3,1
110,21,75,1,11,0,3,1,1,0,0,3,0,0,0,0,0,0,0,0,0,0.02727272727272727,0.16363636363636364,3,0
188,13,10,4,0,1,3,1,3,0,2,94,2,1,0,0,0,0,1,0,0,0.5,0.0797872340425532,2,1
48,21,19,1,0,0,5,0,0,0,0,0,0,0,1,0,0,0,1,1,0,0.0,0.14583333333333334,3,1
41,18,15,2,1,0,3,0,0,0,0,0,1,0,1,0,0,0,1,0,0,0.0,0.17073170731707318,3,0
23,6,10,1,0,0,4,0,0,0,0,7,0,0,0,0,0,0,0,0,0,0.30434782608695654,0.2608695652173913,2,1
210,21,94,8,0,12,12,2,1,1,1,6,1,0,1,0,0,0,0,0,0,0.02857142857142857,0.2,3,1
104,11,86,2,12,0,7,0,0,0,0,15,1,0,0,0,0,0,0,0,0,0.14423076923076922,0.21153846153846154,2,0
39,17,14,2,1,0,4,0,0,0,0,0,1,0,1,0,0,0,0,0,0,0.0,0.20512820512820512,3,0
106,17,82,1,9,0,7,0,0,0,0,12,0,0,0,0,0,0,0,0,0,0.11320754716981132,0.16981132075471697,3,0
319,16,22,4,8,0,6,1,4,0,3,113,1,0,1,0,0,0,0,0,0,0.3542319749216301,0.13793103448275862,3,1
36,23,5,2,0,0,3,0,0,0,0,0,1,0,1,0,0,0,0,0,0,0.0,0.16666666666666666,3,0
46,18,20,2,0,0,5,0,0,0,0,0,1,0,1,0,0,0,0,0,0,0.0,0.17391304347826086,3,0
109,26,44,4,1,1,8,1,2,0,1,3,1,0,0,0,0,0,3,1,0,0.027522935779816515,0.1834862385321101,3,1
46,22,17,2,0,1,5,0,0,0,0,0,1,0,0,0,0,0,0,0,0,0.0,0.1956521739130435,3,1
27,13,6,2,0,0,3,0,0,0,0,0,1,0,1,0,0,0,1,0,0,0.0,0.2222222222222222,3,0
222,14,200,4,5,3,16,0,0,0,0,36,0,0,1,0,0,0,1,0,0,0.16216216216216217,0.13063063063063063,3,1
72,11,54,1,1,0,8,0,0,0,0,0,0,0,0,0,0,0,0,0,0,0.0,0.1527777777777778,3,1
45,21,17,1,0,0,6,0,0,0,0,5,0,0,0,0,0,0,0,0,0,0.1111111111111111,0.17777777777777778,3,1
320,15,29,2,1,0,5,1,7,0,6,105,0,0,1,0,0,0,1,0,0,0.328125,0.090625,3,1
59,14,37,2,4,0,5,0,0,0,0,4,1,0,1,0,0,0,0,0,0,0.06779661016949153,0.2033898305084746,3,0
38,30,1,2,0,1,3,0,0,0,0,0,1,0,0,0,0,0,0,0,0,0.0,0.18421052631578946,3,1
26,18,0,2,0,0,2,0,0,0,0,0,1,0,1,0,0,0,0,0,0,0.0,0.19230769230769232,3,0
66,39,20,3,5,0,3,0,0,0,0,15,2,0,0,0,0,1,0,1,0,0.22727272727272727,0.18181818181818182,3,1
229,34,170,5,2,2,9,1,2,0,1,22,3,0,0,0,0,0,1,0,0,0.09606986899563319,0.1091703056768559,3,1
45,26,11,2,0,0,3,0,0,0,0,4,1,0,1,0,0,0,0,1,0,0.08888888888888889,0.13333333333333333,4,1
23,11,5,1,0,0,3,0,0,0,0,0,0,0,0,0,0,0,0,0,0,0.0,0.21739130434782608,3,1
87,12,68,4,2,0,8,0,0,0,0,3,0,0,0,0,0,0,3,0,0,0.034482758620689655,0.1724137931034483,2,1
86,12,67,1,3,0,8,0,0,0,0,8,0,0,0,0,0,0,0,0,0,0.09302325581395349,0.1511627906976744,3,0
31,9,14,1,1,0,4,0,0,0,0,0,0,0,1,0,0,0,1,0,0,0.0,0.22580645161290322,3,0
27,14,5,2,0,0,3,0,0,0,0,0,1,0,1,0,0,0,0,0,0,0.0,0.2222222222222222,3,0
44,18,18,1,0,0,6,0,0,0,0,0,0,0,1,0,0,0,0,0,0,0.0,0.18181818181818182,3,1
30,10,12,1,0,0,4,0,0,0,0,0,0,0,1,0,0,0,0,0,0,0.0,0.2,3,0
47,32,7,5,0,0,4,0,0,0,0,12,4,0,1,0,0,0,0,0,0,0.2553191489361702,0.2127659574468085,2,1
87,15,65,1,0,0,12,0,0,0,0,22,0,0,0,0,0,0,0,0,0,0.25287356321839083,0.16091954022988506,3,0
99,14,78,1,7,0,8,0,0,0,0,8,0,0,0,0,0,0,0,0,0,0.08080808080808081,0.1717171717171717,3,0
31,24,0,2,0,0,2,0,0,0,0,0,1,0,0,0,0,0,0,0,0,0.0,0.16129032258064516,2,1
27,20,0,2,0,0,2,0,0,0,0,0,1,0,0,0,0,0,0,0,0,0.0,0.18518518518518517,4,1
84,10,67,1,4,2,8,0,0,0,0,4,0,0,0,0,0,0,0,0,0,0.047619047619047616,0.19047619047619047,3,0
28,12,8,2,0,0,3,0,0,0,0,0,1,0,1,0,0,0,0,0,0,0.0,0.21428571428571427,3,0
37,17,12,2,0,0,4,0,0,0,0,0,1,0,1,0,0,0,0,0,0,0.0,0.1891891891891892,3,0
41,23,9,3,1,0,4,1,0,0,0,0,2,0,1,0,0,1,0,1,0,0.0,0.24390243902439024,2,1
39,19,12,2,0,0,4,0,0,0,0,0,1,0,1,0,0,0,0,0,0,0.0,0.1794871794871795,3,0
54,37,10,3,0,0,3,0,0,0,0,5,1,0,0,0,0,0,1,0,0,0.09259259259259259,0.12962962962962962,3,1
53,14,31,2,0,0,8,0,0,0,0,0,0,0,1,0,0,0,1,0,0,0.0,0.20754716981132076,3,1
110,22,50,4,5,0,7,0,0,1,0,13,1,0,1,0,0,0,0,0,0,0.11818181818181818,0.18181818181818182,3,1
55,19,29,2,1,0,4,0,0,0,0,10,1,0,0,0,0,0,0,0,0,0.18181818181818182,0.16363636363636364,2,1
45,22,15,2,1,0,3,0,0,0,0,0,1,0,1,0,0,0,1,0,0,0.0,0.15555555555555556,3,0
20,11,1,1,0,0,3,0,0,0,0,1,0,0,1,0,0,0,0,0,0,0.05,0.25,3,1
18,10,0,2,0,0,2,0,0,0,0,0,1,0,1,0,0,0,0,0,0,0.0,0.2777777777777778,3,0
84,17,60,2,1,1,7,0,0,0,0,6,0,0,0,0,0,0,1,0,0,0.07142857142857142,0.14285714285714285,2,1
32,14,10,2,0,0,6,0,0,0,0,1,1,0,1,0,0,0,0,0,0,0.03125,0.28125,3,0
255,26,55,2,0,1,5,1,3,0,2,88,0,0,1,0,0,0,1,0,0,0.34509803921568627,0.06666666666666667,3,1
25,11,7,2,0,0,3,0,0,0,0,0,1,0,0,0,0,0,0,1,0,0.0,0.24,2,1
65,15,22,3,1,0,5,1,1,1,0,1,0,0,0,0,0,1,1,0,0,0.015384615384615385,0.2,2,1
92,20,23,4,2,0,4,1,1,1,0,0,1,0,0,0,0,1,0,0,0,0.0,0.15217391304347827,3,1
40,12,20,2,0,0,5,0,0,0,0,0,1,0,1,0,0,0,0,1,0,0.0,0.2,3,0
44,11,26,1,0,0,6,0,0,0,0,2,0,0,0,0,0,0,0,0,0,0.045454545454545456,0.18181818181818182,3,1
55,13,34,4,2,0,6,0,0,0,0,3,1,0,1,0,0,0,0,1,0,0.05454545454545454,0.2545454545454545,3,1
35,26,1,1,1,0,3,0,0,0,0,0,0,0,1,0,0,1,0,0,0,0.0,0.17142857142857143,3,1
46,18,20,2,0,0,5,0,0,0,0,0,1,0,1,0,0,0,0,0,0,0.0,0.17391304347826086,3,0
37,14,15,2,1,0,3,0,0,0,0,0,1,0,1,0,0,0,1,0,0,0.0,0.1891891891891892,3,0
40,15,17,2,0,0,5,0,0,0,0,1,0,0,1,0,0,0,0,0,0,0.025,0.2,4,1
28,14,6,2,0,0,3,0,0,0,0,0,1,0,1,0,0,0,0,0,0,0.0,0.21428571428571427,3,0
47,7,32,1,0,0,4,0,0,0,0,5,0,0,1,0,0,0,0,0,0,0.10638297872340426,0.14893617021276595,2,1
85,10,68,1,5,0,6,0,0,0,0,5,0,0,0,0,0,0,0,0,0,0.058823529411764705,0.15294117647058825,3,0
115,12,95,1,0,1,11,0,1,0,0,21,0,0,1,0,0,0,0,0,0,0.1826086956521739,0.13043478260869565,3,1
65,13,44,5,2,0,7,0,0,0,0,3,1,0,1,0,0,0,0,1,0,0.046153846153846156,0.24615384615384617,3,1
258,53,31,4,3,1,5,1,3,0,2,87,1,0,1,0,0,1,2,1,0,0.3372093023255814,0.08527131782945736,3,1
19,11,0,2,0,0,2,0,0,0,0,0,1,0,1,0,0,0,0,0,0,0.0,0.2631578947368421,3,0
90,13,70,1,10,0,5,0,0,0,0,6,0,0,0,0,0,0,0,0,0,0.06666666666666667,0.18888888888888888,3,0
102,36,58,5,9,0,3,0,0,0,0,1,3,0,1,0,0,1,2,0,0,0.00980392156862745,0.17647058823529413,3,1
105,17,61,3,1,2,9,1,1,1,0,0,0,0,0,0,0,0,0,0,0,0.0,0.18095238095238095,2,1
97,18,17,2,1,0,3,1,6,0,5,6,0,0,0,0,0,0,0,0,0,0.061855670103092786,0.1958762886597938,4,0
21,13,0,2,0,0,2,0,0,0,0,0,1,0,1,0,0,0,0,0,0,0.0,0.23809523809523808,3,0
139,30,44,5,5,0,7,1,2,0,1,24,1,0,1,0,0,0,1,1,0,0.17266187050359713,0.16546762589928057,3,1
64,22,8,3,0,0,3,1,2,0,1,2,0,0,1,0,0,0,0,0,0,0.03125,0.1875,3,1
46,18,20,2,0,0,6,0,0,0,0,0,0,0,1,0,0,0,0,0,0,0.0,0.1956521739130435,4,1
228,29,26,2,0,1,5,1,3,0,2,72,0,0,0,0,0,0,1,2,0,0.3157894736842105,0.07456140350877193,3,1
44,14,22,3,0,0,5,0,0,0,0,1,1,0,1,0,0,0,0,0,0,0.022727272727272728,0.20454545454545456,3,0
29,21,0,1,2,0,2,0,0,0,0,0,0,0,1,0,0,1,1,0,0,0.0,0.20689655172413793,2,1
43,28,7,2,1,0,3,0,0,0,0,1,1,0,1,0,0,1,0,0,0,0.023255813953488372,0.16279069767441862,3,1
60,22,30,2,0,0,6,0,0,0,0,0,0,0,1,0,0,0,0,0,0,0.0,0.15,3,1
42,17,6,2,0,0,3,1,1,0,0,3,1,0,1,0,0,0,0,0,0,0.07142857142857142,0.19047619047619047,3,0
58,18,32,1,2,0,4,0,0,0,0,0,0,0,1,0,0,0,0,0,0,0.0,0.13793103448275862,3,1
80,14,18,6,0,0,9,1,0,0,0,0,0,0,1,0,0,0,1,0,0,0.0,0.225,3,1
23,4,11,1,0,0,3,0,0,0,0,2,0,0,1,0,0,0,0,0,1,0.08695652173913043,0.21739130434782608,2,1
46,12,11,3,0,0,3,0,0,1,0,1,0,0,0,0,0,0,0,0,0,0.021739130434782608,0.1956521739130435,2,1
23,4,11,1,0,0,3,0,0,0,0,1,0,0,1,0,0,0,0,0,1,0.043478260869565216,0.21739130434782608,2,1
46,29,10,3,0,0,3,0,0,0,0,0,1,0,0,0,0,0,1,0,0,0.0,0.15217391304347827,4,1
55,9,10,4,0,0,3,1,1,1,0,0,0,0,0,0,0,0,0,0,0,0.0,0.2,3,1
100,16,77,3,0,0,11,0,0,0,0,5,1,0,0,0,0,0,0,0,0,0.05,0.15,3,1
41,18,16,3,0,0,3,0,0,0,0,3,1,0,0,0,0,0,0,0,0,0.07317073170731707,0.17073170731707318,4,1
36,27,1,3,0,0,3,0,0,0,0,0,2,0,1,0,0,0,0,1,0,0.0,0.19444444444444445,3,1
45,22,16,3,1,0,4,0,0,0,0,0,1,0,0,0,0,1,0,0,0,0.0,0.2,3,1
47,24,15,3,0,0,4,0,0,0,0,0,1,0,1,0,0,0,0,0,0,0.0,0.1702127659574468,3,1
35,18,9,2,0,0,3,0,0,0,0,0,1,0,1,0,0,0,0,0,0,0.0,0.17142857142857143,3,0
46,29,10,4,0,0,5,0,0,0,0,0,3,0,0,0,0,0,0,0,0,0.0,0.21739130434782608,2,1
39,18,14,3,0,0,3,0,0,0,0,3,1,0,0,0,0,0,0,0,0,0.07692307692307693,0.1794871794871795,4,1
100,10,83,1,6,0,7,0,0,0,0,27,0,0,0,0,0,0,0,0,0,0.27,0.15,3,0
80,22,21,4,0,0,5,1,1,1,0,0,0,0,1,0,0,0,0,0,0,0.0,0.1625,3,1
44,13,24,5,0,0,4,0,0,0,0,10,2,1,0,0,0,0,2,1,0,0.22727272727272727,0.22727272727272727,3,1
45,15,22,2,0,1,4,0,0,0,0,0,1,0,1,0,0,0,0,0,0,0.0,0.17777777777777778,3,0
34,18,8,2,0,0,3,0,0,0,0,0,1,0,1,0,0,0,0,0,0,0.0,0.17647058823529413,3,0
83,28,47,2,3,0,9,0,0,0,0,2,1,0,1,0,0,1,1,1,0,0.024096385542168676,0.18072289156626506,3,1
42,12,22,3,0,0,5,0,0,0,0,1,1,0,1,0,0,0,0,0,0,0.023809523809523808,0.21428571428571427,3,0
99,15,76,2,1,1,7,0,0,0,0,4,1,0,1,0,0,0,0,1,0,0.04040404040404041,0.12121212121212122,3,1
108,30,61,2,2,0,6,1,1,0,0,6,1,0,1,0,0,1,0,0,0,0.05555555555555555,0.1388888888888889,3,1
52,11,33,1,0,2,6,0,1,0,0,5,0,0,1,0,0,0,0,0,0,0.09615384615384616,0.21153846153846154,3,0
229,15,40,2,1,1,6,1,3,0,2,56,0,0,1,0,0,0,1,0,0,0.2445414847161572,0.08296943231441048,3,1
33,9,17,1,2,0,5,0,0,0,0,1,0,0,0,0,0,0,2,1,0,0.030303030303030304,0.2727272727272727,3,1
46,14,24,2,0,0,7,0,0,0,0,0,1,0,1,0,0,0,0,0,0,0.0,0.21739130434782608,4,1
61,22,31,3,0,0,4,0,0,0,0,0,1,0,1,0,0,0,0,1,0,0.0,0.13114754098360656,3,1
54,11,18,1,0,0,6,1,2,0,1,10,0,0,1,0,0,0,1,0,0,0.18518518518518517,0.2222222222222222,3,1
27,13,6,2,0,0,3,0,0,0,0,0,1,0,1,0,0,0,1,0,0,0.0,0.2222222222222222,3,0
35,12,15,2,1,0,3,0,0,0,0,0,1,0,1,0,0,0,1,0,0,0.0,0.2,3,0
28,14,6,1,0,0,3,0,0,0,0,0,0,0,1,0,0,0,1,1,0,0.0,0.17857142857142858,3,0
87,15,65,1,9,0,7,0,0,0,0,10,0,0,0,0,0,0,0,0,0,0.11494252873563218,0.20689655172413793,3,0
36,22,6,2,0,0,4,0,0,0,0,2,1,0,1,0,0,0,0,0,0,0.05555555555555555,0.19444444444444445,3,1
41,25,9,3,0,0,3,0,0,0,0,1,1,0,0,0,0,0,1,0,0,0.024390243902439025,0.17073170731707318,3,1
39,14,18,3,0,0,4,0,0,0,0,0,0,0,0,0,0,0,0,0,0,0.0,0.20512820512820512,3,1
43,18,6,2,0,0,3,1,1,0,0,3,1,0,1,0,0,0,0,0,0,0.06976744186046512,0.18604651162790697,3,0
30,16,6,2,0,0,3,0,0,0,0,0,1,0,1,0,0,0,0,0,0,0.0,0.2,3,0
41,13,20,2,0,0,5,0,0,0,0,0,1,0,1,0,0,0,1,0,0,0.0,0.1951219512195122,3,0
168,20,120,2,1,3,16,1,1,0,0,5,0,0,0,0,0,0,0,0,0,0.02976190476190476,0.1488095238095238,3,1
388,33,24,3,9,0,5,1,7,0,6,65,1,0,1,0,0,0,0,1,0,0.16752577319587628,0.11855670103092783,3,1
45,15,22,2,0,1,4,0,0,0,0,0,1,0,1,0,0,0,1,1,0,0.0,0.17777777777777778,3,0
22,13,1,2,0,0,3,0,0,0,0,0,1,0,1,0,0,0,0,0,0,0.0,0.2727272727272727,3,0
28,10,10,2,0,0,6,0,0,0,0,1,1,0,1,0,0,0,0,0,0,0.03571428571428571,0.32142857142857145,3,0
20,11,1,1,0,0,3,0,0,0,0,0,0,0,1,0,0,0,0,0,0,0.0,0.25,3,0
19,11,1,2,0,0,3,0,0,0,0,0,1,0,0,0,0,0,0,0,0,0.0,0.3157894736842105,2,1
123,7,66,2,1,0,12,1,1,0,1,3,0,0,0,0,0,0,0,0,0,0.024390243902439025,0.16260162601626016,2,1
46,16,22,2,0,1,4,0,0,0,0,0,1,0,1,0,0,0,0,0,0,0.0,0.17391304347826086,3,0
30,12,10,1,0,0,6,0,0,0,0,1,0,0,1,0,0,0,0,1,0,0.03333333333333333,0.26666666666666666,3,0
39,16,15,2,0,0,4,0,0,0,0,4,1,0,1,0,0,0,0,0,0,0.10256410256410256,0.1794871794871795,3,0
37,17,13,3,0,0,4,0,0,0,0,1,1,0,0,0,0,0,0,0,0,0.02702702702702703,0.21621621621621623,3,1
46,23,15,2,1,0,3,0,0,0,0,0,1,0,1,0,0,0,1,0,0,0.0,0.15217391304347827,3,0
34,18,9,1,1,0,4,0,0,0,0,0,0,0,0,0,0,1,0,0,0,0.0,0.20588235294117646,3,1
48,23,6,2,0,0,3,1,1,0,0,3,1,0,1,0,0,0,0,0,0,0.0625,0.16666666666666666,3,0
81,20,53,2,1,0,9,0,0,0,0,0,1,0,1,0,0,0,0,1,0,0.0,0.16049382716049382,3,1
49,9,32,1,3,0,5,0,0,0,0,0,0,0,1,0,0,0,0,0,0,0.0,0.20408163265306123,3,0
29,13,8,2,0,0,3,0,0,0,0,0,1,0,1,0,0,0,0,0,0,0.0,0.20689655172413793,3,0
52,11,34,1,0,0,4,0,0,0,0,18,0,0,0,0,0,0,0,0,0,0.34615384615384615,0.11538461538461539,3,1
126,14,9,3,0,0,6,1,3,0,2,18,1,0,1,0,0,0,0,0,0,0.14285714285714285,0.15079365079365079,3,1
117,17,93,1,9,0,5,0,0,0,0,10,0,0,0,0,0,0,0,0,0,0.08547008547008547,0.13675213675213677,3,0
37,14,15,2,1,0,3,0,0,0,0,0,1,0,1,0,0,0,1,0,0,0.0,0.1891891891891892,3,0
67,13,46,3,1,0,8,0,0,0,0,1,1,0,1,0,0,0,0,0,0,0.014925373134328358,0.19402985074626866,3,1
33,17,8,2,0,0,3,0,0,0,0,0,1,0,1,0,0,0,0,0,0,0.0,0.18181818181818182,3,0
178,19,35,3,0,1,6,1,3,0,2,50,1,0,0,0,0,0,4,0,0,0.2808988764044944,0.11235955056179775,3,1
64,23,7,4,0,0,4,1,1,1,0,2,0,0,1,0,0,0,0,0,0,0.03125,0.1875,3,1
44,14,11,2,0,0,3,1,0,0,0,5,1,0,1,0,0,0,0,0,0,0.11363636363636363,0.1590909090909091,4,1
30,14,8,2,0,0,3,0,0,0,0,0,1,0,1,0,0,0,0,0,0,0.0,0.2,3,0
23,8,7,1,0,0,3,0,0,0,0,0,0,0,1,0,0,0,0,0,0,0.0,0.21739130434782608,2,1
25,16,1,2,0,0,3,0,0,0,0,0,1,0,1,0,0,0,0,0,0,0.0,0.24,3,0
143,25,110,4,2,1,12,0,0,0,0,6,2,0,1,0,0,0,1,0,0,0.04195804195804196,0.13986013986013987,2,1
31,13,10,2,0,0,6,0,0,0,0,1,1,0,1,0,0,0,0,0,0,0.03225806451612903,0.2903225806451613,3,0
33,16,9,2,0,0,3,0,0,0,0,0,1,0,1,0,0,0,0,0,0,0.0,0.18181818181818182,3,0
56,11,37,2,4,0,5,0,0,0,0,4,1,0,1,0,0,0,0,0,0,0.07142857142857142,0.21428571428571427,3,0
23,10,5,2,0,0,4,0,0,0,0,2,0,0,1,0,1,0,0,0,0,0.08695652173913043,0.30434782608695654,3,1
32,18,6,2,0,0,3,0,0,0,0,0,1,0,1,0,0,0,0,0,0,0.0,0.1875,3,0
39,18,13,2,1,0,3,0,0,0,0,0,1,0,1,0,0,0,0,0,0,0.0,0.1794871794871795,2,1
147,22,1,3,0,0,3,1,1,0,0,73,2,0,1,0,0,0,0,0,0,0.4965986394557823,0.061224489795918366,3,1
28,19,1,2,0,0,3,0,0,0,0,0,1,0,1,0,0,0,0,0,0,0.0,0.21428571428571427,3,0
141,19,115,2,9,0,9,0,0,0,0,0,0,0,0,0,0,0,4,0,0,0.0,0.14893617021276595,3,1
260,17,6,4,8,0,3,1,4,0,3,72,1,0,1,0,0,0,0,0,0,0.27692307692307694,0.1423076923076923,3,1
115,31,77,4,0,0,3,0,1,0,0,26,3,0,0,0,0,0,2,1,0,0.22608695652173913,0.0782608695652174,2,1
18,10,1,2,0,0,3,0,0,0,0,0,1,0,0,0,0,0,0,0,0,0.0,0.3333333333333333,2,1
43,15,20,2,0,0,5,0,0,0,0,0,1,0,1,0,0,0,0,0,0,0.0,0.18604651162790697,3,0
361,11,5,2,1,0,3,1,1,0,0,109,0,0,0,0,0,0,0,0,0,0.30193905817174516,0.29362880886426596,3,0
30,23,0,2,1,0,2,0,0,0,0,0,1,0,0,0,0,1,0,0,0,0.0,0.2,3,1
291,33,66,3,1,4,9,1,4,0,3,54,1,0,1,0,0,1,0,0,0,0.18556701030927836,0.12027491408934708,3,1
27,14,5,2,0,0,3,0,0,0,0,0,1,0,1,0,0,0,0,0,0,0.0,0.2222222222222222,3,0
23,15,0,2,0,0,2,0,0,0,0,0,1,0,1,0,0,0,0,0,0,0.0,0.21739130434782608,3,0
34,16,10,2,0,0,6,0,0,0,0,1,1,0,1,0,0,0,0,0,0,0.029411764705882353,0.2647058823529412,3,0
24,5,12,1,0,0,3,0,0,0,0,3,0,0,0,0,0,0,0,0,0,0.125,0.20833333333333334,2,1
32,18,6,2,0,0,3,0,0,0,0,0,1,0,1,0,0,0,0,0,0,0.0,0.1875,3,0
89,24,57,2,1,0,6,0,0,0,0,5,1,0,1,0,0,0,0,1,0,0.056179775280898875,0.11235955056179775,3,1
83,10,66,1,4,2,8,0,0,0,0,4,0,0,0,0,0,0,0,0,0,0.04819277108433735,0.1927710843373494,3,0
53,13,32,1,3,0,5,0,0,0,0,0,0,0,1,0,0,0,0,0,0,0.0,0.18867924528301888,3,0
133,30,38,5,4,0,7,1,2,0,1,21,1,0,1,0,0,0,0,1,0,0.15789473684210525,0.16541353383458646,3,1
77,26,44,2,1,0,8,0,0,0,0,3,1,0,0,0,0,0,3,1,0,0.03896103896103896,0.15584415584415584,3,1
28,14,6,2,0,0,3,0,0,0,0,0,1,0,1,0,0,0,1,0,0,0.0,0.21428571428571427,3,0
48,18,23,3,0,0,4,0,0,0,0,0,0,0,0,0,0,0,0,0,0,0.0,0.16666666666666666,3,1
80,19,44,2,1,0,7,1,1,0,0,4,0,0,0,0,0,0,1,0,0,0.05,0.1625,2,1
42,12,22,3,0,0,5,0,0,0,0,1,1,0,1,0,0,0,0,0,0,0.023809523809523808,0.21428571428571427,3,0
98,14,77,1,9,0,6,0,0,0,0,6,0,0,0,0,0,0,0,0,0,0.061224489795918366,0.17346938775510204,3,0
27,14,6,1,0,0,3,0,0,0,0,0,0,0,0,0,0,0,0,0,0,0.0,0.18518518518518517,3,1
31,13,10,2,0,0,6,0,0,0,0,1,1,0,1,0,0,0,0,0,0,0.03225806451612903,0.2903225806451613,3,0
40,9,24,2,0,0,5,0,0,0,0,0,1,0,0,0,0,0,0,0,0,0.0,0.2,2,1
31,11,12,2,0,0,4,0,0,0,0,0,1,0,1,0,0,0,0,0,0,0.0,0.22580645161290322,3,0
24,16,0,2,0,0,2,0,0,0,0,0,1,0,1,0,0,0,0,0,0,0.0,0.20833333333333334,3,0
60,48,5,5,0,0,4,0,0,0,0,0,4,0,0,0,0,0,2,1,0,0.0,0.16666666666666666,3,1
86,16,63,1,1,0,10,0,0,0,0,0,0,0,0,0,0,0,0,0,0,0.0,0.1511627906976744,3,1
58,17,33,1,0,0,6,0,0,0,0,0,0,0,1,0,0,0,2,1,0,0.0,0.13793103448275862,3,1
25,11,6,2,0,0,3,0,0,0,0,0,1,0,1,0,0,0,0,0,0,0.0,0.24,3,0
101,15,78,5,2,0,10,0,0,0,0,6,1,0,1,0,0,0,1,0,0,0.0594059405940594,0.1782178217821782,2,1
34,17,9,2,0,0,3,0,0,0,0,0,1,0,1,0,0,0,0,0,0,0.0,0.17647058823529413,3,0
30,22,0,2,0,0,2,0,0,0,0,0,1,0,1,0,0,0,0,0,0,0.0,0.16666666666666666,3,0
48,28,12,4,0,0,3,0,0,0,0,0,2,0,1,0,0,0,2,0,0,0.0,0.16666666666666666,3,1
50,20,22,3,0,0,5,0,0,0,0,1,1,0,1,0,0,0,0,0,0,0.02,0.18,3,0
44,14,22,3,0,0,5,0,0,0,0,1,1,0,1,0,0,0,0,0,0,0.022727272727272728,0.20454545454545456,3,0
49,24,18,2,0,0,4,0,0,0,0,0,0,0,0,0,0,0,0,0,0,0.0,0.14285714285714285,3,1
216,11,7,13,0,0,8,3,6,0,6,31,0,0,0,0,0,0,1,0,0,0.14351851851851852,0.21296296296296297,3,1
39,16,16,2,2,0,4,0,0,0,0,2,0,0,0,0,0,1,0,0,0,0.05128205128205128,0.23076923076923078,3,1
35,12,15,2,1,0,3,0,0,0,0,0,1,0,1,0,0,0,1,0,0,0.0,0.2,2,0
143,26,89,2,3,5,7,1,2,0,1,12,1,0,1,0,0,1,0,0,0,0.08391608391608392,0.18181818181818182,3,1
39,19,12,2,0,0,4,0,0,0,0,0,1,0,1,0,0,0,0,0,0,0.0,0.1794871794871795,3,0
55,10,37,2,4,0,5,0,0,0,0,4,1,0,1,0,0,0,0,0,0,0.07272727272727272,0.21818181818181817,3,0
34,16,11,2,0,0,4,0,0,0,0,0,1,0,0,0,0,0,0,0,0,0.0,0.20588235294117646,6,1
26,12,6,2,0,0,3,0,0,0,0,0,1,0,1,0,0,0,1,0,0,0.0,0.23076923076923078,3,0
42,19,15,2,0,0,4,0,0,0,0,4,1,0,1,0,0,0,0,0,0,0.09523809523809523,0.16666666666666666,3,0
37,17,12,2,0,0,4,0,0,0,0,0,1,0,1,0,0,0,0,1,0,0.0,0.1891891891891892,3,0
53,13,32,1,3,0,5,0,0,0,0,0,0,0,1,0,0,0,0,0,0,0.0,0.18867924528301888,3,0
64,19,37,2,4,0,5,0,0,0,0,4,1,0,1,0,0,0,0,0,0,0.0625,0.1875,3,0
41,11,22,2,0,0,5,0,0,0,0,1,0,0,1,0,0,0,0,0,0,0.024390243902439025,0.1951219512195122,3,0
36,8,20,1,0,0,5,0,0,0,0,0,0,0,1,0,0,0,0,0,0,0.0,0.19444444444444445,3,0
800,27,755,3,0,0,6,0,16,0,12,332,1,0,0,0,0,0,0,0,0,0.415,0.0975,3,1
67,20,32,3,1,0,6,1,0,0,0,1,1,0,1,0,0,0,0,0,0,0.014925373134328358,0.1791044776119403,3,1
37,15,14,2,1,0,4,0,0,0,0,0,1,0,1,0,0,0,0,1,0,0.0,0.21621621621621623,3,0
55,15,32,2,3,0,5,0,0,0,0,0,1,0,1,0,0,0,1,1,0,0.0,0.2,3,0
52,17,27,2,2,0,6,0,0,0,0,0,1,0,1,0,0,1,0,0,0,0.0,0.21153846153846154,3,1
39,14,6,2,0,0,3,1,1,0,0,3,1,0,1,0,0,0,0,0,0,0.07692307692307693,0.20512820512820512,3,0
46,16,22,3,0,0,5,0,0,0,0,1,1,0,1,0,0,0,0,0,0,0.021739130434782608,0.1956521739130435,3,0
37,21,8,2,0,0,3,0,0,0,0,0,1,0,1,0,0,0,0,1,0,0.0,0.16216216216216217,3,0
44,21,15,2,0,0,4,0,0,0,0,4,1,0,1,0,0,0,0,0,0,0.09090909090909091,0.1590909090909091,3,0
26,17,1,2,0,0,3,0,0,0,0,0,1,0,1,0,0,0,0,0,0,0.0,0.23076923076923078,2,1
51,11,32,1,3,0,5,0,0,0,0,0,0,0,1,0,0,0,0,0,0,0.0,0.19607843137254902,3,0
58,13,37,2,4,0,5,0,0,0,0,4,1,0,1,0,0,0,0,0,0,0.06896551724137931,0.20689655172413793,3,0
128,12,10,3,0,0,3,1,5,0,4,24,0,0,0,0,0,0,0,0,0,0.1875,0.1640625,2,1
427,26,57,3,13,5,7,1,5,0,4,87,1,0,0,0,0,1,0,0,0,0.20374707259953162,0.1053864168618267,3,1
43,13,22,2,0,0,5,0,0,0,0,1,0,0,1,0,0,0,0,0,0,0.023255813953488372,0.18604651162790697,3,0
26,12,6,1,0,0,3,0,0,0,0,0,0,0,1,0,0,0,0,1,0,0.0,0.19230769230769232,3,0
27,13,6,2,0,0,3,0,0,0,0,0,1,0,1,0,0,0,0,0,0,0.0,0.2222222222222222,3,0
40,12,21,1,1,0,6,0,0,0,0,0,0,0,0,0,0,0,0,0,0,0.0,0.225,3,1
35,28,0,3,1,0,2,0,0,0,0,0,2,0,0,0,0,1,0,0,0,0.0,0.2,2,1
158,16,36,3,3,1,9,1,4,0,3,5,1,0,0,0,0,0,1,1,0,0.03164556962025317,0.15822784810126583,2,0
120,47,65,5,2,0,9,0,0,0,0,7,4,0,1,0,0,0,0,0,0,0.058333333333333334,0.14166666666666666,2,1
161,15,15,2,2,0,6,1,11,0,1,4,0,0,1,0,0,0,0,1,0,0.024844720496894408,0.15527950310559005,3,1
58,13,37,1,4,0,5,0,0,0,0,4,0,0,1,0,0,0,0,0,0,0.06896551724137931,0.1896551724137931,3,0
43,18,6,2,0,0,3,1,1,0,0,3,1,0,1,0,0,0,0,0,0,0.06976744186046512,0.18604651162790697,3,0
33,19,7,2,0,0,4,0,0,0,0,0,1,0,0,0,0,0,0,0,0,0.0,0.21212121212121213,2,1
25,12,5,1,0,0,3,0,0,0,0,0,0,0,1,0,0,0,0,1,0,0.0,0.2,3,0
25,18,0,2,0,0,2,0,0,0,0,0,1,0,0,0,0,0,0,0,0,0.0,0.2,3,1
73,22,44,1,1,0,8,0,0,0,0,3,0,0,0,0,0,0,3,1,0,0.0410958904109589,0.1506849315068493,3,1
105,9,89,1,1,0,6,0,0,0,0,27,0,0,0,0,0,0,0,0,0,0.2571428571428571,0.3142857142857143,3,0
56,16,32,2,3,0,5,0,0,0,0,0,1,0,1,0,0,0,0,0,0,0.0,0.19642857142857142,3,0
59,18,33,2,0,2,6,0,1,0,0,5,1,0,1,0,0,0,0,0,0,0.0847457627118644,0.2033898305084746,3,0
121,26,65,4,2,5,9,1,1,1,0,0,1,0,0,0,0,1,0,0,0,0.0,0.19834710743801653,2,1
54,13,34,2,2,0,5,0,0,0,0,6,1,0,0,0,0,0,0,1,0,0.1111111111111111,0.2037037037037037,2,1
84,10,67,1,4,2,8,0,0,0,0,4,0,0,0,0,0,0,0,0,0,0.047619047619047616,0.19047619047619047,3,0
44,16,20,2,0,0,5,0,0,0,0,0,1,0,1,0,0,0,0,0,0,0.0,0.18181818181818182,3,0
138,11,44,2,0,0,8,1,3,0,2,33,0,0,0,0,0,0,1,1,0,0.2391304347826087,0.13768115942028986,3,1
57,16,33,2,0,2,6,0,1,0,0,5,1,0,1,0,0,0,0,0,0,0.08771929824561403,0.21052631578947367,3,0
18,9,1,1,0,0,3,0,0,0,0,0,0,0,1,0,0,0,1,0,0,0.0,0.2777777777777778,3,0
60,15,37,2,4,0,5,0,0,0,0,4,1,0,1,0,0,0,0,0,0,0.06666666666666667,0.2,3,0
24,16,1,1,0,0,3,0,0,0,0,0,0,0,0,0,0,0,0,0,0,0.0,0.20833333333333334,3,1
18,10,1,1,0,0,3,0,0,0,0,0,0,0,0,0,0,0,0,0,0,0.0,0.2777777777777778,4,1
307,27,72,3,1,6,9,1,4,0,3,51,1,0,1,0,0,1,0,0,0,0.16612377850162866,0.13680781758957655,3,1
37,12,6,2,0,0,3,1,1,0,0,3,1,0,1,0,0,0,0,0,0,0.08108108108108109,0.21621621621621623,3,0
34,11,15,1,0,0,4,0,0,0,0,4,0,0,1,0,0,0,0,0,0,0.11764705882352941,0.17647058823529413,3,0
47,39,1,2,0,0,3,0,0,0,0,8,1,0,0,0,0,0,0,0,0,0.1702127659574468,0.1276595744680851,3,1
298,11,5,2,1,0,3,1,1,0,0,94,0,0,0,0,0,0,0,0,0,0.31543624161073824,0.28523489932885904,3,0
44,29,8,3,0,0,3,0,0,0,0,2,1,0,0,0,0,0,1,0,0,0.045454545454545456,0.1590909090909091,3,1
35,9,18,1,0,0,3,0,0,0,0,5,0,0,1,0,0,0,0,0,0,0.14285714285714285,0.14285714285714285,3,1
35,16,11,2,0,0,4,0,0,0,0,0,1,0,1,0,0,0,0,0,0,0.0,0.2,2,1
20,12,0,2,0,0,2,0,0,0,0,0,1,0,1,0,0,0,0,0,0,0.0,0.25,2,0
117,26,84,2,0,1,10,0,0,0,0,16,1,0,0,0,0,0,1,1,0,0.13675213675213677,0.11965811965811966,2,1
56,16,33,4,0,0,6,0,0,0,0,0,1,0,0,0,0,0,0,1,0,0.0,0.19642857142857142,2,1
77,25,45,4,0,0,6,0,0,0,0,0,1,0,0,0,0,0,0,0,0,0.0,0.14285714285714285,3,1
51,11,32,2,3,0,5,0,0,0,0,0,1,0,1,0,0,0,0,0,0,0.0,0.21568627450980393,3,0
246,28,22,1,31,0,5,1,2,0,2,32,0,0,1,0,0,1,0,0,0,0.13008130081300814,0.18292682926829268,3,1
43,14,22,2,0,0,5,0,0,0,0,0,0,0,0,0,0,0,0,0,0,0.0,0.18604651162790697,3,1
41,16,6,2,0,0,3,1,1,0,0,3,1,0,1,0,0,0,0,1,0,0.07317073170731707,0.1951219512195122,3,0
124,9,84,1,7,1,5,1,2,0,1,21,0,0,1,0,0,0,0,0,0,0.1693548387096774,0.18548387096774194,3,0
37,20,10,2,0,0,4,0,0,0,0,0,0,0,0,0,0,0,0,0,0,0.0,0.1891891891891892,3,1
106,23,1,1,2,0,6,1,0,0,0,12,0,0,0,0,0,1,0,0,0,0.11320754716981132,0.10377358490566038,2,1
53,23,22,2,0,1,4,0,0,0,0,0,1,0,1,0,0,0,0,0,0,0.0,0.1509433962264151,3,0
29,16,5,1,0,0,3,0,0,0,0,0,0,0,1,0,0,0,0,0,0,0.0,0.1724137931034483,6,1
58,18,32,2,3,0,5,0,0,0,0,0,1,0,1,0,0,0,0,1,0,0.0,0.1896551724137931,3,0
42,12,22,3,0,0,5,0,0,0,0,1,1,0,1,0,0,0,0,0,0,0.023809523809523808,0.21428571428571427,3,0
71,14,33,2,0,0,3,1,1,0,0,13,1,0,0,0,0,0,0,0,0,0.18309859154929578,0.11267605633802817,2,1
24,16,1,2,0,0,3,0,0,0,0,0,1,0,0,0,0,0,0,0,0,0.0,0.25,2,1
31,17,7,1,0,0,3,0,0,0,0,0,0,0,0,0,0,0,0,0,0,0.0,0.16129032258064516,3,1
132,16,24,3,0,0,4,1,1,0,0,6,1,0,1,0,0,0,0,0,0,0.045454545454545456,0.07575757575757576,3,1
55,25,22,3,0,0,5,0,0,0,0,1,1,0,1,0,0,0,0,0,0,0.01818181818181818,0.16363636363636364,3,0
62,40,15,3,2,0,3,0,0,0,0,18,1,0,0,0,0,1,0,0,0,0.2903225806451613,0.14516129032258066,3,1
43,18,6,2,0,0,3,1,1,0,0,3,1,0,1,0,0,0,0,0,0,0.06976744186046512,0.18604651162790697,3,0
30,16,6,2,0,0,3,0,0,0,0,0,1,0,1,0,0,0,0,0,0,0.0,0.2,3,0
38,15,15,2,0,0,4,0,0,0,0,4,1,0,1,0,0,0,0,0,0,0.10526315789473684,0.18421052631578946,3,0
204,27,23,2,2,1,5,1,2,0,0,26,1,0,1,0,0,0,1,0,0,0.12745098039215685,0.06862745098039216,3,1
58,18,7,1,0,0,5,1,1,0,0,6,0,0,0,0,1,0,0,0,0,0.10344827586206896,0.1724137931034483,3,1
118,9,102,1,0,0,5,0,0,0,0,31,0,0,0,0,0,0,0,0,0,0.2627118644067797,0.3220338983050847,2,0
27,14,5,2,0,0,3,0,0,0,0,0,1,0,1,0,0,0,0,0,0,0.0,0.2222222222222222,3,0
60,14,39,1,0,0,5,0,0,0,0,17,0,0,0,0,0,0,0,0,0,0.2833333333333333,0.11666666666666667,3,1
25,12,5,2,0,0,3,0,0,0,0,0,1,0,1,0,0,0,0,0,0,0.0,0.24,3,0
221,17,31,4,0,1,6,1,3,0,2,76,1,0,0,0,0,0,1,0,0,0.3438914027149321,0.09049773755656108,2,1
88,20,61,1,4,0,8,0,0,0,0,2,0,0,0,0,0,0,1,0,0,0.022727272727272728,0.1590909090909091,3,1
28,15,5,2,0,0,3,0,0,0,0,0,1,0,1,0,0,0,0,0,0,0.0,0.21428571428571427,3,0
25,17,0,2,0,0,2,0,0,0,0,0,1,0,1,0,0,0,0,0,0,0.0,0.2,3,0
107,10,15,2,0,0,4,1,9,0,8,5,0,0,0,0,0,0,0,0,0,0.04672897196261682,0.2336448598130841,3,0
80,23,50,3,0,0,8,0,0,0,0,0,1,0,0,0,0,0,0,0,0,0.0,0.15,3,1
44,36,1,2,2,0,3,0,0,0,0,3,1,0,0,0,0,1,0,0,0,0.06818181818181818,0.18181818181818182,3,1
28,14,6,2,0,0,3,0,0,0,0,0,1,0,1,0,0,0,1,0,0,0.0,0.21428571428571427,3,0
93,13,73,2,15,0,4,0,0,0,0,8,0,0,0,0,0,0,0,0,0,0.08602150537634409,0.23655913978494625,2,0
94,11,76,1,9,0,7,0,0,0,0,8,0,0,0,0,0,0,0,0,0,0.0851063829787234,0.19148936170212766,3,0
27,11,8,2,0,0,3,0,0,0,0,0,1,0,1,0,0,0,0,0,0,0.0,0.2222222222222222,3,0
39,16,15,2,1,0,3,0,0,0,0,0,1,0,1,0,0,0,1,1,0,0.0,0.1794871794871795,3,0
56,21,28,2,0,0,6,0,0,0,0,0,1,0,0,0,0,0,0,0,0,0.0,0.16071428571428573,3,1
37,14,15,2,1,0,3,0,0,0,0,0,1,0,1,0,0,0,1,0,0,0.0,0.1891891891891892,3,0
45,15,22,3,0,0,5,0,0,0,0,1,1,0,1,0,0,0,0,0,0,0.022222222222222223,0.2,3,0
28,14,6,2,0,0,3,0,0,0,0,0,1,0,1,0,0,0,1,0,0,0.0,0.21428571428571427,3,0
136,30,41,5,4,0,7,1,2,0,1,28,1,0,1,0,0,0,0,1,0,0.20588235294117646,0.16176470588235295,3,1
20,12,0,1,0,0,2,0,0,0,0,0,0,0,1,0,0,0,0,1,0,0.0,0.2,3,0
46,21,18,2,0,0,5,0,0,0,0,9,1,0,0,0,0,0,0,0,0,0.1956521739130435,0.17391304347826086,3,1
24,10,6,2,0,0,3,0,0,0,0,0,1,0,1,0,0,0,0,0,0,0.0,0.25,3,0
47,17,22,3,0,0,5,0,0,0,0,1,1,0,1,0,0,0,0,0,0,0.02127659574468085,0.19148936170212766,3,0
31,15,8,2,0,0,3,0,0,0,0,0,1,0,1,0,0,0,0,0,0,0.0,0.1935483870967742,3,0
56,16,32,2,3,0,5,0,0,0,0,0,1,0,1,0,0,0,0,0,0,0.0,0.19642857142857142,3,0
33,16,9,2,0,0,3,0,0,0,0,0,1,0,1,0,0,0,0,0,0,0.0,0.18181818181818182,3,0
42,21,14,1,0,0,5,0,0,0,0,0,0,0,0,0,0,0,0,0,0,0.0,0.16666666666666666,3,1
58,13,37,2,4,0,5,0,0,0,0,4,1,0,1,0,0,0,0,0,0,0.06896551724137931,0.20689655172413793,3,0
69,36,25,1,2,0,5,0,0,0,0,0,0,0,1,0,0,1,0,0,0,0.0,0.13043478260869565,3,1
42,19,15,2,0,0,4,0,0,0,0,4,1,0,1,0,0,0,0,0,0,0.09523809523809523,0.16666666666666666,3,0
28,19,1,2,0,0,3,0,0,0,0,0,1,0,1,0,0,0,0,0,0,0.0,0.21428571428571427,3,0
47,17,1,1,0,1,3,1,1,0,0,4,0,0,1,0,0,0,0,0,0,0.0851063829787234,0.1702127659574468,3,1
68,19,42,3,1,0,9,0,0,0,0,0,1,0,0,0,0,0,0,0,0,0.0,0.20588235294117646,2,1
35,12,15,2,0,0,4,0,0,0,0,4,1,0,1,0,0,0,0,0,0,0.11428571428571428,0.2,3,0
30,15,7,2,0,0,3,0,0,0,0,0,1,0,1,0,0,0,0,1,0,0.0,0.2,3,0
281,9,265,1,9,0,6,0,0,0,0,94,0,0,0,0,0,0,0,0,0,0.33451957295373663,0.34519572953736655,3,0
80,25,48,2,1,1,6,0,0,0,0,1,0,0,0,0,0,0,0,0,0,0.0125,0.1375,3,1
45,16,22,2,0,0,5,0,0,0,0,0,0,0,0,0,0,0,0,0,0,0.0,0.17777777777777778,3,1
69,19,43,1,0,0,5,0,0,0,0,19,0,0,0,0,0,0,0,0,0,0.2753623188405797,0.10144927536231885,3,1
48,32,9,4,0,0,3,0,0,0,0,0,2,0,0,0,0,0,0,0,0,0.0,0.16666666666666666,2,1
37,17,12,2,0,0,4,0,0,0,0,0,1,0,1,0,0,0,0,0,0,0.0,0.1891891891891892,3,0
29,15,6,2,0,0,3,0,0,0,0,0,1,0,1,0,0,0,1,0,0,0.0,0.20689655172413793,3,0
35,18,10,3,0,0,3,0,0,0,0,4,1,0,0,0,0,0,0,0,0,0.11428571428571428,0.2,3,1
41,16,6,2,0,0,3,1,1,0,0,3,1,0,1,0,0,0,0,0,0,0.07317073170731707,0.1951219512195122,3,0
21,12,1,2,0,0,3,0,0,0,0,0,1,0,1,0,0,0,0,0,0,0.0,0.2857142857142857,3,0
37,21,8,2,0,0,3,0,0,0,0,0,1,0,1,0,0,0,0,0,0,0.0,0.16216216216216217,3,0
57,29,20,4,0,0,4,0,0,0,0,0,2,0,1,0,0,0,0,1,0,0.0,0.15789473684210525,2,1
29,21,0,1,0,0,2,0,0,0,0,0,0,0,1,0,0,0,1,0,0,0.0,0.13793103448275862,3,1
34,20,7,2,0,0,4,0,0,0,0,3,1,0,0,0,0,0,0,0,0,0.08823529411764706,0.20588235294117646,3,1
60,19,33,2,0,2,6,0,1,0,0,5,1,0,1,0,0,0,0,0,0,0.08333333333333333,0.2,3,0
41,18,15,2,1,0,3,0,0,0,0,0,1,0,1,0,0,0,1,0,0,0.0,0.17073170731707318,3,0
31,18,5,2,0,0,3,0,0,0,0,0,1,0,1,0,0,0,0,0,0,0.0,0.1935483870967742,3,0
22,13,1,2,0,0,3,0,0,0,0,0,1,0,1,0,0,0,0,0,0,0.0,0.2727272727272727,3,0
37,15,14,2,1,0,4,0,0,0,0,0,1,0,1,0,0,0,0,0,0,0.0,0.21621621621621623,3,0
43,12,24,3,0,0,4,0,0,0,0,0,0,0,0,0,0,0,0,1,0,0.0,0.18604651162790697,3,1
66,10,49,2,0,0,11,0,0,0,0,29,0,0,0,0,0,0,0,0,0,0.4393939393939394,0.21212121212121213,3,1
123,10,106,2,13,0,4,0,0,0,0,6,0,0,0,0,0,0,0,0,0,0.04878048780487805,0.16260162601626016,2,0
32,17,7,2,0,0,3,0,0,0,0,0,1,0,1,0,0,0,0,0,0,0.0,0.1875,3,0
30,13,9,2,0,0,3,0,0,0,0,0,1,0,1,0,0,0,0,0,0,0.0,0.2,3,0
107,14,8,6,0,0,12,2,1,0,1,1,1,0,0,0,0,0,1,0,0,0.009345794392523364,0.24299065420560748,3,1
40,15,6,2,0,0,3,1,1,0,0,3,1,0,1,0,0,0,0,0,0,0.075,0.2,3,0
32,18,6,2,0,0,4,0,0,0,0,0,0,0,1,0,0,0,0,0,0,0.0,0.21875,3,1
124,12,105,2,1,1,9,0,0,0,0,33,0,0,0,0,0,0,3,0,0,0.2661290322580645,0.11290322580645161,3,1
43,13,22,2,0,1,4,0,0,0,0,0,1,0,1,0,0,0,0,0,0,0.0,0.18604651162790697,3,0
33,10,15,1,1,0,3,0,0,0,0,0,0,0,1,0,0,0,1,0,0,0.0,0.18181818181818182,3,0
41,14,20,1,0,0,5,0,0,0,0,3,0,0,0,0,0,0,0,1,0,0.07317073170731707,0.17073170731707318,3,1
49,26,16,4,0,0,4,0,0,0,0,0,3,0,0,0,0,0,0,0,0,0.0,0.1836734693877551,2,1
41,11,22,3,0,0,5,0,0,0,0,1,1,0,1,0,0,0,0,0,0,0.024390243902439025,0.21951219512195122,3,0
40,18,14,2,1,0,4,0,0,0,0,0,1,0,1,0,0,0,0,0,0,0.0,0.2,3,0
93,14,47,3,3,1,7,1,1,0,1,3,0,0,0,0,0,0,2,1,0,0.03225806451612903,0.21505376344086022,3,1
177,30,13,1,12,0,5,1,2,0,2,16,0,0,1,0,1,1,0,0,0,0.0903954802259887,0.14689265536723164,3,1
31,16,7,2,0,0,3,0,0,0,0,0,1,0,1,0,0,0,0,0,0,0.0,0.1935483870967742,3,0
39,14,6,2,0,0,3,1,1,0,0,3,1,0,1,0,0,0,0,0,0,0.07692307692307693,0.20512820512820512,3,0
334,38,71,3,9,4,9,1,5,0,4,84,1,0,1,0,0,1,0,0,0,0.25149700598802394,0.12275449101796407,3,1
23,8,7,1,0,0,3,0,0,0,0,0,0,0,1,0,0,0,0,0,0,0.0,0.21739130434782608,3,0
39,19,12,2,0,0,4,0,0,0,0,0,1,0,1,0,0,0,0,0,0,0.0,0.1794871794871795,3,0
44,14,22,3,0,0,5,0,0,0,0,1,1,0,1,0,0,0,0,0,0,0.022727272727272728,0.20454545454545456,3,0
50,10,32,1,3,0,5,0,0,0,0,0,0,0,1,0,0,0,0,0,0,0.0,0.2,3,0
32,24,1,2,0,0,3,0,0,0,0,2,1,0,0,0,0,0,0,0,0,0.0625,0.1875,3,1
29,12,9,2,0,0,3,0,0,0,0,0,1,0,1,0,0,0,0,0,0,0.0,0.20689655172413793,3,0
97,19,71,3,0,0,9,0,0,0,0,21,1,0,0,0,0,0,1,1,0,0.21649484536082475,0.13402061855670103,2,1
22,14,0,2,0,0,2,0,0,0,0,0,1,0,1,0,0,0,0,0,0,0.0,0.22727272727272727,3,0
71,27,36,4,0,0,5,0,0,0,0,7,2,0,1,0,0,0,0,0,0,0.09859154929577464,0.18309859154929578,2,1
67,20,18,3,0,0,4,1,1,1,0,0,0,0,0,0,0,0,0,0,0,0.0,0.16417910447761194,7,1
49,29,12,2,0,0,4,0,0,0,0,0,1,0,1,0,0,0,0,0,0,0.0,0.14285714285714285,2,1
53,12,33,1,1,0,5,0,0,0,0,7,0,0,1,0,0,1,0,0,0,0.1320754716981132,0.1509433962264151,3,1
87,12,67,1,9,0,5,0,0,0,0,1,0,0,1,0,0,0,0,0,0,0.011494252873563218,0.1839080459770115,3,1
100,26,67,2,1,1,8,0,0,0,0,10,1,0,0,0,0,0,2,0,0,0.1,0.13,3,1
35,9,18,1,0,0,3,0,0,0,0,5,0,0,1,0,0,0,0,0,0,0.14285714285714285,0.14285714285714285,3,1
29,15,6,2,0,0,3,0,0,0,0,0,1,0,1,0,0,0,1,0,0,0.0,0.20689655172413793,3,0
63,21,35,1,0,0,8,0,0,0,0,0,0,0,0,0,0,0,0,0,0,0.0,0.15873015873015872,3,1
73,25,40,4,1,0,4,0,1,0,0,18,2,0,1,0,0,1,1,0,0,0.2465753424657534,0.2054794520547945,3,1
38,18,12,2,0,0,4,0,0,0,0,0,1,0,1,0,0,0,0,0,0,0.0,0.18421052631578946,3,0
101,22,71,5,2,0,5,0,0,0,0,20,1,0,1,0,0,0,1,1,0,0.19801980198019803,0.1782178217821782,3,1
29,20,1,2,0,0,3,0,0,0,0,1,1,0,1,0,0,0,0,0,0,0.034482758620689655,0.20689655172413793,2,1
95,13,42,2,4,0,5,1,1,0,0,17,0,0,0,0,0,0,1,1,0,0.17894736842105263,0.14736842105263157,3,0
36,13,16,2,0,0,4,0,0,0,0,5,0,0,0,0,0,0,0,0,0,0.1388888888888889,0.19444444444444445,3,1
55,14,33,2,0,2,6,0,1,0,0,5,1,0,1,0,0,0,0,0,0,0.09090909090909091,0.21818181818181817,3,0
159,9,143,1,3,0,6,0,0,0,0,51,0,0,0,0,0,0,0,0,0,0.32075471698113206,0.3333333333333333,3,0
35,18,9,2,0,0,3,0,0,0,0,0,1,0,1,0,0,0,0,0,0,0.0,0.17142857142857143,3,0
29,14,7,2,0,0,3,0,0,0,0,0,1,0,1,0,0,0,0,0,0,0.0,0.20689655172413793,3,0
37,15,14,3,0,0,5,0,0,0,0,1,2,0,1,0,0,0,0,0,0,0.02702702702702703,0.24324324324324326,2,1
28,14,6,2,0,0,3,0,0,0,0,0,1,0,1,0,0,0,0,0,0,0.0,0.21428571428571427,3,0
34,15,11,1,0,0,4,0,0,0,0,0,0,0,1,0,0,0,0,0,0,0.0,0.17647058823529413,3,1
45,32,6,2,1,0,4,0,0,0,0,1,1,0,0,0,0,1,0,0,0,0.022222222222222223,0.17777777777777778,3,1
27,12,7,2,0,0,3,0,0,0,0,0,1,0,1,0,0,0,0,0,0,0.0,0.2222222222222222,2,0
41,23,10,2,0,0,4,0,0,0,0,1,1,0,1,0,0,0,0,0,0,0.024390243902439025,0.17073170731707318,3,1
140,13,23,5,0,2,4,1,6,0,5,28,0,0,0,0,0,0,0,0,0,0.2,0.17142857142857143,3,0
29,20,1,2,0,0,3,0,0,0,0,0,1,0,1,0,0,0,0,0,0,0.0,0.20689655172413793,3,0
27,13,6,2,0,0,3,0,0,0,0,0,1,0,1,0,0,0,0,0,0,0.0,0.2222222222222222,3,0
48,25,16,2,0,1,5,0,0,0,0,2,1,0,0,0,0,0,0,0,0,0.041666666666666664,0.1875,3,1
132,16,24,3,0,2,4,1,1,0,0,4,1,0,1,0,0,0,0,0,0,0.030303030303030304,0.09090909090909091,3,1
39,14,6,2,0,0,3,1,1,0,0,3,1,0,1,0,0,0,0,0,0,0.07692307692307693,0.20512820512820512,3,0
57,16,33,2,0,2,6,0,1,0,0,5,1,0,1,0,0,0,0,1,0,0.08771929824561403,0.21052631578947367,3,0
41,16,18,2,1,1,5,0,0,0,0,0,1,0,0,0,0,0,1,0,0,0.0,0.24390243902439024,3,1
47,17,22,3,0,0,5,0,0,0,0,1,1,0,1,0,0,0,0,0,0,0.02127659574468085,0.19148936170212766,3,0
46,16,22,2,0,1,4,0,0,0,0,0,1,0,1,0,0,0,0,1,0,0.0,0.17391304347826086,3,0
39,16,15,2,1,0,3,0,0,0,0,0,1,0,1,0,0,0,1,0,0,0.0,0.1794871794871795,3,0
28,13,8,3,0,0,3,0,0,0,0,13,2,1,0,0,0,0,0,0,0,0.4642857142857143,0.25,1,1
50,19,24,2,0,0,7,0,0,0,0,10,1,0,0,0,0,0,1,0,0,0.2,0.2,3,1
22,13,1,2,0,0,3,0,0,0,0,0,1,0,1,0,0,0,0,0,0,0.0,0.2727272727272727,3,1
51,12,32,2,1,0,6,0,0,0,0,0,0,0,0,0,0,0,0,0,0,0.0,0.19607843137254902,2,1
94,11,76,1,3,0,8,0,0,0,0,0,0,0,0,0,0,0,0,0,0,0.0,0.13829787234042554,3,1
34,21,5,2,0,0,3,0,0,0,0,0,1,0,1,0,0,0,0,0,0,0.0,0.17647058823529413,3,0
63,38,17,4,1,0,4,0,0,0,0,0,3,0,1,0,0,0,0,0,0,0.0,0.15873015873015872,3,1
28,17,3,2,0,0,4,0,0,0,0,1,1,0,1,0,0,0,0,0,0,0.03571428571428571,0.25,2,1
33,18,7,2,0,0,3,0,0,0,0,0,1,0,1,0,0,0,0,0,0,0.0,0.18181818181818182,3,0
40,12,20,2,0,0,5,0,0,0,0,0,1,0,1,0,0,0,0,0,0,0.0,0.2,3,0
28,14,6,2,0,0,3,0,0,0,0,0,1,0,1,0,0,0,1,0,0,0.0,0.21428571428571427,3,0
45,34,4,1,0,0,3,0,0,0,0,0,0,0,0,0,0,0,0,0,0,0.0,0.1111111111111111,3,1
138,22,93,6,3,0,5,0,0,1,0,40,1,0,1,0,0,0,0,1,0,0.2898550724637681,0.18840579710144928,3,1
51,15,28,2,0,1,5,0,0,0,0,0,0,0,1,0,0,0,0,0,0,0.0,0.17647058823529413,3,1
118,31,72,4,0,0,8,1,1,0,0,18,1,0,0,0,0,0,1,0,0,0.15254237288135594,0.1271186440677966,3,1
53,17,29,2,1,0,4,0,0,0,0,10,1,0,0,0,0,0,0,0,0,0.18867924528301888,0.16981132075471697,2,1
104,14,83,1,6,0,8,0,0,0,0,8,0,0,0,0,0,0,0,0,0,0.07692307692307693,0.15384615384615385,3,0
35,15,12,2,0,0,4,0,0,0,0,0,1,0,1,0,0,0,0,0,0,0.0,0.2,3,0
20,11,1,2,0,0,3,0,0,0,0,0,1,0,1,0,0,0,0,0,0,0.0,0.3,3,0
37,14,15,2,1,0,3,0,0,0,0,0,1,0,1,0,0,0,1,0,0,0.0,0.1891891891891892,3,0
44,19,6,2,0,0,3,1,1,0,0,3,1,0,1,0,0,0,0,0,0,0.06818181818181818,0.18181818181818182,3,0
29,14,7,2,0,0,3,0,0,0,0,0,1,0,1,0,0,0,0,0,0,0.0,0.20689655172413793,3,0
35,19,8,2,0,0,3,0,0,0,0,0,1,0,1,0,0,0,0,0,0,0.0,0.17142857142857143,3,0
30,14,8,2,0,0,3,0,0,0,0,0,1,0,1,0,0,0,0,0,0,0.0,0.2,3,0
66,11,48,3,0,1,7,0,0,0,0,6,1,0,0,0,0,0,0,0,0,0.09090909090909091,0.18181818181818182,2,1
62,22,32,2,3,0,5,0,0,0,0,0,1,0,1,0,0,0,0,1,0,0.0,0.1774193548387097,3,0
24,15,1,2,0,0,3,0,0,0,0,0,1,0,1,0,0,0,0,0,0,0.0,0.25,3,0
22,14,0,2,0,0,2,0,0,0,0,0,1,0,1,0,0,0,0,0,0,0.0,0.22727272727272727,3,0
40,18,14,2,1,0,4,0,0,0,0,0,1,0,1,0,0,0,0,0,0,0.0,0.2,3,0
28,14,6,2,0,0,3,0,0,0,0,0,1,0,1,0,0,0,1,0,0,0.0,0.21428571428571427,3,0
47,25,15,1,0,0,5,0,0,0,0,0,0,0,0,0,0,0,0,0,0,0.0,0.14893617021276595,3,1
30,12,10,1,0,0,6,0,0,0,0,1,0,0,1,0,0,0,0,1,0,0.03333333333333333,0.26666666666666666,3,0
34,19,7,3,0,0,3,0,0,0,0,0,2,0,1,0,0,0,0,1,0,0.0,0.20588235294117646,3,0
33,18,7,2,0,0,3,0,0,0,0,0,1,0,1,0,0,0,0,0,0,0.0,0.18181818181818182,3,0
63,7,49,2,0,0,5,0,0,0,0,16,0,0,0,0,0,0,0,0,0,0.25396825396825395,0.12698412698412698,2,1
86,19,60,3,1,1,8,0,0,0,0,13,1,0,0,0,0,0,0,0,0,0.1511627906976744,0.1744186046511628,7,1
55,14,33,2,0,2,6,0,1,0,0,5,1,0,1,0,0,0,0,0,0,0.09090909090909091,0.21818181818181817,3,0
37,14,15,2,1,0,3,0,0,0,0,0,1,0,1,0,0,0,1,0,0,0.0,0.1891891891891892,3,0
82,16,46,2,0,1,6,1,1,0,0,9,1,0,1,0,0,0,0,1,0,0.10975609756097561,0.14634146341463414,3,1
99,15,76,2,3,0,7,0,0,0,0,8,1,0,1,0,0,0,0,1,0,0.08080808080808081,0.13131313131313133,3,1
51,21,23,2,0,0,5,0,0,0,0,0,0,0,0,0,0,0,0,0,0,0.0,0.1568627450980392,3,1
30,15,7,2,0,0,3,0,0,0,0,0,1,0,1,0,0,0,0,0,0,0.0,0.2,3,0
70,37,26,4,0,0,7,0,0,0,0,0,3,0,0,0,0,0,0,0,0,0.0,0.17142857142857143,2,1
35,17,10,2,0,0,6,0,0,0,0,1,1,0,1,0,0,0,0,1,0,0.02857142857142857,0.2571428571428571,3,0
29,15,6,2,0,0,3,0,0,0,0,0,1,0,1,0,0,0,0,1,0,0.0,0.20689655172413793,3,0
36,15,14,3,0,0,3,0,0,0,0,0,1,0,0,0,0,0,0,0,0,0.0,0.19444444444444445,2,1
103,14,81,1,0,0,9,0,0,0,0,18,0,0,1,0,0,0,0,0,0,0.17475728155339806,0.10679611650485436,3,1
93,10,14,2,0,3,3,1,2,0,1,31,0,0,0,0,0,0,0,0,0,0.3333333333333333,0.13978494623655913,2,0
94,10,77,1,8,0,6,0,0,0,0,5,0,0,0,0,0,0,0,0,0,0.05319148936170213,0.1702127659574468,3,0
55,14,33,2,0,2,6,0,1,0,0,5,1,0,1,0,0,0,0,0,0,0.09090909090909091,0.21818181818181817,3,0
27,13,6,2,0,0,3,0,0,0,0,0,1,0,1,0,0,0,0,0,0,0.0,0.2222222222222222,3,0
24,11,5,2,0,0,3,0,0,0,0,0,1,0,1,0,0,0,0,0,0,0.0,0.25,3,0
27,14,6,1,0,0,3,0,0,0,0,0,0,0,0,0,0,0,1,0,0,0.0,0.18518518518518517,2,1
215,12,70,2,3,4,8,1,3,0,2,55,0,0,1,0,0,0,4,1,0,0.2558139534883721,0.11162790697674418,3,1
46,22,17,2,0,0,5,0,0,0,0,0,0,0,0,0,0,0,0,0,0,0.0,0.1956521739130435,3,1
30,22,1,2,0,0,3,0,0,0,0,0,1,0,0,0,0,0,0,0,0,0.0,0.2,2,1
47,22,6,2,0,0,3,1,1,0,0,3,1,0,1,0,0,0,0,0,0,0.06382978723404255,0.1702127659574468,3,0
132,16,24,3,3,0,4,1,1,0,0,9,1,0,1,0,0,0,0,0,0,0.06818181818181818,0.09848484848484848,3,1
70,16,46,1,0,0,6,0,0,0,0,22,0,0,1,0,0,0,0,0,0,0.3142857142857143,0.11428571428571428,3,1
39,14,6,2,0,0,3,1,1,0,0,3,1,0,1,0,0,0,0,0,0,0.07692307692307693,0.20512820512820512,3,0
21,9,5,1,0,0,3,0,0,0,0,1,0,0,0,0,0,0,0,0,0,0.047619047619047616,0.23809523809523808,2,1
49,35,6,2,0,0,3,0,0,0,0,0,1,0,1,0,0,0,1,0,0,0.0,0.12244897959183673,3,1
88,27,54,2,0,0,4,0,0,0,0,20,1,0,0,0,0,0,0,0,0,0.22727272727272727,0.07954545454545454,3,1
97,12,78,2,7,0,4,0,0,0,0,4,0,0,0,0,0,0,0,0,0,0.041237113402061855,0.14432989690721648,2,0
32,10,14,2,1,0,4,0,0,0,0,0,1,0,1,0,0,0,0,0,0,0.0,0.25,3,0
34,22,5,2,0,0,4,0,0,0,0,0,1,0,0,0,0,0,0,0,0,0.0,0.20588235294117646,3,1
28,12,8,2,0,0,3,0,0,0,0,0,1,0,1,0,0,0,0,0,0,0.0,0.21428571428571427,3,0
39,11,20,2,0,0,5,0,0,0,0,0,1,0,1,0,0,0,0,0,0,0.0,0.20512820512820512,3,0
166,12,26,3,2,1,7,1,3,0,2,51,0,0,1,0,0,1,1,0,0,0.3072289156626506,0.13253012048192772,3,1
179,32,13,3,11,0,4,1,3,0,2,18,1,0,1,0,0,1,0,0,0,0.1005586592178771,0.13966480446927373,3,1
287,32,61,3,1,5,7,1,4,0,3,71,1,0,1,0,0,1,0,0,0,0.24738675958188153,0.11498257839721254,3,1
33,24,1,2,0,0,3,0,0,0,0,0,1,0,1,0,0,0,1,0,0,0.0,0.18181818181818182,3,1
36,21,7,2,0,0,3,0,0,0,0,0,1,0,1,0,0,0,0,1,0,0.0,0.16666666666666666,3,0
34,11,15,2,0,0,4,0,0,0,0,4,1,0,1,0,0,0,0,0,0,0.11764705882352941,0.20588235294117646,3,0
63,18,37,2,4,0,5,0,0,0,0,4,1,0,1,0,0,0,0,0,0,0.06349206349206349,0.19047619047619047,3,0
139,19,113,4,11,0,8,0,0,0,0,8,2,0,0,0,0,0,0,0,0,0.05755395683453238,0.17266187050359713,2,0
62,17,37,2,4,0,5,0,0,0,0,4,1,0,1,0,0,0,0,0,0,0.06451612903225806,0.1935483870967742,3,0
35,18,9,2,0,0,3,0,0,0,0,0,1,0,1,0,0,0,0,1,0,0.0,0.17142857142857143,3,0
115,32,76,2,0,0,5,0,0,0,0,26,1,0,0,0,0,0,0,0,0,0.22608695652173913,0.06956521739130435,4,1
83,16,60,2,1,1,8,0,0,0,0,5,1,0,0,0,0,0,2,0,0,0.060240963855421686,0.1566265060240964,2,1
93,7,79,1,10,0,5,0,0,0,0,5,0,0,0,0,0,0,0,0,0,0.053763440860215055,0.1827956989247312,3,0
59,27,24,3,1,0,4,0,0,0,0,0,2,0,1,0,0,1,0,0,0,0.0,0.15254237288135594,2,1
85,16,62,2,1,1,8,0,0,0,0,5,1,0,0,0,0,0,1,0,0,0.058823529411764705,0.15294117647058825,2,1
72,18,47,2,0,0,4,0,0,0,0,19,0,0,0,0,0,0,0,0,0,0.2638888888888889,0.09722222222222222,3,1
37,29,1,2,0,0,3,0,0,0,0,0,1,0,0,0,0,0,1,0,0,0.0,0.16216216216216217,3,1
39,17,14,2,1,0,4,0,0,0,0,0,1,0,1,0,0,0,0,0,0,0.0,0.20512820512820512,3,0
43,15,20,2,0,0,5,0,0,0,0,0,1,0,1,0,0,0,0,0,0,0.0,0.18604651162790697,3,0
96,15,74,4,2,0,8,0,0,0,0,0,1,0,0,0,0,0,1,0,0,0.0,0.15625,2,1
31,13,10,2,0,0,6,0,0,0,0,1,1,0,1,0,0,0,0,1,0,0.03225806451612903,0.2903225806451613,3,0
211,24,14,3,0,1,4,1,3,0,2,68,1,0,0,0,0,0,1,0,0,0.3222748815165877,0.08056872037914692,3,1
30,14,8,2,0,0,3,0,0,0,0,0,1,0,1,0,0,0,0,0,0,0.0,0.2,3,0
77,26,44,3,0,0,6,0,0,0,0,0,1,0,0,0,0,0,0,0,0,0.0,0.12987012987012986,2,1
61,25,18,1,1,0,5,1,1,0,0,1,0,0,0,0,0,0,0,0,0,0.01639344262295082,0.16393442622950818,3,1
231,10,214,1,6,0,6,0,0,0,0,33,0,0,0,0,0,0,0,0,0,0.14285714285714285,0.33766233766233766,2,0
33,14,7,3,0,0,3,1,1,0,0,5,1,0,0,0,0,0,0,0,0,0.15151515151515152,0.2727272727272727,2,1
30,17,5,2,0,0,3,0,0,0,0,0,1,0,1,0,0,0,0,0,0,0.0,0.2,3,0
32,14,10,2,0,0,6,0,0,0,0,1,1,0,1,0,0,0,0,1,0,0.03125,0.28125,3,0
37,28,1,2,0,0,3,0,0,0,0,0,1,0,1,0,0,0,0,0,0,0.0,0.16216216216216217,3,1
73,18,47,2,1,0,8,0,0,0,0,0,0,0,1,0,0,0,2,1,0,0.0,0.1643835616438356,3,1
108,8,93,1,10,0,5,0,0,0,0,0,0,0,0,0,0,0,0,0,0,0.0,0.1574074074074074,3,0
50,27,15,2,1,0,4,0,0,0,0,0,1,0,1,0,0,1,2,1,0,0.0,0.16,3,1
48,28,12,5,0,0,3,0,0,0,0,3,3,0,1,0,0,0,0,0,0,0.0625,0.1875,3,1
273,43,62,3,5,4,7,1,4,0,2,56,1,0,1,0,0,1,0,0,0,0.20512820512820512,0.11355311355311355,3,1
35,12,15,2,0,0,4,0,0,0,0,4,1,0,1,0,0,0,0,0,0,0.11428571428571428,0.2,3,0
80,28,44,2,0,0,7,0,0,0,0,0,0,0,1,0,0,0,1,1,0,0.0,0.125,3,1
50,19,24,2,0,0,7,0,0,0,0,12,1,0,0,0,0,0,1,0,0,0.24,0.2,3,1
61,13,41,2,0,0,7,0,0,0,0,3,1,0,0,0,0,0,0,0,0,0.04918032786885246,0.18032786885245902,2,1
60,20,32,4,0,1,4,0,0,0,0,0,1,0,1,0,0,0,0,0,0,0.0,0.16666666666666666,3,1
40,17,15,2,0,0,4,0,0,0,0,4,1,0,1,0,0,0,0,1,0,0.1,0.175,3,0
62,16,26,2,1,1,5,1,1,0,0,0,1,0,1,0,0,0,0,1,0,0.0,0.1935483870967742,3,1
39,11,20,2,0,0,5,0,0,0,0,0,1,0,1,0,0,0,0,0,0,0.0,0.20512820512820512,3,0
111,17,61,3,1,0,9,1,1,1,0,0,0,0,0,0,0,0,0,0,0,0.0,0.15315315315315314,2,1
42,14,20,2,0,0,5,0,0,0,0,0,1,0,1,0,0,0,0,0,0,0.0,0.19047619047619047,3,0
18,10,0,1,0,0,2,0,0,0,0,0,0,0,1,0,0,0,0,0,0,0.0,0.2222222222222222,3,0
35,19,8,3,0,0,3,0,0,0,0,0,2,0,1,0,0,0,0,1,0,0.0,0.2,3,0
91,16,68,5,2,0,8,0,0,0,0,3,1,0,0,0,0,0,3,0,0,0.03296703296703297,0.17582417582417584,2,1
57,12,37,2,4,0,5,0,0,0,0,4,1,0,1,0,0,0,0,0,0,0.07017543859649122,0.21052631578947367,3,0
52,26,18,1,0,0,4,0,0,0,0,0,0,0,1,0,0,0,1,0,0,0.0,0.11538461538461539,3,1
36,13,15,2,1,0,3,0,0,0,0,0,1,0,1,0,0,0,1,0,0,0.0,0.19444444444444445,3,0
69,25,21,3,0,0,4,1,2,0,0,2,1,0,0,0,0,0,1,0,0,0.028985507246376812,0.15942028985507245,3,1
30,23,0,2,0,0,2,0,0,0,0,0,1,0,0,0,0,0,0,0,0,0.0,0.16666666666666666,3,1
33,11,14,2,1,0,4,0,0,0,0,0,1,0,1,0,0,0,0,0,0,0.0,0.24242424242424243,3,0
36,11,6,2,0,0,3,1,1,0,0,3,1,0,1,0,0,0,0,0,0,0.08333333333333333,0.2222222222222222,3,0
48,28,13,2,0,0,4,0,0,0,0,0,1,0,0,0,0,0,1,0,0,0.0,0.14583333333333334,3,1
30,17,5,2,0,0,3,0,0,0,0,0,1,0,1,0,0,0,0,1,0,0.0,0.2,3,0
157,15,27,3,0,0,6,1,4,1,3,29,0,0,0,0,0,0,0,0,0,0.18471337579617833,0.14012738853503184,3,1
26,7,12,1,0,0,5,0,0,0,0,0,0,0,0,0,0,0,0,0,0,0.0,0.2692307692307692,2,1
256,9,240,1,7,0,6,0,0,0,0,77,0,0,0,0,0,0,0,0,0,0.30078125,0.33984375,3,0
162,13,29,2,1,0,5,1,3,0,1,14,0,0,1,0,0,0,0,0,0,0.08641975308641975,0.09259259259259259,3,1
63,10,45,1,0,0,5,0,0,0,0,17,0,0,1,0,0,0,0,0,0,0.2698412698412698,0.1111111111111111,2,1
35,15,13,2,0,0,3,0,0,0,0,4,1,0,0,0,0,0,0,0,0,0.11428571428571428,0.17142857142857143,3,1
26,13,5,2,0,0,3,0,0,0,0,0,1,0,1,0,0,0,0,0,0,0.0,0.23076923076923078,3,0
47,20,19,1,0,0,5,0,0,0,0,0,0,0,1,0,0,0,0,0,0,0.0,0.14893617021276595,3,1
37,22,7,2,0,0,3,0,0,0,0,0,1,0,1,0,0,0,1,0,0,0.0,0.16216216216216217,2,1
81,23,51,4,1,0,7,0,1,0,0,1,2,0,0,0,0,0,1,1,0,0.012345679012345678,0.1728395061728395,2,1
35,17,10,2,0,0,6,0,0,0,0,1,1,0,1,0,0,0,0,0,0,0.02857142857142857,0.2571428571428571,3,0
40,12,21,2,0,0,5,0,0,0,0,0,0,0,0,0,0,0,1,0,0,0.0,0.2,3,1
30,15,7,2,0,0,3,0,0,0,0,0,1,0,1,0,0,0,0,0,0,0.0,0.2,3,0
90,14,68,1,1,1,10,0,0,0,0,5,0,0,1,0,0,0,2,0,0,0.05555555555555555,0.15555555555555556,3,1
48,24,1,2,1,0,3,1,1,0,0,0,1,0,1,0,0,1,0,0,0,0.0,0.1875,4,1
42,12,22,2,0,1,4,0,0,0,0,0,1,0,1,0,0,0,0,0,0,0.0,0.19047619047619047,3,0
41,13,20,2,0,0,5,0,0,0,0,0,1,0,1,0,0,0,0,1,0,0.0,0.1951219512195122,3,0
113,15,76,2,0,1,7,1,1,0,0,5,1,0,1,0,0,0,0,1,0,0.04424778761061947,0.11504424778761062,3,1
48,18,22,3,0,0,5,0,0,0,0,1,1,0,1,0,0,0,0,0,0,0.020833333333333332,0.1875,3,0
29,15,6,2,0,0,3,0,0,0,0,0,1,0,1,0,0,0,0,0,0,0.0,0.20689655172413793,3,0
54,11,35,2,0,0,4,0,0,0,0,8,1,0,1,0,0,0,0,0,0,0.14814814814814814,0.12962962962962962,3,1
45,15,22,2,0,1,4,0,0,0,0,0,1,0,1,0,0,0,0,0,0,0.0,0.17777777777777778,3,0
45,23,14,2,1,0,4,0,0,0,0,0,1,0,1,0,0,0,0,0,0,0.0,0.17777777777777778,3,0
66,23,36,3,0,0,6,0,0,0,0,0,1,0,0,0,0,0,0,0,0,0.0,0.15151515151515152,3,1
115,23,42,2,1,2,7,2,2,0,1,11,0,0,0,0,0,0,1,1,0,0.09565217391304348,0.16521739130434782,4,1
102,27,58,2,1,0,6,1,1,0,0,12,1,0,1,0,0,1,0,0,0,0.11764705882352941,0.13725490196078433,3,1
73,22,44,1,1,0,8,0,0,0,0,3,0,0,0,0,0,0,3,1,0,0.0410958904109589,0.1506849315068493,3,1
86,34,44,4,0,0,5,1,0,0,0,31,3,0,0,0,0,0,0,0,0,0.36046511627906974,0.12790697674418605,3,1
109,12,89,2,3,0,10,0,0,0,0,0,0,0,1,0,0,0,0,0,0,0.0,0.14678899082568808,3,0
129,13,28,2,0,2,4,1,5,0,4,27,0,0,0,0,0,0,0,0,0,0.20930232558139536,0.14728682170542637,3,0
53,12,33,2,0,2,6,0,1,0,0,5,1,0,1,0,0,0,0,1,0,0.09433962264150944,0.22641509433962265,3,0
30,15,7,2,0,0,3,0,0,0,0,0,1,0,1,0,0,0,0,0,0,0.0,0.2,3,0
127,32,80,2,1,2,7,1,1,0,0,4,1,0,1,0,0,1,0,0,0,0.031496062992125984,0.13385826771653545,3,1
65,16,41,2,1,0,7,0,0,0,0,0,1,0,1,0,0,0,0,0,0,0.0,0.16923076923076924,3,1
135,30,44,5,5,0,7,1,2,0,1,24,1,0,1,0,0,0,1,1,0,0.17777777777777778,0.16296296296296298,3,1
139,30,44,5,5,0,7,1,2,0,1,20,1,0,1,0,0,0,0,1,0,0.14388489208633093,0.16546762589928057,3,1
34,11,15,2,0,0,4,0,0,0,0,4,1,0,1,0,0,0,0,0,0,0.11764705882352941,0.20588235294117646,3,0
71,13,12,2,0,0,4,1,1,1,0,0,0,0,0,0,0,0,0,0,0,0.0,0.14084507042253522,3,1
50,18,25,3,0,0,5,0,0,0,0,4,1,0,0,0,0,0,0,0,0,0.08,0.18,2,1
23,4,11,1,0,0,3,0,0,0,0,3,0,0,1,0,0,0,0,0,1,0.13043478260869565,0.21739130434782608,2,1
40,17,15,2,0,0,4,0,0,0,0,4,1,0,1,0,0,0,0,0,0,0.1,0.175,3,0
66,19,39,2,0,0,7,0,0,0,0,4,0,0,1,0,0,0,0,0,0,0.06060606060606061,0.15151515151515152,3,1
40,32,1,2,2,0,3,0,0,0,0,0,1,0,0,0,0,1,4,0,0,0.0,0.2,2,1
41,13,20,2,0,0,5,0,0,0,0,0,1,0,1,0,0,0,0,0,0,0.0,0.1951219512195122,3,0
31,17,6,2,0,0,3,0,0,0,0,0,1,0,1,0,0,0,0,0,0,0.0,0.1935483870967742,3,0
93,11,75,1,2,1,9,0,0,0,0,0,0,0,0,0,0,0,0,1,0,0.0,0.15053763440860216,2,0
47,17,23,2,1,0,4,0,0,0,0,0,0,0,0,0,0,1,1,0,0,0.0,0.1702127659574468,4,1
21,13,0,2,0,0,2,0,0,0,0,0,1,0,1,0,0,0,0,0,0,0.0,0.23809523809523808,3,0
34,20,7,2,0,0,3,0,0,0,0,1,1,0,0,0,0,0,0,0,0,0.029411764705882353,0.17647058823529413,3,1
32,12,12,1,0,0,4,0,0,0,0,0,0,0,1,0,0,0,0,1,0,0.0,0.1875,3,0
149,30,43,6,5,0,7,1,2,1,1,28,1,0,1,0,0,0,0,1,0,0.18791946308724833,0.16778523489932887,3,1
48,40,1,4,2,0,3,0,0,0,0,2,3,0,0,0,0,1,0,1,0,0.041666666666666664,0.20833333333333334,2,1
50,41,1,3,2,0,3,0,0,0,0,5,2,0,1,0,0,1,0,0,0,0.1,0.18,2,1
28,19,1,2,0,0,3,0,0,0,0,0,1,0,1,0,0,0,0,0,0,0.0,0.21428571428571427,3,0
38,13,6,2,0,0,3,1,1,0,0,3,1,0,1,0,0,0,0,0,0,0.07894736842105263,0.21052631578947367,3,0
94,14,73,2,8,0,8,0,0,0,0,8,0,0,0,0,0,0,0,0,0,0.0851063829787234,0.20212765957446807,3,0
36,25,4,2,1,0,4,0,0,0,0,0,1,0,0,0,0,1,0,0,0,0.0,0.2222222222222222,2,1
49,19,22,2,0,1,4,0,0,0,0,0,1,0,1,0,0,0,0,0,0,0.0,0.16326530612244897,3,0
22,13,1,2,0,0,3,0,0,0,0,0,1,0,1,0,0,0,0,0,0,0.0,0.2727272727272727,3,0
105,25,73,2,1,1,7,0,0,0,0,20,0,0,0,0,0,0,1,0,0,0.19047619047619047,0.11428571428571428,3,1
53,20,26,4,0,0,4,0,0,0,0,6,1,0,0,0,0,0,1,0,0,0.11320754716981132,0.16981132075471697,3,1
25,17,0,1,0,0,2,0,0,0,0,0,0,0,1,0,0,0,0,1,0,0.0,0.16,3,0
54,11,35,2,0,0,4,0,0,0,0,13,1,0,1,0,0,0,0,0,0,0.24074074074074073,0.12962962962962962,3,1
27,19,0,1,0,0,2,0,0,0,0,0,0,0,1,0,0,0,0,0,0,0.0,0.14814814814814814,3,0
73,22,44,1,1,0,8,0,0,0,0,3,0,0,0,0,0,0,3,1,0,0.0410958904109589,0.1506849315068493,3,1
105,8,90,1,14,0,5,0,0,0,0,2,0,0,0,0,0,0,0,0,0,0.01904761904761905,0.2,3,0
39,15,16,1,0,0,4,0,0,0,0,2,0,0,1,0,0,0,0,0,0,0.05128205128205128,0.15384615384615385,3,1
74,18,48,1,1,0,5,0,1,0,0,13,0,0,1,0,0,0,1,0,0,0.17567567567567569,0.12162162162162163,3,1
125,32,86,8,0,0,7,0,0,0,0,15,1,0,0,0,0,0,0,0,0,0.12,0.128,3,1
31,15,8,2,0,0,3,0,0,0,0,0,1,0,1,0,0,0,0,0,0,0.0,0.1935483870967742,3,0
56,20,29,2,2,0,4,0,0,0,0,10,1,0,0,0,0,1,0,0,0,0.17857142857142858,0.17857142857142858,2,1
53,45,0,2,0,0,2,0,0,0,0,0,1,0,1,0,0,0,1,0,0,0.0,0.09433962264150944,3,1
232,14,45,2,1,1,7,1,3,0,2,96,0,0,0,0,0,0,1,1,0,0.41379310344827586,0.08620689655172414,4,1
208,26,16,5,6,0,4,1,7,0,6,43,3,0,1,0,0,0,0,0,0,0.20673076923076922,0.20673076923076922,3,1
35,17,10,2,0,0,6,0,0,0,0,1,1,0,1,0,0,0,0,0,0,0.02857142857142857,0.2571428571428571,3,0
118,15,96,1,7,0,3,0,0,0,0,23,0,0,0,0,0,0,0,0,0,0.19491525423728814,0.2288135593220339,3,0
55,29,19,2,2,0,5,0,0,0,0,0,1,0,0,0,0,1,0,1,0,0.0,0.18181818181818182,3,1
179,35,136,3,16,0,7,0,0,0,0,28,1,0,1,0,0,0,0,0,0,0.1564245810055866,0.15083798882681565,3,1
27,14,5,2,0,0,3,0,0,0,0,0,1,0,1,0,0,0,0,1,0,0.0,0.2222222222222222,3,0
196,16,25,2,0,0,5,1,3,0,2,76,0,0,0,0,0,0,2,0,0,0.3877551020408163,0.07142857142857142,3,1
57,16,33,2,0,2,6,0,1,0,0,5,1,0,1,0,0,0,0,0,0,0.08771929824561403,0.21052631578947367,3,0
31,13,10,2,0,0,6,0,0,0,0,1,1,0,1,0,0,0,0,0,0,0.03225806451612903,0.2903225806451613,3,0
126,9,86,1,12,1,5,1,2,0,1,17,0,0,1,0,0,0,0,0,0,0.1349206349206349,0.19047619047619047,3,0
40,20,12,3,0,0,3,0,0,0,0,1,1,0,1,0,0,0,0,0,0,0.025,0.175,2,1
25,9,8,1,0,0,3,0,0,0,0,4,0,0,1,0,0,0,0,0,0,0.16,0.2,2,1
24,9,7,1,0,0,3,0,0,0,0,0,0,0,1,0,0,0,0,0,0,0.0,0.20833333333333334,3,0
92,10,75,1,9,0,6,0,0,0,0,6,0,0,0,0,0,0,0,0,0,0.06521739130434782,0.18478260869565216,3,0
21,12,1,2,0,0,3,0,0,0,0,0,1,0,1,0,0,0,0,0,0,0.0,0.2857142857142857,3,0
203,17,21,8,1,3,4,1,2,1,3,37,1,0,0,0,0,0,1,0,0,0.18226600985221675,0.1330049261083744,2,1
56,15,33,2,0,2,6,0,1,0,0,5,1,0,1,0,0,0,0,0,0,0.08928571428571429,0.21428571428571427,3,0
196,26,35,9,1,3,6,1,2,0,3,48,0,0,0,0,0,0,1,0,0,0.24489795918367346,0.1326530612244898,3,1
77,14,27,3,0,0,5,1,1,1,0,0,0,0,0,0,0,0,0,0,0,0.0,0.15584415584415584,3,1
50,27,15,2,0,0,4,0,0,0,0,4,1,0,1,0,0,0,0,0,0,0.08,0.14,3,0
247,10,105,3,4,4,10,1,3,0,2,51,0,0,0,0,0,0,3,0,0,0.20647773279352227,0.11336032388663968,3,1
45,18,19,1,0,0,5,0,0,0,0,3,0,0,1,0,0,0,0,0,0,0.06666666666666667,0.15555555555555556,3,1
255,10,105,3,4,4,10,1,3,0,2,53,0,0,0,0,0,0,3,0,0,0.20784313725490197,0.11764705882352941,3,1
77,17,9,2,0,0,3,1,4,0,3,5,0,0,1,0,0,0,1,0,0,0.06493506493506493,0.18181818181818182,3,1
98,9,82,2,7,0,7,0,0,0,0,6,0,0,0,0,0,0,0,0,0,0.061224489795918366,0.17346938775510204,3,0
33,17,8,2,0,0,3,0,0,0,0,0,1,0,1,0,0,0,0,0,0,0.0,0.18181818181818182,3,0
59,18,33,2,0,2,6,0,1,0,0,5,1,0,1,0,0,0,0,0,0,0.0847457627118644,0.2033898305084746,3,0
53,12,33,4,2,0,6,0,0,0,0,0,1,0,1,0,0,0,0,0,0,0.0,0.24528301886792453,2,1
24,15,1,2,0,0,3,0,0,0,0,0,1,0,1,0,0,0,0,0,0,0.0,0.25,3,0
23,9,6,1,0,0,3,0,0,0,0,0,0,0,1,0,0,0,0,1,0,0.0,0.21739130434782608,3,0
26,13,6,1,0,0,3,0,0,0,0,0,0,0,0,0,0,0,0,0,0,0.0,0.19230769230769232,2,1
18,6,5,1,0,0,3,0,0,0,0,0,0,0,0,0,0,0,0,0,0,0.0,0.2777777777777778,2,1
24,16,0,1,0,0,2,0,0,0,0,0,0,0,1,0,0,0,0,0,0,0.0,0.16666666666666666,2,1
40,10,22,1,0,1,4,0,0,0,0,0,0,0,1,0,0,0,0,1,0,0.0,0.175,3,0
49,9,32,1,3,0,5,0,0,0,0,0,0,0,1,0,0,0,0,1,0,0.0,0.20408163265306123,3,0
30,13,9,2,0,0,3,0,0,0,0,0,1,0,1,0,0,0,0,0,0,0.0,0.2,3,0
46,21,6,2,0,0,3,1,1,0,0,3,1,0,1,0,0,0,0,1,0,0.06521739130434782,0.17391304347826086,3,0
45,23,14,1,0,0,5,0,0,0,0,0,0,0,1,0,0,0,0,0,0,0.0,0.15555555555555556,4,1
80,17,55,2,2,0,8,0,0,0,0,1,0,0,1,0,0,0,1,0,0,0.0125,0.1625,3,1
19,11,0,2,0,0,2,0,0,0,0,0,1,0,1,0,0,0,0,0,0,0.0,0.2631578947368421,3,0
51,17,27,2,0,0,5,0,0,0,0,0,0,0,0,0,0,0,1,0,0,0.0,0.1568627450980392,3,1
76,22,47,1,1,0,6,0,0,0,0,16,0,0,0,0,0,0,0,0,0,0.21052631578947367,0.11842105263157894,3,1
32,18,6,3,0,0,3,0,0,0,0,0,2,0,1,0,0,0,0,1,0,0.0,0.21875,3,0
64,56,1,7,1,0,3,0,0,0,0,0,6,0,0,0,0,1,1,2,0,0.0,0.1875,3,1
33,11,14,2,1,0,4,0,0,0,0,0,1,0,1,0,0,0,0,0,0,0.0,0.24242424242424243,3,0
54,17,29,2,0,0,7,0,0,0,0,0,0,0,1,0,0,0,1,0,0,0.0,0.18518518518518517,3,1
57,12,37,2,4,0,5,0,0,0,0,4,1,0,1,0,0,0,0,0,0,0.07017543859649122,0.21052631578947367,2,0
28,14,6,2,0,0,3,0,0,0,0,0,1,0,1,0,0,0,0,1,0,0.0,0.21428571428571427,3,0
28,14,6,2,0,0,3,0,0,0,0,0,1,0,1,0,0,0,0,0,0,0.0,0.21428571428571427,2,0
26,13,5,2,0,0,3,0,0,0,0,0,1,0,1,0,0,0,1,0,0,0.0,0.23076923076923078,3,0
40,12,20,1,0,0,5,0,0,0,0,0,0,0,1,0,0,0,0,1,0,0.0,0.175,3,0
217,35,14,4,1,0,4,1,2,0,1,30,2,0,0,0,0,1,1,0,0,0.1382488479262673,0.06912442396313365,3,1
186,21,85,1,2,2,12,1,3,0,1,29,0,0,1,0,0,0,1,0,0,0.15591397849462366,0.13440860215053763,3,1
55,15,32,2,3,0,5,0,0,0,0,0,1,0,1,0,0,0,0,0,0,0.0,0.2,3,0
90,17,45,2,0,0,10,1,1,0,0,5,0,0,0,0,0,0,0,0,0,0.05555555555555555,0.16666666666666666,3,1
44,21,15,2,1,0,3,0,0,0,0,0,1,0,1,0,0,0,1,0,0,0.0,0.1590909090909091,3,0
48,7,33,1,2,0,4,0,0,0,0,2,0,0,1,0,0,0,0,0,0,0.041666666666666664,0.1875,2,1
83,24,51,3,1,0,4,0,1,0,0,18,0,0,1,0,0,1,1,0,0,0.21686746987951808,0.1686746987951807,3,1
44,28,9,3,0,0,3,0,0,0,0,0,1,0,0,0,0,0,0,0,0,0.0,0.1590909090909091,2,1
70,8,20,3,0,0,5,1,1,1,0,0,0,0,1,0,0,0,0,0,0,0.0,0.17142857142857143,3,1
35,13,14,2,1,0,4,0,0,0,0,0,1,0,1,0,0,0,1,1,0,0.0,0.22857142857142856,3,0
28,14,6,2,0,0,3,0,0,0,0,0,1,0,1,0,0,0,1,0,0,0.0,0.21428571428571427,3,0
23,15,0,2,0,0,2,0,0,0,0,0,1,0,1,0,0,0,0,0,0,0.0,0.21739130434782608,3,0
51,21,22,2,0,1,4,0,0,0,0,0,1,0,1,0,0,0,0,0,0,0.0,0.1568627450980392,3,0
40,10,22,3,0,0,5,0,0,0,0,1,1,0,1,0,0,0,0,0,0,0.025,0.225,3,0
32,20,4,2,0,0,4,0,0,0,0,2,1,0,1,0,0,0,0,0,0,0.0625,0.21875,3,1
52,12,32,2,3,0,5,0,0,0,0,0,1,0,1,0,0,0,0,0,0,0.0,0.21153846153846154,3,0
55,23,25,2,0,0,5,0,0,0,0,2,0,0,0,0,0,0,0,0,0,0.03636363636363636,0.14545454545454545,3,1
284,36,56,3,1,4,7,1,4,0,3,59,1,0,1,0,0,1,0,0,0,0.20774647887323944,0.10915492957746478,3,1
64,16,41,2,1,0,7,0,0,0,0,0,0,0,0,0,0,0,2,1,0,0.0,0.171875,3,1
35,15,12,2,0,0,4,0,0,0,0,0,1,0,1,0,0,0,0,0,0,0.0,0.2,3,0
33,16,10,2,0,0,4,0,0,0,0,0,1,0,0,0,0,0,1,0,0,0.0,0.21212121212121213,2,1
38,13,6,2,0,0,3,1,1,0,0,3,1,0,1,0,0,0,0,0,0,0.07894736842105263,0.21052631578947367,3,0
53,12,33,1,0,2,6,0,1,0,0,5,0,0,1,0,0,0,0,0,0,0.09433962264150944,0.20754716981132076,3,0
104,10,15,2,0,0,4,1,9,0,8,3,0,0,0,0,0,0,0,0,0,0.028846153846153848,0.2403846153846154,3,0
55,10,37,2,4,0,5,0,0,0,0,4,1,0,1,0,0,0,0,0,0,0.07272727272727272,0.21818181818181817,3,0
112,10,95,1,11,0,7,0,0,0,0,6,0,0,0,0,0,0,0,0,0,0.05357142857142857,0.17857142857142858,3,0
86,45,34,5,1,0,4,0,0,0,0,29,4,0,0,0,0,1,0,0,0,0.3372093023255814,0.12790697674418605,2,1
50,32,11,6,0,0,3,0,0,0,0,0,4,0,0,0,0,0,1,0,0,0.0,0.2,3,1
86,23,55,2,1,0,9,0,0,0,0,0,0,0,1,0,0,0,0,0,0,0.0,0.1511627906976744,3,1
132,16,24,3,0,0,4,1,1,0,0,14,1,0,1,0,0,0,0,0,0,0.10606060606060606,0.07575757575757576,3,1
31,23,1,2,0,0,3,0,0,0,0,0,1,0,0,0,0,0,0,0,0,0.0,0.1935483870967742,3,1
84,19,57,2,0,0,7,0,0,0,0,0,0,0,1,0,0,0,1,1,0,0.0,0.11904761904761904,3,1
29,21,1,2,0,0,3,0,0,0,0,0,1,0,0,0,0,0,0,1,0,0.0,0.20689655172413793,3,1
45,23,15,4,0,0,5,0,0,0,0,3,1,0,0,0,0,0,0,0,0,0.06666666666666667,0.2222222222222222,3,1
19,10,1,2,0,0,3,0,0,0,0,0,1,0,1,0,0,0,0,0,0,0.0,0.3157894736842105,3,0
32,16,8,2,0,0,3,0,0,0,0,0,1,0,1,0,0,0,0,0,0,0.0,0.1875,3,0
28,11,9,2,0,0,3,0,0,0,0,0,1,0,1,0,0,0,0,0,0,0.0,0.21428571428571427,3,0
40,12,12,2,0,0,3,1,1,0,0,1,0,0,0,0,0,0,0,0,0,0.025,0.2,3,1
87,15,65,1,0,0,12,0,0,0,0,22,0,0,0,0,0,0,0,0,0,0.25287356321839083,0.16091954022988506,3,0
34,11,15,1,1,0,3,0,0,0,0,0,0,0,1,0,0,0,1,0,0,0.0,0.17647058823529413,3,0
40,12,20,2,0,0,5,0,0,0,0,0,1,0,1,0,0,0,0,0,0,0.0,0.2,3,0
215,20,22,3,0,1,5,1,3,0,2,92,1,0,0,0,0,0,1,1,0,0.42790697674418604,0.08372093023255814,3,1
238,21,44,3,1,1,7,1,3,0,2,68,1,0,0,0,0,0,1,0,0,0.2857142857142857,0.08823529411764706,3,1
68,22,38,2,0,0,4,0,0,0,0,18,1,0,1,0,0,0,0,0,0,0.2647058823529412,0.10294117647058823,3,1
29,11,10,1,0,0,6,0,0,0,0,1,0,0,1,0,0,0,0,0,0,0.034482758620689655,0.27586206896551724,3,0
31,23,0,2,0,0,2,0,0,0,0,0,1,0,1,0,0,0,0,0,0,0.0,0.16129032258064516,3,0
212,9,196,1,5,0,6,0,0,0,0,68,0,0,0,0,0,0,0,0,0,0.32075471698113206,0.33490566037735847,3,0
32,11,13,1,1,0,3,0,0,0,0,0,0,0,1,0,0,0,0,0,1,0.0,0.1875,3,1
32,17,7,2,0,0,3,0,0,0,0,0,1,0,1,0,0,0,0,0,0,0.0,0.1875,3,0
32,18,6,2,0,0,3,0,0,0,0,0,1,0,1,0,0,0,0,0,0,0.0,0.1875,3,0
27,14,5,2,0,0,3,0,0,0,0,0,1,0,1,0,0,0,0,0,0,0.0,0.2222222222222222,3,0
25,17,0,2,0,0,2,0,0,0,0,0,1,0,1,0,0,0,0,0,0,0.0,0.2,3,0
64,54,3,4,0,0,4,0,0,0,0,0,3,0,0,0,0,0,0,0,0,0.0,0.140625,3,1
37,14,15,2,0,0,4,0,0,0,0,4,1,0,1,0,0,0,0,1,0,0.10810810810810811,0.1891891891891892,3,0
26,18,1,2,0,0,3,0,0,0,0,0,1,0,0,0,0,0,1,0,0,0.0,0.23076923076923078,2,1
177,14,16,7,1,3,5,1,2,0,3,43,1,0,0,0,0,0,1,0,0,0.24293785310734464,0.14689265536723164,2,1
82,27,47,4,1,0,4,0,1,0,0,18,2,0,1,0,0,1,2,0,0,0.21951219512195122,0.18292682926829268,2,1
39,23,8,4,0,0,3,0,0,0,0,0,2,0,1,0,0,0,0,0,0,0.0,0.20512820512820512,2,1
29,20,1,2,0,0,3,0,0,0,0,2,1,0,1,0,0,0,0,0,0,0.06896551724137931,0.20689655172413793,2,1
39,19,12,2,0,0,5,0,0,0,0,0,1,0,1,0,0,0,0,0,0,0.0,0.20512820512820512,3,1
84,12,65,2,7,0,4,0,0,0,0,0,0,0,0,0,0,0,0,0,0,0.0,0.16666666666666666,2,0
154,30,59,5,4,0,7,1,2,0,1,30,1,0,1,0,0,0,1,1,0,0.19480519480519481,0.14935064935064934,3,1
39,14,6,2,0,0,3,1,1,0,0,3,1,0,1,0,0,0,0,0,0,0.07692307692307693,0.20512820512820512,3,0
60,15,37,2,4,0,5,0,0,0,0,4,1,0,1,0,0,0,0,0,0,0.06666666666666667,0.2,3,0
45,17,20,2,0,0,5,0,0,0,0,0,1,0,1,0,0,0,0,0,0,0.0,0.17777777777777778,3,0
25,18,0,2,0,0,2,0,0,0,0,2,1,0,0,0,0,0,0,0,0,0.08,0.2,2,1
33,18,8,1,0,0,4,0,0,0,0,0,0,0,0,0,0,0,0,0,0,0.0,0.18181818181818182,3,1
58,13,37,1,1,0,9,0,0,0,0,0,0,0,1,0,0,0,0,0,0,0.0,0.20689655172413793,2,1
37,12,6,2,0,0,3,1,1,0,0,3,1,0,1,0,0,0,0,0,0,0.08108108108108109,0.21621621621621623,3,0
34,14,12,2,0,0,4,0,0,0,0,0,1,0,1,0,0,0,0,0,0,0.0,0.20588235294117646,3,0
74,21,44,3,1,0,7,1,1,0,0,0,1,0,0,0,0,0,1,0,0,0.0,0.1891891891891892,3,1
251,12,124,2,3,0,11,1,4,0,1,85,0,0,0,0,0,0,0,0,0,0.3386454183266932,0.09561752988047809,3,1
283,33,66,3,2,6,7,1,3,0,2,56,1,0,1,0,0,1,0,0,0,0.1978798586572438,0.12367491166077739,3,1
31,16,7,1,0,0,3,0,0,0,0,1,0,0,1,0,0,0,0,0,0,0.03225806451612903,0.1935483870967742,3,1
46,18,20,2,0,0,5,0,0,0,0,0,1,0,1,0,0,0,0,0,0,0.0,0.17391304347826086,3,0
110,11,92,2,12,0,7,0,0,0,0,15,1,0,0,0,0,0,0,0,0,0.13636363636363635,0.2,2,0
91,20,64,1,9,0,3,0,0,0,0,6,0,0,0,0,0,0,1,1,0,0.06593406593406594,0.15384615384615385,3,0
44,21,16,3,0,0,4,0,0,0,0,1,1,0,0,0,0,0,0,1,0,0.022727272727272728,0.18181818181818182,2,1
116,31,78,4,0,0,4,0,1,0,0,24,3,0,0,0,0,0,2,1,0,0.20689655172413793,0.08620689655172414,2,1
299,33,66,3,1,4,9,1,4,0,3,60,1,0,1,0,0,1,0,0,0,0.20066889632107024,0.13043478260869565,3,1
64,22,8,3,0,0,3,1,2,0,1,2,0,0,1,0,0,0,0,0,0,0.03125,0.1875,3,1
43,20,15,2,0,0,4,0,0,0,0,4,1,0,1,0,0,0,0,0,0,0.09302325581395349,0.16279069767441862,3,0
64,10,46,1,0,0,6,0,0,0,0,16,0,0,1,0,0,0,0,0,0,0.25,0.125,2,1
157,15,135,1,1,0,9,0,0,0,0,59,0,0,0,0,0,0,0,0,0,0.37579617834394907,0.07643312101910828,3,1
103,26,28,6,1,0,6,1,1,1,0,0,3,0,0,0,0,0,0,0,0,0.0,0.1650485436893204,2,1
41,13,20,1,0,0,5,0,0,0,0,0,0,0,1,0,0,0,0,0,0,0.0,0.17073170731707318,3,0
28,14,6,2,0,0,3,0,0,0,0,0,1,0,1,0,0,0,0,0,0,0.0,0.21428571428571427,3,0
29,15,6,2,0,0,3,0,0,0,0,0,1,0,1,0,0,0,1,0,0,0.0,0.20689655172413793,3,0
34,16,11,2,0,0,3,0,0,0,0,2,1,0,0,0,0,0,0,0,0,0.058823529411764705,0.17647058823529413,2,1
43,35,1,2,0,0,3,0,0,0,0,0,1,0,0,0,0,0,0,0,0,0.0,0.13953488372093023,3,1
86,35,26,2,3,0,4,1,1,0,0,8,0,0,1,0,0,1,0,0,0,0.09302325581395349,0.13953488372093023,3,1
221,29,19,5,0,1,5,1,3,0,2,84,3,0,0,0,0,0,1,0,0,0.38009049773755654,0.09049773755656108,2,1
139,17,28,4,1,7,6,1,5,0,0,3,1,0,1,0,0,0,0,0,0,0.02158273381294964,0.17985611510791366,2,1
25,11,6,2,0,0,3,0,0,0,0,0,1,0,1,0,0,0,1,0,0,0.0,0.24,3,0
43,21,14,2,1,0,4,0,0,0,0,0,1,0,1,0,0,0,0,0,0,0.0,0.18604651162790697,3,0
58,11,40,3,1,0,6,0,0,0,0,0,0,0,0,0,0,0,1,0,0,0.0,0.1896551724137931,2,1
147,7,133,1,2,0,6,0,0,0,0,45,0,0,0,0,0,0,0,0,0,0.30612244897959184,0.3129251700680272,3,0
31,14,9,2,0,0,3,0,0,0,0,0,1,0,1,0,0,0,0,0,0,0.0,0.1935483870967742,3,0
239,11,55,2,2,1,8,1,3,0,2,88,0,0,0,0,0,0,1,0,0,0.3682008368200837,0.09205020920502092,3,1
35,21,6,2,0,0,3,0,0,0,0,0,1,0,1,0,0,0,0,0,0,0.0,0.17142857142857143,3,0
98,65,26,3,5,0,5,0,0,0,0,0,1,0,0,0,0,1,3,1,0,0.0,0.14285714285714285,3,1
38,15,15,2,1,0,3,0,0,0,0,0,1,0,1,0,0,0,1,0,0,0.0,0.18421052631578946,3,0
99,15,77,2,9,0,6,0,0,0,0,0,1,0,0,0,0,0,0,0,0,0.0,0.18181818181818182,2,0
232,10,215,1,6,0,6,0,0,0,0,40,0,0,0,0,0,0,0,0,0,0.1724137931034483,0.33620689655172414,2,0
67,27,33,6,0,0,4,0,0,0,0,11,2,0,0,0,0,0,1,1,0,0.16417910447761194,0.16417910447761194,2,1
47,17,22,3,0,0,5,0,0,0,0,1,1,0,1,0,0,0,0,0,0,0.02127659574468085,0.19148936170212766,3,0
90,10,73,2,9,0,4,0,0,0,0,17,0,0,0,0,0,0,0,0,0,0.18888888888888888,0.17777777777777778,2,0
31,17,6,2,0,0,3,0,0,0,0,0,1,0,1,0,0,0,1,0,0,0.0,0.1935483870967742,3,0
44,14,22,3,0,0,5,0,0,0,0,1,1,0,1,0,0,0,0,0,0,0.022727272727272728,0.20454545454545456,3,0
98,10,81,2,3,0,5,0,0,0,0,4,0,0,0,0,0,0,0,0,0,0.04081632653061224,0.11224489795918367,2,0
46,25,14,3,1,0,3,0,0,0,0,6,1,0,0,0,0,1,0,0,0,0.13043478260869565,0.17391304347826086,3,1
31,17,6,2,0,0,3,0,0,0,0,0,1,0,1,0,0,0,0,1,0,0.0,0.1935483870967742,3,0
29,16,6,1,0,0,4,0,0,0,0,0,0,0,0,0,0,0,0,0,0,0.0,0.20689655172413793,3,1
162,12,57,12,0,0,4,1,1,0,0,31,0,0,0,0,0,0,0,0,0,0.19135802469135801,0.12962962962962962,3,0
22,13,1,2,0,0,3,0,0,0,0,0,1,0,1,0,0,0,0,0,0,0.0,0.2727272727272727,3,0
25,11,7,1,0,0,3,0,0,0,0,3,0,0,0,0,0,0,0,0,0,0.12,0.2,3,1
19,11,0,2,0,0,2,0,0,0,0,0,1,0,1,0,0,0,0,0,0,0.0,0.2631578947368421,3,0
194,20,62,1,1,1,11,1,3,0,2,48,0,0,0,0,0,0,3,0,0,0.24742268041237114,0.11855670103092783,3,1
132,17,1,2,0,0,3,1,5,0,4,28,1,0,1,0,0,0,0,0,0,0.21212121212121213,0.16666666666666666,3,1
31,16,7,2,0,0,3,0,0,0,0,0,1,0,1,0,0,0,0,0,0,0.0,0.1935483870967742,3,0
40,26,6,2,0,0,3,0,0,0,0,0,1,0,1,0,0,0,0,0,0,0.0,0.15,3,0
38,15,15,2,1,0,3,0,0,0,0,0,1,0,1,0,0,0,1,0,0,0.0,0.18421052631578946,3,0
89,10,61,2,7,0,3,1,1,0,0,9,0,0,0,0,0,0,0,0,0,0.10112359550561797,0.16853932584269662,3,0
116,12,97,1,8,0,7,0,0,0,0,20,0,0,0,0,0,0,0,0,0,0.1724137931034483,0.14655172413793102,3,0
247,37,20,8,2,0,4,1,4,0,0,63,0,0,0,0,0,0,0,1,0,0.2550607287449393,0.2145748987854251,3,1
123,15,15,2,2,0,6,1,6,0,1,2,0,0,0,0,0,0,0,1,0,0.016260162601626018,0.16260162601626016,3,1
58,15,36,2,0,0,6,0,0,0,0,0,0,0,0,0,0,0,0,0,0,0.0,0.15517241379310345,3,1
113,10,15,2,0,0,4,1,9,0,8,6,0,0,0,0,0,0,0,0,0,0.05309734513274336,0.22123893805309736,3,0
69,24,38,1,0,0,8,0,0,0,0,0,0,0,0,0,0,0,0,0,0,0.0,0.14492753623188406,3,1
27,16,4,1,0,0,4,0,0,0,0,1,0,0,0,0,0,0,0,0,0,0.037037037037037035,0.2222222222222222,3,1
32,16,8,2,0,0,3,0,0,0,0,0,1,0,1,0,0,0,0,0,0,0.0,0.1875,3,0
41,33,1,2,0,0,3,0,0,0,0,7,1,0,0,0,0,0,0,0,0,0.17073170731707318,0.14634146341463414,3,1
57,7,33,1,0,0,4,1,1,0,0,5,0,0,1,0,0,0,0,0,0,0.08771929824561403,0.15789473684210525,2,1
46,16,22,3,0,0,5,0,0,0,0,1,1,0,1,0,0,0,0,0,0,0.021739130434782608,0.1956521739130435,3,0
22,15,0,2,0,0,2,0,0,0,0,0,1,0,0,0,0,0,0,0,0,0.0,0.22727272727272727,2,1
35,27,1,2,0,0,3,0,0,0,0,0,1,0,0,0,0,0,1,0,0,0.0,0.17142857142857143,3,1
263,22,1,2,1,1,3,1,3,0,2,44,1,0,1,0,0,0,0,0,0,0.16730038022813687,0.12547528517110265,3,1
157,15,135,1,1,0,9,0,0,0,0,67,0,0,0,0,0,0,0,0,0,0.4267515923566879,0.07643312101910828,3,1
29,11,10,1,0,0,6,0,0,0,0,1,0,0,1,0,0,0,0,0,0,0.034482758620689655,0.27586206896551724,3,0
42,17,6,2,0,0,3,1,1,0,0,3,1,0,1,0,0,0,0,1,0,0.07142857142857142,0.19047619047619047,3,0
41,16,17,1,0,0,4,0,0,0,0,0,0,0,1,0,0,0,0,0,0,0.0,0.14634146341463414,3,1
23,9,6,1,0,0,3,0,0,0,0,0,0,0,1,0,0,0,1,0,0,0.0,0.21739130434782608,2,0
99,14,78,1,5,2,6,0,0,0,0,8,0,0,0,0,0,0,0,0,0,0.08080808080808081,0.15151515151515152,3,0
42,16,18,1,1,0,5,0,0,0,0,0,0,0,1,0,0,0,0,0,0,0.0,0.19047619047619047,3,1
213,17,22,3,1,1,4,1,3,0,2,68,1,0,1,0,0,0,1,0,0,0.3192488262910798,0.08450704225352113,3,1
31,15,8,2,0,0,3,0,0,0,0,0,1,0,1,0,0,0,0,0,0,0.0,0.1935483870967742,3,0
63,36,20,4,1,0,4,0,0,0,0,0,2,0,0,0,0,1,0,0,0,0.0,0.15873015873015872,3,1
179,35,136,3,16,0,7,0,0,0,0,28,1,0,1,0,0,0,0,0,0,0.1564245810055866,0.15083798882681565,3,1
44,14,22,3,0,0,5,0,0,0,0,1,1,0,1,0,0,0,0,0,0,0.022727272727272728,0.20454545454545456,3,0
32,23,1,1,0,0,3,0,0,0,0,0,0,0,1,0,0,0,2,1,0,0.0,0.15625,3,1
36,14,14,2,1,0,4,0,0,0,0,0,1,0,1,0,0,0,0,0,0,0.0,0.2222222222222222,3,0
44,19,17,1,0,0,5,0,0,0,0,0,0,0,1,0,0,0,0,0,0,0.0,0.1590909090909091,3,1
29,12,9,2,0,0,3,0,0,0,0,0,0,0,1,0,0,0,0,0,0,0.0,0.20689655172413793,3,1
47,24,16,3,0,0,4,0,0,0,0,0,2,0,0,0,0,0,0,0,0,0.0,0.1702127659574468,2,1
74,19,48,1,1,0,9,0,0,0,0,0,0,0,0,0,0,0,0,0,0,0.0,0.16216216216216217,3,1
136,22,80,7,1,0,5,0,0,1,0,32,1,0,1,0,0,0,3,1,0,0.23529411764705882,0.16911764705882354,3,1
100,7,86,1,11,0,5,0,0,0,0,6,0,0,0,0,0,0,0,0,0,0.06,0.18,3,0
40,18,14,2,1,0,4,0,0,0,0,0,1,0,1,0,0,0,0,0,0,0.0,0.2,3,0
27,18,1,2,0,0,3,0,0,0,0,0,1,0,1,0,0,0,0,0,0,0.0,0.2222222222222222,3,0
26,12,6,2,0,0,3,0,0,0,0,0,1,0,1,0,0,0,0,0,0,0.0,0.23076923076923078,3,0
21,4,9,1,0,0,4,0,0,0,0,3,0,0,1,0,0,0,0,0,0,0.14285714285714285,0.2857142857142857,2,1
28,15,5,2,0,0,3,0,0,0,0,0,1,0,1,0,0,0,0,0,0,0.0,0.21428571428571427,3,0
57,10,40,2,1,0,5,0,0,0,0,0,1,0,0,0,0,1,2,0,0,0.0,0.15789473684210525,2,1
51,11,32,2,3,0,5,0,0,0,0,0,1,0,1,0,0,0,0,0,0,0.0,0.21568627450980393,3,0
23,10,5,1,0,0,3,0,0,0,0,0,0,0,1,0,0,0,0,0,0,0.0,0.21739130434782608,3,0
55,14,33,2,0,2,6,0,1,0,0,5,1,0,1,0,0,0,1,1,0,0.09090909090909091,0.21818181818181817,3,0
30,10,12,1,0,0,4,0,0,0,0,0,0,0,1,0,0,0,0,0,0,0.0,0.2,3,0
88,60,20,5,1,0,4,0,0,0,0,8,4,0,1,0,0,1,2,1,0,0.09090909090909091,0.125,3,1
33,25,1,3,0,0,3,0,0,0,0,9,2,0,0,0,0,0,0,0,0,0.2727272727272727,0.21212121212121213,3,1
31,16,7,2,0,0,3,0,0,0,0,0,1,0,1,0,0,0,0,0,0,0.0,0.1935483870967742,3,0
77,26,44,2,1,0,8,0,0,0,0,3,1,0,0,0,0,0,3,1,0,0.03896103896103896,0.15584415584415584,3,1
32,23,1,2,0,0,3,0,0,0,0,3,1,0,1,0,0,0,0,0,0,0.09375,0.1875,3,1
80,25,20,2,1,0,4,1,2,0,1,10,0,0,1,0,0,1,0,0,0,0.125,0.15,2,1
44,14,22,2,0,1,4,0,0,0,0,0,1,0,1,0,0,0,0,0,0,0.0,0.18181818181818182,3,0
41,13,20,2,0,0,5,0,0,0,0,0,1,0,1,0,0,0,0,0,0,0.0,0.1951219512195122,3,0
129,13,92,1,10,0,5,1,1,0,0,6,0,0,0,0,0,0,0,0,0,0.046511627906976744,0.14728682170542637,3,0
26,13,5,2,0,0,3,0,0,0,0,0,1,0,1,0,0,0,0,0,0,0.0,0.23076923076923078,3,0
29,15,6,1,0,0,3,0,0,0,0,0,0,0,1,0,0,0,1,0,0,0.0,0.1724137931034483,3,0
22,14,0,2,0,0,2,0,0,0,0,0,1,0,1,0,0,0,0,0,0,0.0,0.22727272727272727,3,0
97,9,81,1,0,0,5,0,0,0,0,29,0,0,0,0,0,0,0,0,0,0.29896907216494845,0.31958762886597936,2,0
46,16,23,3,0,0,6,0,0,0,0,0,1,0,0,0,0,0,0,1,0,0.0,0.21739130434782608,2,1
62,17,37,2,4,0,5,0,0,0,0,4,1,0,1,0,0,0,0,0,0,0.06451612903225806,0.1935483870967742,3,0
35,12,15,1,1,0,3,0,0,0,0,0,0,0,1,0,0,0,1,0,0,0.0,0.17142857142857143,3,0
32,25,0,2,0,0,2,0,0,0,0,0,1,0,0,0,0,0,0,0,0,0.0,0.15625,3,1
27,13,6,1,0,0,3,0,0,0,0,1,0,0,1,0,0,0,0,0,0,0.037037037037037035,0.18518518518518517,3,1
77,17,43,4,1,0,6,1,1,0,0,5,2,0,0,0,0,0,0,1,0,0.06493506493506493,0.18181818181818182,2,1
46,16,22,2,0,1,4,0,0,0,0,0,1,0,1,0,0,0,0,0,0,0.0,0.17391304347826086,3,0
29,21,1,2,0,0,3,0,0,0,0,6,1,0,0,0,0,0,0,0,0,0.20689655172413793,0.20689655172413793,3,1
36,11,18,2,0,0,4,0,0,0,0,0,0,0,0,0,0,0,1,0,0,0.0,0.19444444444444445,3,1
45,21,17,1,0,0,6,0,0,0,0,3,0,0,0,0,0,0,0,0,0,0.06666666666666667,0.17777777777777778,3,1
34,17,9,2,0,0,3,0,0,0,0,0,1,0,1,0,0,0,0,0,0,0.0,0.17647058823529413,3,0
84,21,27,3,1,0,7,1,1,1,0,1,1,0,0,0,0,1,0,0,0,0.011904761904761904,0.17857142857142858,2,1
34,14,12,2,0,0,4,0,0,0,0,0,1,0,1,0,0,0,0,1,0,0.0,0.20588235294117646,3,0
32,10,14,2,1,0,4,0,0,0,0,0,1,0,1,0,0,0,0,0,0,0.0,0.25,3,0
20,12,0,2,0,0,2,0,0,0,0,0,1,0,1,0,0,0,0,0,0,0.0,0.25,3,0
23,7,9,1,0,0,5,0,0,0,0,0,0,0,0,0,0,0,0,0,0,0.0,0.30434782608695654,2,1
92,20,24,2,2,0,5,1,0,0,0,32,0,0,0,0,0,1,0,0,0,0.34782608695652173,0.11956521739130435,3,1
36,11,18,2,0,0,6,0,0,0,0,3,1,0,0,0,0,0,0,0,0,0.08333333333333333,0.25,2,1
37,14,15,2,1,0,3,0,0,0,0,0,1,0,1,0,0,0,1,1,0,0.0,0.1891891891891892,3,0
177,15,47,2,3,0,9,1,3,0,1,12,0,0,1,0,0,0,0,1,0,0.06779661016949153,0.11864406779661017,3,1
28,15,5,2,0,0,3,0,0,0,0,0,1,0,1,0,0,0,0,0,0,0.0,0.21428571428571427,3,0
58,13,37,2,4,0,5,0,0,0,0,4,1,0,1,0,0,0,0,1,0,0.06896551724137931,0.20689655172413793,3,0
65,14,43,3,2,0,6,0,0,0,0,1,0,0,1,0,0,0,0,1,0,0.015384615384615385,0.18461538461538463,2,1
38,18,12,2,0,0,4,0,0,0,0,0,1,0,1,0,0,0,0,0,0,0.0,0.18421052631578946,3,0
54,11,35,2,1,0,6,0,0,0,0,0,0,0,1,0,0,0,0,0,0,0.0,0.18518518518518517,3,1
236,19,43,3,2,1,7,1,3,0,2,73,1,0,1,0,0,0,1,0,0,0.3093220338983051,0.09322033898305085,2,1
23,9,6,1,0,0,3,0,0,0,0,0,0,0,1,0,0,0,1,1,0,0.0,0.21739130434782608,3,0
89,15,67,1,3,2,6,0,0,0,0,7,0,0,0,0,0,0,0,0,0,0.07865168539325842,0.14606741573033707,3,0
249,17,67,2,2,2,8,1,3,0,2,82,0,0,0,0,0,0,2,0,0,0.3293172690763052,0.08433734939759036,3,1
29,22,0,2,0,0,2,0,0,0,0,1,1,0,0,0,0,0,0,0,0,0.034482758620689655,0.1724137931034483,3,1
30,16,6,2,0,0,3,0,0,0,0,0,1,0,1,0,0,0,1,0,0,0.0,0.2,3,0
33,16,9,2,0,0,3,0,0,0,0,0,1,0,1,0,0,0,0,0,0,0.0,0.18181818181818182,3,0
55,14,33,2,0,2,6,0,1,0,0,5,1,0,1,0,0,0,0,0,0,0.09090909090909091,0.21818181818181817,3,0
42,13,22,3,0,0,3,0,0,0,0,18,2,1,0,0,0,0,0,0,0,0.42857142857142855,0.23809523809523808,2,1
42,14,20,2,0,0,5,0,0,0,0,0,1,0,1,0,0,0,0,0,0,0.0,0.19047619047619047,3,0
26,17,1,2,0,0,3,0,0,0,0,0,1,0,1,0,0,0,0,0,0,0.0,0.23076923076923078,2,1
22,14,0,2,0,0,2,0,0,0,0,0,1,0,1,0,0,0,0,0,0,0.0,0.22727272727272727,3,0
36,14,14,2,1,0,4,0,0,0,0,0,1,0,1,0,0,0,0,0,0,0.0,0.2222222222222222,3,0
96,11,78,2,15,0,3,0,0,0,0,6,0,0,0,0,0,0,0,0,0,0.0625,0.21875,2,0
109,32,70,3,2,1,9,0,0,0,0,20,1,0,0,0,0,0,1,0,0,0.1834862385321101,0.14678899082568808,4,1
35,12,15,2,0,0,4,0,0,0,0,4,1,0,1,0,0,0,0,0,0,0.11428571428571428,0.2,2,0
83,25,51,3,0,1,8,0,0,0,0,3,1,0,0,0,0,0,0,1,0,0.03614457831325301,0.1566265060240964,3,1
86,10,69,2,1,2,5,0,0,0,0,8,0,0,0,0,0,0,0,0,0,0.09302325581395349,0.12790697674418605,2,0
38,8,22,1,1,0,5,0,0,0,0,2,0,0,1,0,0,0,0,0,0,0.05263157894736842,0.21052631578947367,2,1
25,17,0,2,0,0,2,0,0,0,0,0,1,0,1,0,0,0,0,0,0,0.0,0.2,3,0
30,16,6,2,0,0,3,0,0,0,0,0,1,0,1,0,0,0,0,1,0,0.0,0.2,3,0
32,19,6,2,0,0,3,0,0,0,0,0,1,0,0,0,0,0,0,0,0,0.0,0.1875,2,1
174,15,33,2,4,0,8,1,11,0,1,0,0,0,0,0,0,1,0,1,0,0.0,0.16091954022988506,3,1
63,18,37,2,4,0,5,0,0,0,0,4,1,0,1,0,0,0,0,0,0,0.06349206349206349,0.19047619047619047,3,0
44,14,22,2,0,1,4,0,0,0,0,0,1,0,1,0,0,0,0,0,0,0.0,0.18181818181818182,3,0
40,17,15,2,0,0,4,0,0,0,0,4,1,0,1,0,0,0,0,0,0,0.1,0.175,3,0
233,12,48,2,0,1,6,1,3,0,2,96,0,0,0,0,0,0,2,0,0,0.41201716738197425,0.07725321888412018,3,1
30,22,1,2,1,0,3,0,0,0,0,0,1,0,0,0,0,1,1,1,0,0.0,0.23333333333333334,2,1
35,12,15,2,0,0,4,0,0,0,0,4,1,0,1,0,0,0,0,0,0,0.11428571428571428,0.2,3,0
33,19,7,1,0,0,5,0,0,0,0,0,0,0,0,0,0,0,0,0,0,0.0,0.21212121212121213,3,1
66,21,37,2,4,0,5,0,0,0,0,4,1,0,1,0,0,0,0,0,0,0.06060606060606061,0.18181818181818182,3,0
42,34,1,2,0,0,3,0,0,0,0,3,1,0,0,0,0,0,0,0,0,0.07142857142857142,0.14285714285714285,3,1
114,15,92,1,12,0,7,0,0,0,0,8,0,0,0,0,0,0,1,1,0,0.07017543859649122,0.18421052631578946,3,0
30,17,6,2,0,0,3,0,0,0,0,0,0,0,0,0,0,0,0,0,0,0.0,0.2,3,1
43,35,1,1,1,0,3,0,0,0,0,0,0,0,0,0,0,1,0,0,0,0.0,0.13953488372093023,3,1
32,17,7,2,0,0,3,0,0,0,0,0,1,0,1,0,0,0,0,0,0,0.0,0.1875,3,0
26,18,0,2,0,0,2,0,0,0,0,0,1,0,1,0,0,0,0,0,0,0.0,0.19230769230769232,3,0
95,13,34,3,0,0,4,1,1,1,1,11,0,0,1,0,0,0,0,0,0,0.11578947368421053,0.1368421052631579,3,1
85,16,62,2,1,0,9,0,0,0,0,0,0,0,0,0,0,0,0,1,0,0.0,0.15294117647058825,3,1
58,18,32,2,3,0,5,0,0,0,0,0,1,0,1,0,0,0,0,0,0,0.0,0.1896551724137931,3,0
37,15,14,1,1,0,4,0,0,0,0,0,0,0,1,0,0,0,0,0,0,0.0,0.1891891891891892,3,1
50,19,24,2,0,0,7,0,0,0,0,9,1,0,0,0,0,0,1,0,0,0.18,0.2,3,1
126,11,108,2,14,0,7,0,0,0,0,15,1,0,0,0,0,0,0,0,0,0.11904761904761904,0.19047619047619047,2,0
132,6,119,2,2,0,7,0,0,0,0,31,0,0,0,0,0,0,0,0,0,0.23484848484848486,0.3333333333333333,2,0
71,46,17,5,1,0,4,0,0,0,0,0,4,0,1,0,0,0,0,0,0,0.0,0.15492957746478872,3,1
46,16,22,3,0,0,5,0,0,0,0,1,1,0,1,0,0,0,0,0,0,0.021739130434782608,0.1956521739130435,3,0
54,14,32,2,3,0,5,0,0,0,0,0,1,0,1,0,0,0,0,0,0,0.0,0.2037037037037037,3,0
28,12,8,1,0,0,3,0,0,0,0,0,0,0,1,0,0,0,0,0,0,0.0,0.17857142857142858,3,0
99,15,76,2,1,1,7,0,0,0,0,6,1,0,1,0,0,0,0,1,0,0.06060606060606061,0.12121212121212122,3,1
28,14,6,2,0,0,3,0,0,0,0,0,1,0,1,0,0,0,1,1,0,0.0,0.21428571428571427,3,0
48,13,27,2,0,0,5,0,0,0,0,0,0,0,1,0,0,0,0,1,0,0.0,0.16666666666666666,3,1
64,16,41,1,0,0,4,0,0,0,0,19,0,0,0,0,0,0,0,0,0,0.296875,0.09375,3,1
120,13,100,4,2,1,12,0,0,0,0,15,2,1,0,0,0,0,2,0,0,0.125,0.16666666666666666,3,1
48,18,22,3,0,0,5,0,0,0,0,1,1,0,1,0,0,0,0,0,0,0.020833333333333332,0.1875,3,0
37,19,10,2,0,0,6,0,0,0,0,1,1,0,1,0,0,0,0,0,0,0.02702702702702703,0.24324324324324326,3,0
27,17,3,2,1,0,3,0,0,0,0,0,1,0,0,0,0,1,0,0,0,0.0,0.25925925925925924,3,1
48,18,14,2,0,0,4,1,1,0,0,0,0,0,1,0,0,0,0,0,0,0.0,0.1875,3,1
31,15,8,2,0,0,3,0,0,0,0,0,1,0,1,0,0,0,0,0,0,0.0,0.1935483870967742,3,0
73,33,31,3,3,0,4,1,0,0,0,5,1,0,1,0,0,1,0,0,0,0.0684931506849315,0.1643835616438356,3,1
59,32,20,3,3,0,3,0,0,0,0,3,2,0,0,0,0,1,0,0,0,0.05084745762711865,0.1694915254237288,4,1
45,21,17,1,0,0,6,0,0,0,0,2,0,0,0,0,0,0,0,0,0,0.044444444444444446,0.17777777777777778,3,1
116,16,92,2,2,1,11,0,0,0,0,5,1,0,1,0,0,0,3,0,0,0.04310344827586207,0.14655172413793102,2,1
109,13,88,7,0,0,8,0,0,0,0,16,0,0,1,0,0,0,0,0,0,0.14678899082568808,0.14678899082568808,3,1
34,22,5,2,0,0,3,0,0,0,0,0,0,0,0,0,0,0,0,0,0,0.0,0.17647058823529413,3,1
29,14,7,2,0,0,3,0,0,0,0,0,1,0,1,0,0,0,0,0,0,0.0,0.20689655172413793,3,0
34,17,9,2,0,0,3,0,0,0,0,0,1,0,1,0,0,0,0,0,0,0.0,0.17647058823529413,3,0
91,17,10,3,0,0,3,1,2,0,1,17,1,0,1,0,0,0,0,0,0,0.18681318681318682,0.15384615384615385,3,1
229,22,7,3,1,6,4,1,4,0,1,26,1,0,1,0,0,0,0,0,0,0.11353711790393013,0.09606986899563319,3,1
281,40,59,3,1,5,7,1,3,0,2,51,1,0,1,0,0,1,0,0,0,0.18149466192170818,0.11387900355871886,3,1
31,17,6,2,0,0,3,0,0,0,0,0,1,0,1,0,0,0,1,0,0,0.0,0.1935483870967742,3,0
85,22,55,1,1,0,9,0,0,0,0,0,0,0,1,0,0,0,2,1,0,0.0,0.1411764705882353,3,1
27,11,8,2,0,0,3,0,0,0,0,0,1,0,1,0,0,0,0,0,0,0.0,0.2222222222222222,3,0
28,14,6,2,0,0,3,0,0,0,0,0,1,0,1,0,0,0,2,1,0,0.0,0.21428571428571427,3,0
40,25,8,2,0,0,3,0,0,0,0,0,1,0,0,0,0,0,0,0,0,0.0,0.15,2,1
39,16,15,2,0,0,4,0,0,0,0,4,1,0,1,0,0,0,0,0,0,0.10256410256410256,0.1794871794871795,3,0
32,15,9,2,0,0,3,0,0,0,0,0,1,0,1,0,0,0,0,0,0,0.0,0.1875,3,0
29,15,6,2,0,0,3,0,0,0,0,0,1,0,1,0,0,0,0,0,0,0.0,0.20689655172413793,3,0
39,22,9,2,0,0,3,0,0,0,0,5,1,0,1,0,0,0,0,0,0,0.1282051282051282,0.15384615384615385,3,1
108,30,11,3,0,0,7,1,4,0,3,6,1,0,1,0,0,0,0,0,0,0.05555555555555555,0.18518518518518517,2,1
61,53,1,4,3,0,3,0,0,0,0,0,3,0,0,0,0,1,2,1,0,0.0,0.18032786885245902,5,1
26,12,6,2,0,0,3,0,0,0,0,0,1,0,1,0,0,0,0,0,0,0.0,0.23076923076923078,3,0
40,12,20,2,0,0,5,0,0,0,0,0,1,0,1,0,0,0,0,0,0,0.0,0.2,3,0
41,18,15,2,1,0,3,0,0,0,0,0,1,0,1,0,0,0,1,0,0,0.0,0.17073170731707318,3,0
44,14,22,3,0,0,5,0,0,0,0,1,1,0,1,0,0,0,0,0,0,0.022727272727272728,0.20454545454545456,3,0
22,13,1,2,0,0,3,0,0,0,0,0,1,0,1,0,0,0,0,0,0,0.0,0.2727272727272727,3,0
59,14,37,2,4,0,5,0,0,0,0,4,1,0,1,0,0,0,0,0,0,0.06779661016949153,0.2033898305084746,3,0
55,10,37,1,4,0,5,0,0,0,0,4,0,0,1,0,0,0,0,1,0,0.07272727272727272,0.2,3,0
100,23,69,2,7,0,5,0,0,0,0,42,1,0,1,0,0,0,0,0,0,0.42,0.15,3,1
31,17,6,2,0,0,3,0,0,0,0,0,1,0,1,0,0,0,1,0,0,0.0,0.1935483870967742,3,0
33,17,8,2,0,0,3,0,0,0,0,0,1,0,1,0,0,0,0,0,0,0.0,0.18181818181818182,3,0
36,28,0,2,1,0,2,0,0,0,0,3,1,0,1,0,0,1,0,0,0,0.08333333333333333,0.16666666666666666,3,1
87,13,67,1,13,0,4,0,0,0,0,3,0,0,0,0,0,0,0,0,0,0.034482758620689655,0.21839080459770116,4,0
48,20,20,2,0,0,5,0,0,0,0,0,0,0,1,0,0,0,0,1,0,0.0,0.16666666666666666,3,1
23,11,5,3,0,0,4,0,0,0,0,0,1,0,0,0,0,0,0,0,0,0.0,0.34782608695652173,2,1
95,15,63,3,2,1,8,1,1,1,0,0,1,0,0,0,0,0,0,0,0,0.0,0.18947368421052632,3,1
36,13,15,2,1,0,3,0,0,0,0,0,1,0,1,0,0,0,1,0,0,0.0,0.19444444444444445,3,0
30,16,6,2,0,0,3,0,0,0,0,0,1,0,1,0,0,0,1,1,0,0.0,0.2,3,0
56,15,33,2,0,2,6,0,1,0,0,5,1,0,1,0,0,0,0,0,0,0.08928571428571429,0.21428571428571427,3,0
34,25,1,2,0,0,3,0,0,0,0,0,1,0,1,0,0,0,0,0,0,0.0,0.17647058823529413,3,1
42,14,20,2,0,0,5,0,0,0,0,0,1,0,1,0,0,0,0,1,0,0.0,0.19047619047619047,3,0
36,13,15,2,1,0,3,0,0,0,0,0,1,0,1,0,0,0,1,0,0,0.0,0.19444444444444445,3,0
44,22,14,1,1,0,5,0,0,0,0,0,0,0,1,0,0,0,0,0,0,0.0,0.18181818181818182,3,1
70,45,17,4,2,0,4,0,0,0,0,0,3,0,1,0,0,1,0,0,0,0.0,0.15714285714285714,3,1
30,22,0,2,0,0,2,0,0,0,0,0,1,0,1,0,0,0,0,0,0,0.0,0.16666666666666666,3,1
39,32,0,2,0,0,2,0,0,0,0,1,1,0,0,0,0,0,0,0,0,0.02564102564102564,0.1282051282051282,3,1
117,6,104,1,13,0,6,0,0,0,0,6,0,0,0,0,0,0,0,0,0,0.05128205128205128,0.1794871794871795,3,0
232,23,191,3,0,0,4,0,4,0,3,86,1,0,0,0,0,0,1,0,0,0.3706896551724138,0.10775862068965517,2,1
85,28,49,4,1,0,7,0,0,0,0,0,2,0,1,0,0,0,1,0,0,0.0,0.15294117647058825,2,1
48,18,22,3,0,0,5,0,0,0,0,1,1,0,1,0,0,0,0,0,0,0.020833333333333332,0.1875,3,0
32,17,7,2,0,0,3,0,0,0,0,0,1,0,1,0,0,0,0,0,0,0.0,0.1875,3,0
22,13,1,2,0,0,3,0,0,0,0,0,1,0,1,0,0,0,0,0,0,0.0,0.2727272727272727,3,0
188,14,62,1,3,2,8,1,3,0,2,46,0,0,0,0,0,1,2,0,0,0.24468085106382978,0.12234042553191489,2,1
255,26,153,3,22,0,7,1,1,0,0,62,1,0,0,0,0,1,0,0,0,0.24313725490196078,0.13725490196078433,3,1
42,12,22,2,0,1,4,0,0,0,0,0,1,0,1,0,0,0,0,1,0,0.0,0.19047619047619047,3,0
84,14,63,1,5,0,7,0,0,0,0,7,0,0,0,0,0,0,0,0,0,0.08333333333333333,0.16666666666666666,3,0
37,14,15,2,0,0,4,0,0,0,0,4,1,0,1,0,0,0,0,0,0,0.10810810810810811,0.1891891891891892,3,0
36,27,1,2,2,0,3,0,0,0,0,0,1,0,1,0,0,1,0,0,0,0.0,0.2222222222222222,7,1
86,17,62,1,6,0,7,0,0,0,0,0,0,0,0,0,0,0,0,0,0,0.0,0.1744186046511628,3,0
105,37,52,3,1,1,7,1,1,0,0,0,1,0,0,0,0,0,1,1,0,0.0,0.14285714285714285,3,1
61,21,32,2,3,0,5,0,0,0,0,0,1,0,1,0,0,0,0,0,0,0.0,0.18032786885245902,3,0
31,16,7,2,0,0,3,0,0,0,0,0,1,0,1,0,0,0,0,0,0,0.0,0.1935483870967742,3,0
247,31,12,1,31,0,4,1,2,0,2,23,0,0,1,0,0,1,0,0,0,0.0931174089068826,0.1862348178137652,3,1
31,13,10,2,0,0,6,0,0,0,0,1,1,0,1,0,0,0,0,0,0,0.03225806451612903,0.2903225806451613,3,0
54,11,36,2,0,0,6,0,0,0,0,1,0,0,0,0,0,0,0,0,0,0.018518518518518517,0.16666666666666666,2,1
36,13,15,2,0,0,4,0,0,0,0,4,1,0,1,0,0,0,0,0,0,0.1111111111111111,0.19444444444444445,3,0
236,19,43,3,2,1,7,1,3,0,2,61,1,0,1,0,0,0,1,0,0,0.2584745762711864,0.09322033898305085,2,1
31,13,10,2,0,0,6,0,0,0,0,1,1,0,1,0,0,0,0,0,0,0.03225806451612903,0.2903225806451613,3,0
82,23,52,3,1,0,7,0,0,0,0,0,1,0,0,0,0,0,2,0,0,0.0,0.14634146341463414,2,1
44,16,20,2,0,0,5,0,0,0,0,0,1,0,1,0,0,0,0,1,0,0.0,0.18181818181818182,3,0
104,14,83,1,6,2,6,0,0,0,0,8,0,0,0,0,0,0,0,0,0,0.07692307692307693,0.15384615384615385,3,0
29,11,10,2,0,0,6,0,0,0,0,1,1,0,1,0,0,0,0,0,0,0.034482758620689655,0.3103448275862069,3,0
59,18,33,2,0,2,6,0,1,0,0,5,1,0,1,0,0,0,0,0,0,0.0847457627118644,0.2033898305084746,3,0
229,29,26,2,0,1,5,1,3,0,2,104,0,0,1,0,0,0,1,2,0,0.45414847161572053,0.07423580786026202,3,1
41,17,16,2,0,0,4,0,0,0,0,0,0,0,1,0,0,0,0,1,0,0.0,0.17073170731707318,3,1
15,7,0,1,0,0,2,0,0,0,0,0,0,0,1,0,0,0,0,0,0,0.0,0.26666666666666666,3,0
42,14,20,2,0,0,5,0,0,0,0,0,1,0,1,0,0,0,0,0,0,0.0,0.19047619047619047,3,0
55,25,22,4,0,0,5,0,0,0,0,0,0,0,1,0,0,0,0,0,0,0.0,0.18181818181818182,3,1
84,22,34,2,0,0,4,1,1,0,0,25,1,0,0,0,0,0,0,0,0,0.2976190476190476,0.11904761904761904,3,1
37,28,1,2,1,0,3,0,0,0,0,0,1,0,1,0,0,1,0,0,0,0.0,0.1891891891891892,3,1
53,12,33,2,0,2,6,0,1,0,0,5,1,0,1,0,0,0,0,0,0,0.09433962264150944,0.22641509433962265,3,0
56,22,27,2,1,0,5,0,0,0,0,2,1,0,0,0,0,1,0,0,0,0.03571428571428571,0.17857142857142858,2,1
33,10,15,1,0,0,4,0,0,0,0,4,0,0,1,0,0,0,0,0,0,0.12121212121212122,0.18181818181818182,3,0
28,14,6,2,0,0,3,0,0,0,0,0,1,0,1,0,0,0,0,0,0,0.0,0.21428571428571427,3,0
84,18,59,1,2,7,4,0,0,0,0,0,0,0,0,0,0,1,0,0,0,0.0,0.17857142857142858,2,0
35,15,12,2,0,0,4,0,0,0,0,0,1,0,1,0,0,0,0,0,0,0.0,0.2,3,0
51,15,29,1,0,0,6,0,0,0,0,0,0,0,0,0,0,0,1,0,0,0.0,0.1568627450980392,3,1
32,17,7,2,0,0,3,0,0,0,0,0,1,0,1,0,0,0,0,1,0,0.0,0.1875,3,0
96,11,28,2,0,0,5,1,6,0,5,13,0,0,0,0,0,0,0,0,0,0.13541666666666666,0.23958333333333334,3,0
60,22,30,2,2,0,5,0,0,0,0,4,1,0,1,0,0,0,1,0,0,0.06666666666666667,0.16666666666666666,2,1
30,15,8,1,1,0,4,0,0,0,0,0,0,0,0,0,0,1,0,0,0,0.0,0.23333333333333334,2,1
118,12,99,4,2,0,8,0,0,0,0,26,0,0,0,0,0,0,1,1,0,0.22033898305084745,0.15254237288135594,3,1
30,14,8,2,0,0,3,0,0,0,0,0,1,0,1,0,0,0,0,0,0,0.0,0.2,3,0
324,9,308,3,10,0,6,0,0,0,0,117,0,0,0,0,0,0,0,0,0,0.3611111111111111,0.3487654320987654,3,0
24,10,6,1,0,0,3,0,0,0,0,4,0,0,1,0,0,0,0,0,1,0.16666666666666666,0.20833333333333334,2,1
83,10,66,1,7,0,4,0,0,0,0,6,0,0,0,0,0,0,0,0,0,0.07228915662650602,0.1566265060240964,3,0
91,78,6,6,4,0,3,0,0,0,0,1,5,0,0,0,0,1,2,1,0,0.01098901098901099,0.15384615384615385,2,1
46,21,17,1,0,0,4,0,0,0,0,0,0,0,1,0,0,0,0,0,0,0.0,0.13043478260869565,3,1
82,16,46,2,0,2,6,1,1,0,0,5,1,0,1,0,0,0,0,1,0,0.06097560975609756,0.15853658536585366,3,1
34,11,15,2,0,0,4,0,0,0,0,4,1,0,1,0,0,0,0,0,0,0.11764705882352941,0.20588235294117646,2,0
44,14,22,3,0,0,5,0,0,0,0,1,1,0,1,0,0,0,0,0,0,0.022727272727272728,0.20454545454545456,3,0
132,16,24,3,0,2,4,1,1,0,0,4,1,0,1,0,0,0,0,0,0,0.030303030303030304,0.09090909090909091,3,1
46,19,20,2,1,0,6,0,0,0,0,0,1,0,0,0,0,0,1,0,0,0.0,0.21739130434782608,3,1
42,12,22,2,0,1,4,0,0,0,0,0,1,0,1,0,0,0,0,0,0,0.0,0.19047619047619047,3,0
131,14,36,3,1,0,7,1,1,0,0,8,0,0,1,0,0,1,0,0,0,0.061068702290076333,0.15267175572519084,3,1
118,28,82,1,0,0,5,0,0,0,0,10,0,0,1,0,0,0,0,0,0,0.0847457627118644,0.059322033898305086,3,1
32,12,12,2,0,0,4,0,0,0,0,0,1,0,1,0,0,0,0,0,0,0.0,0.21875,3,0
23,15,1,1,1,0,3,0,0,0,0,2,0,0,0,0,0,1,0,0,0,0.08695652173913043,0.2608695652173913,3,1
59,18,33,2,0,2,6,0,1,0,0,5,1,0,1,0,0,0,0,0,0,0.0847457627118644,0.2033898305084746,3,0
29,14,7,2,0,0,3,0,0,0,0,0,1,0,1,0,0,0,0,0,0,0.0,0.20689655172413793,3,0
36,21,7,2,0,0,3,0,0,0,0,0,1,0,1,0,0,0,0,0,0,0.0,0.16666666666666666,3,0
23,15,0,2,0,0,2,0,0,0,0,0,1,0,1,0,0,0,0,0,0,0.0,0.21739130434782608,3,0
43,27,9,4,0,0,3,0,0,0,0,5,2,0,0,0,0,0,0,0,0,0.11627906976744186,0.18604651162790697,3,1
32,25,0,2,0,0,2,0,0,0,0,0,1,0,0,0,0,0,0,0,0,0.0,0.15625,2,1
38,15,15,2,0,0,4,0,0,0,0,4,1,0,1,0,0,0,0,0,0,0.10526315789473684,0.18421052631578946,3,0
40,12,20,2,0,0,5,0,0,0,0,0,1,0,1,0,0,0,0,0,0,0.0,0.2,3,0
33,15,10,2,0,0,6,0,0,0,0,1,1,0,1,0,0,0,0,0,0,0.030303030303030304,0.2727272727272727,3,0
63,26,30,2,1,0,5,0,0,0,0,3,0,0,0,0,0,0,0,0,0,0.047619047619047616,0.14285714285714285,3,1
87,14,66,1,7,0,7,0,0,0,0,7,0,0,0,0,0,0,0,0,0,0.08045977011494253,0.1839080459770115,3,0
31,8,15,1,0,0,4,0,0,0,0,4,0,0,1,0,0,0,0,0,0,0.12903225806451613,0.1935483870967742,3,0
158,15,47,1,2,2,5,1,2,0,1,6,0,0,0,0,0,0,0,0,0,0.0379746835443038,0.15822784810126583,3,0
46,18,20,2,0,0,5,0,0,0,0,0,1,0,1,0,0,0,0,1,0,0.0,0.17391304347826086,3,0
58,18,32,2,3,0,5,0,0,0,0,0,1,0,1,0,0,0,0,1,0,0.0,0.1896551724137931,3,0
42,20,14,2,1,0,4,0,0,0,0,0,1,0,1,0,0,0,0,0,0,0.0,0.19047619047619047,3,0
278,23,71,3,1,7,7,1,3,0,2,65,1,0,1,0,0,1,0,0,0,0.23381294964028776,0.12589928057553956,3,1
59,14,37,2,4,0,5,0,0,0,0,4,1,0,1,0,0,0,0,0,0,0.06779661016949153,0.2033898305084746,3,0
54,16,30,3,0,0,6,0,0,0,0,0,0,0,1,0,0,0,0,0,0,0.0,0.18518518518518517,3,1
32,15,9,2,0,0,3,0,0,0,0,0,1,0,1,0,0,0,0,0,0,0.0,0.1875,3,0
40,15,6,2,0,0,3,1,1,0,0,3,1,0,1,0,0,0,0,0,0,0.075,0.2,3,0
55,15,32,2,3,0,5,0,0,0,0,0,1,0,1,0,0,0,0,0,0,0.0,0.2,3,0
146,14,125,3,1,0,3,0,0,1,0,39,0,0,0,0,0,0,0,0,0,0.2671232876712329,0.06164383561643835,2,1
58,12,15,2,1,0,4,1,1,0,0,2,0,0,1,0,0,0,0,0,0,0.034482758620689655,0.1896551724137931,3,1
20,11,1,1,0,0,3,0,0,0,0,0,0,0,1,0,0,0,0,0,0,0.0,0.25,2,1
30,16,6,2,0,0,3,0,0,0,0,0,1,0,1,0,0,0,1,1,0,0.0,0.2,3,0
32,18,6,2,0,0,3,0,0,0,0,0,1,0,1,0,0,0,0,0,0,0.0,0.1875,3,0
28,10,10,1,0,0,6,0,0,0,0,1,0,0,1,0,0,0,0,0,0,0.03571428571428571,0.2857142857142857,3,0
26,4,14,1,0,0,5,0,0,0,0,1,0,0,1,0,0,0,0,0,0,0.038461538461538464,0.2692307692307692,2,1
39,16,15,2,0,0,5,0,0,0,0,0,1,0,1,0,0,0,0,1,0,0.0,0.20512820512820512,3,1
37,10,20,2,0,0,4,0,0,0,0,0,0,0,0,0,0,0,0,0,0,0.0,0.1891891891891892,3,1
61,14,40,2,2,0,5,0,0,0,0,0,0,0,0,0,0,0,0,1,0,0.0,0.16393442622950818,3,1
318,27,54,3,9,4,8,1,6,0,4,77,1,0,1,0,0,1,0,0,0,0.24213836477987422,0.13522012578616352,3,1
99,15,76,2,2,0,7,0,0,0,0,7,1,0,1,0,0,0,0,1,0,0.0707070707070707,0.12121212121212122,3,1
45,17,20,2,0,0,5,0,0,0,0,0,1,0,1,0,0,0,0,0,0,0.0,0.17777777777777778,3,0
27,13,6,1,0,0,3,0,0,0,0,0,0,0,1,0,0,0,0,0,0,0.0,0.18518518518518517,3,0
34,18,8,2,0,0,3,0,0,0,0,0,1,0,1,0,0,0,0,0,0,0.0,0.17647058823529413,3,0
38,10,20,1,0,0,5,0,0,0,0,0,0,0,1,0,0,0,0,0,0,0.0,0.18421052631578946,3,0
73,18,47,2,0,2,7,0,0,0,0,0,0,0,1,0,0,0,0,0,0,0.0,0.1643835616438356,3,1
30,13,9,2,0,0,3,0,0,0,0,0,1,0,1,0,0,0,0,0,0,0.0,0.2,3,0
39,15,16,2,0,0,6,0,0,0,0,5,1,0,1,0,0,0,0,0,0,0.1282051282051282,0.23076923076923078,3,1
27,11,8,1,0,0,3,0,0,0,0,0,0,0,1,0,0,0,1,0,0,0.0,0.18518518518518517,3,1
34,14,12,2,0,0,4,0,0,0,0,0,1,0,1,0,0,0,0,0,0,0.0,0.20588235294117646,2,0
31,13,11,1,0,0,3,0,0,0,0,0,0,0,0,0,0,0,0,0,0,0.0,0.16129032258064516,2,1
73,13,27,5,2,0,5,1,2,0,1,0,1,0,1,0,0,0,1,0,0,0.0,0.2465753424657534,2,1
22,14,0,2,0,0,2,0,0,0,0,0,1,0,1,0,0,0,0,0,0,0.0,0.22727272727272727,3,0
84,17,60,2,1,1,7,0,0,0,0,6,0,0,0,0,0,0,1,0,0,0.07142857142857142,0.14285714285714285,2,1
22,13,1,2,0,0,3,0,0,0,0,0,1,0,1,0,0,0,0,0,0,0.0,0.2727272727272727,3,0
27,19,1,1,1,0,3,0,0,0,0,0,0,0,0,0,0,1,0,0,0,0.0,0.2222222222222222,3,1
96,37,52,3,1,1,7,0,0,0,0,0,1,0,0,0,0,0,1,1,0,0.0,0.13541666666666666,3,1
131,11,94,1,10,0,7,1,1,0,0,21,0,0,0,0,0,0,0,0,0,0.16030534351145037,0.16030534351145037,3,0
32,17,7,2,0,0,3,0,0,0,0,0,1,0,1,0,0,0,0,0,0,0.0,0.1875,3,0
16,9,0,1,0,0,2,0,0,0,0,0,0,0,0,0,0,0,0,0,0,0.0,0.25,2,1
48,29,11,2,0,0,5,0,0,0,0,5,1,0,1,0,0,0,0,0,0,0.10416666666666667,0.16666666666666666,3,1
30,21,1,2,0,0,3,0,0,0,0,0,1,0,1,0,0,0,0,0,0,0.0,0.2,3,1
22,13,1,2,0,0,3,0,0,0,0,0,1,0,1,0,0,0,0,1,0,0.0,0.2727272727272727,3,0
37,15,15,2,0,0,4,0,0,0,0,1,0,0,0,0,0,0,0,0,0,0.02702702702702703,0.1891891891891892,3,1
24,16,1,2,0,0,3,0,0,0,0,1,1,0,0,0,0,0,0,0,0,0.041666666666666664,0.25,3,1
44,16,21,2,1,1,4,0,0,0,0,0,1,0,0,0,0,0,0,0,0,0.0,0.20454545454545456,3,1
51,11,32,2,3,0,5,0,0,0,0,0,1,0,1,0,0,0,0,0,0,0.0,0.21568627450980393,3,0
50,22,20,2,0,0,5,0,0,0,0,0,1,0,1,0,0,0,0,1,0,0.0,0.16,3,0
86,14,47,2,0,0,6,1,1,0,0,29,1,0,1,0,0,0,0,0,0,0.3372093023255814,0.12790697674418605,3,1
26,18,0,2,0,0,2,0,0,0,0,0,1,0,1,0,0,0,0,0,0,0.0,0.19230769230769232,3,0
72,22,43,1,1,0,7,0,0,0,0,3,0,0,0,0,0,0,3,1,0,0.041666666666666664,0.1388888888888889,3,1
41,13,20,2,0,0,5,0,0,0,0,0,1,0,1,0,0,0,0,0,0,0.0,0.1951219512195122,3,0
40,17,15,2,0,0,4,0,0,0,0,4,1,0,1,0,0,0,0,0,0,0.1,0.175,3,0
29,20,1,1,1,0,3,0,0,0,0,1,0,0,1,0,0,1,1,0,0,0.034482758620689655,0.20689655172413793,3,1
37,15,14,2,1,0,4,0,0,0,0,0,1,0,1,0,0,0,0,1,0,0.0,0.21621621621621623,3,0
70,18,45,1,1,0,7,0,0,0,0,0,0,0,0,0,0,0,0,1,0,0.0,0.14285714285714285,3,1
35,26,1,5,0,0,3,0,0,0,0,0,4,0,1,0,0,0,0,1,0,0.0,0.2571428571428571,4,1
33,25,0,2,0,0,2,0,0,0,0,0,1,0,1,0,0,0,0,0,0,0.0,0.15151515151515152,3,0
36,16,12,2,0,0,4,0,0,0,0,0,1,0,1,0,0,0,0,0,0,0.0,0.19444444444444445,3,0
20,12,0,2,0,0,2,0,0,0,0,0,1,0,1,0,0,0,0,0,0,0.0,0.25,3,0
77,26,44,2,1,0,8,0,0,0,0,3,1,0,0,0,0,0,3,1,0,0.03896103896103896,0.15584415584415584,3,1
26,12,6,2,0,0,3,0,0,0,0,0,1,0,1,0,0,0,1,0,0,0.0,0.23076923076923078,3,0
90,13,70,2,10,0,4,0,0,0,0,6,0,0,0,0,0,0,0,0,0,0.06666666666666667,0.18888888888888888,2,0
42,16,18,1,1,0,4,0,0,0,0,0,0,0,1,0,0,1,1,0,0,0.0,0.16666666666666666,3,1
26,10,8,2,0,0,3,0,0,0,0,0,1,0,1,0,0,0,0,0,0,0.0,0.23076923076923078,3,0
55,15,32,2,3,0,5,0,0,0,0,0,1,0,1,0,0,0,0,0,0,0.0,0.2,3,0
40,15,6,2,0,0,3,1,1,0,0,3,1,0,1,0,0,0,0,0,0,0.075,0.2,3,0
85,14,64,2,6,0,8,0,0,0,0,10,0,0,0,0,0,0,0,0,0,0.11764705882352941,0.2,3,0
39,16,16,3,0,0,5,0,0,0,0,0,2,0,0,0,0,0,0,0,0,0.0,0.23076923076923078,2,1
18,10,1,1,0,0,3,0,0,0,0,1,0,0,0,0,0,0,0,0,0,0.05555555555555555,0.2777777777777778,3,1
88,16,40,4,1,0,8,1,1,1,0,0,1,0,0,0,0,0,1,0,0,0.0,0.19318181818181818,3,1
33,15,10,2,0,0,6,0,0,0,0,1,1,0,1,0,0,0,0,0,0,0.030303030303030304,0.2727272727272727,3,0
46,16,22,3,0,0,5,0,0,0,0,1,1,0,1,0,0,0,0,0,0,0.021739130434782608,0.1956521739130435,3,0
48,18,22,2,0,1,4,0,0,0,0,0,1,0,1,0,0,0,0,1,0,0.0,0.16666666666666666,3,0
38,15,15,2,0,0,4,0,0,0,0,4,1,0,1,0,0,0,0,0,0,0.10526315789473684,0.18421052631578946,3,0
55,15,33,2,0,0,8,0,0,0,0,0,1,0,0,0,0,0,1,0,0,0.0,0.2,2,1
133,16,13,6,0,0,12,2,1,0,3,1,0,0,0,0,0,0,1,0,0,0.007518796992481203,0.22556390977443608,3,1
25,16,1,1,2,0,3,0,0,0,0,0,0,0,1,0,0,1,1,1,0,0.0,0.28,2,1
25,17,1,2,0,0,3,0,0,0,0,0,1,0,0,0,0,0,0,0,0,0.0,0.24,3,1
61,16,37,2,4,0,5,0,0,0,0,4,1,0,1,0,0,0,0,0,0,0.06557377049180328,0.19672131147540983,3,0
93,17,69,2,13,0,3,0,0,0,0,0,0,0,0,0,0,0,0,0,0,0.0,0.20430107526881722,3,0
41,18,15,2,0,0,4,0,0,0,0,4,1,0,1,0,0,0,0,0,0,0.0975609756097561,0.17073170731707318,3,0
117,12,98,1,9,0,7,0,0,0,0,10,0,0,0,0,0,0,0,0,0,0.08547008547008547,0.15384615384615385,3,0
41,20,14,3,0,0,3,0,0,0,0,2,1,0,0,0,0,0,0,0,0,0.04878048780487805,0.17073170731707318,2,1
244,11,5,2,1,0,3,1,1,0,0,68,0,0,0,0,0,0,0,0,0,0.2786885245901639,0.27459016393442626,3,0
34,25,1,3,1,0,3,0,0,0,0,0,2,0,1,0,0,1,1,0,0,0.0,0.23529411764705882,3,1
112,15,76,2,0,2,8,1,1,0,0,5,1,0,1,0,0,0,0,1,0,0.044642857142857144,0.13392857142857142,3,1
45,15,22,3,0,0,5,0,0,0,0,1,1,0,1,0,0,0,0,0,0,0.022222222222222223,0.2,3,0
143,8,128,1,18,0,6,0,0,0,0,25,0,0,0,0,0,0,0,0,0,0.17482517482517482,0.18181818181818182,2,0
38,15,15,2,0,0,5,0,0,0,0,5,1,0,1,0,0,0,0,0,0,0.13157894736842105,0.21052631578947367,3,1
33,25,0,2,0,0,2,0,0,0,0,7,1,0,1,0,0,0,0,0,0,0.21212121212121213,0.15151515151515152,3,1
126,87,32,11,0,0,7,0,0,0,0,5,5,0,0,0,0,0,0,0,0,0.03968253968253968,0.15079365079365079,3,1
53,16,19,3,0,1,3,1,1,0,0,2,1,0,1,0,0,0,0,0,0,0.03773584905660377,0.18867924528301888,3,1
75,22,46,1,1,0,5,0,0,0,0,21,0,0,0,0,0,0,0,0,0,0.28,0.10666666666666667,3,1
32,14,10,2,0,0,6,0,0,0,0,1,1,0,1,0,0,0,0,0,0,0.03125,0.28125,3,0
38,13,6,2,0,0,3,1,1,0,0,3,1,0,1,0,0,0,0,0,0,0.07894736842105263,0.21052631578947367,3,0
35,18,9,2,0,0,3,0,0,0,0,0,1,0,1,0,0,0,0,0,0,0.0,0.17142857142857143,3,0
191,13,44,5,11,0,7,1,3,0,2,24,1,0,1,0,0,0,0,1,0,0.1256544502617801,0.16230366492146597,3,1
26,17,1,2,0,0,3,0,0,0,0,2,1,0,1,0,0,0,0,0,0,0.07692307692307693,0.23076923076923078,2,1
53,12,34,4,0,0,6,0,0,0,0,10,2,1,0,0,0,0,0,0,0,0.18867924528301888,0.20754716981132076,3,1
141,15,16,4,2,0,9,2,1,0,0,18,1,0,1,0,0,0,0,1,0,0.1276595744680851,0.14893617021276595,3,1
56,15,33,2,0,2,6,0,1,0,0,5,1,0,1,0,0,0,0,0,0,0.08928571428571429,0.21428571428571427,3,0
83,15,61,1,0,0,7,0,0,0,0,13,0,0,0,0,0,0,0,0,0,0.1566265060240964,0.18072289156626506,2,0
46,16,22,2,0,1,4,0,0,0,0,0,1,0,1,0,0,0,0,0,0,0.0,0.17391304347826086,3,0
109,10,92,3,1,0,7,0,0,0,0,0,1,0,0,0,0,0,1,0,0,0.0,0.11009174311926606,2,0
35,20,8,2,0,0,3,0,0,0,0,0,0,0,0,0,0,0,0,0,0,0.0,0.17142857142857143,3,1
33,24,1,3,1,0,3,0,0,0,0,0,2,0,1,0,0,1,0,0,0,0.0,0.24242424242424243,2,1
259,34,52,3,3,1,6,1,3,0,2,105,1,0,0,0,0,1,2,1,0,0.40540540540540543,0.08494208494208494,3,1
23,15,1,2,0,0,3,0,0,0,0,0,1,0,0,0,0,0,0,0,0,0.0,0.2608695652173913,3,1
186,38,140,2,14,0,8,0,0,0,0,38,1,0,1,0,0,0,0,1,0,0.20430107526881722,0.13440860215053763,6,1
44,16,20,2,0,0,5,0,0,0,0,0,1,0,1,0,0,0,0,0,0,0.0,0.18181818181818182,3,0
157,30,43,6,4,0,7,1,2,1,1,29,1,0,1,0,0,0,0,1,0,0.18471337579617833,0.1592356687898089,3,1
37,28,1,2,1,0,3,0,0,0,0,0,1,0,1,0,0,1,0,0,0,0.0,0.1891891891891892,3,1
135,13,23,5,0,1,4,1,6,0,5,28,0,0,0,0,0,0,0,0,0,0.2074074074074074,0.17037037037037037,3,0
710,51,1,5,0,0,3,1,51,0,50,290,4,0,1,0,0,0,1,0,0,0.4084507042253521,0.1563380281690141,3,1
171,17,35,1,2,0,9,1,3,0,2,46,0,0,0,0,0,0,1,0,0,0.26900584795321636,0.12280701754385964,3,1
112,15,90,3,5,0,6,0,0,0,0,29,1,0,0,0,0,0,0,0,0,0.25892857142857145,0.13392857142857142,3,1
39,14,6,2,0,0,3,1,1,0,0,3,1,0,1,0,0,0,0,0,0,0.07692307692307693,0.20512820512820512,3,0
43,15,20,2,0,0,5,0,0,0,0,0,1,0,1,0,0,0,0,0,0,0.0,0.18604651162790697,3,0
42,17,6,2,0,0,3,1,1,0,0,3,1,0,1,0,0,0,0,0,0,0.07142857142857142,0.19047619047619047,3,0
34,16,10,1,0,0,4,0,0,0,0,0,0,0,1,0,0,0,0,0,0,0.0,0.17647058823529413,3,1
86,10,69,1,11,0,5,0,0,0,0,2,0,0,0,0,0,0,0,0,0,0.023255813953488372,0.20930232558139536,3,0
25,16,1,2,0,0,3,0,0,0,0,0,1,0,1,0,0,0,0,0,0,0.0,0.24,3,0
77,18,52,3,1,0,6,0,0,0,1,19,2,0,0,0,0,0,0,0,0,0.24675324675324675,0.16883116883116883,2,1
94,22,64,2,1,3,8,0,0,0,0,8,1,0,1,0,0,0,0,0,0,0.0851063829787234,0.1595744680851064,3,1
56,11,37,2,4,0,5,0,0,0,0,4,1,0,1,0,0,0,0,0,0,0.07142857142857142,0.21428571428571427,3,0
20,12,0,2,0,0,2,0,0,0,0,0,1,0,1,0,0,0,0,0,0,0.0,0.25,2,0
61,31,22,5,0,0,4,0,0,0,0,2,3,0,1,0,0,0,1,0,0,0.03278688524590164,0.16393442622950818,3,1
30,16,6,2,0,0,4,0,0,0,0,0,1,0,1,0,0,0,0,0,0,0.0,0.23333333333333334,2,1
32,15,9,2,0,0,3,0,0,0,0,0,1,0,1,0,0,0,0,1,0,0.0,0.1875,3,0
41,22,11,3,0,0,4,0,0,0,0,1,2,0,1,0,0,0,1,0,0,0.024390243902439025,0.1951219512195122,2,1
49,12,30,1,0,1,6,0,0,0,0,0,0,0,0,0,0,0,1,0,0,0.0,0.1836734693877551,3,1
33,15,10,2,0,0,6,0,0,0,0,1,1,0,1,0,0,0,0,1,0,0.030303030303030304,0.2727272727272727,3,0
38,18,12,2,0,0,4,0,0,0,0,0,1,0,1,0,0,0,0,0,0,0.0,0.18421052631578946,3,0
49,19,22,2,0,1,4,0,0,0,0,0,1,0,1,0,0,0,0,0,0,0.0,0.16326530612244897,3,0
106,11,88,2,7,1,10,0,0,0,0,5,1,0,0,0,0,0,0,0,0,0.04716981132075472,0.19811320754716982,3,0
37,17,12,1,0,0,4,0,0,0,0,0,0,0,1,0,0,0,0,1,0,0.0,0.16216216216216217,3,0
35,26,1,2,0,0,3,0,0,0,0,4,1,0,1,0,0,0,0,0,0,0.11428571428571428,0.17142857142857143,3,1
109,15,87,3,0,1,5,0,0,0,0,18,0,0,0,0,0,0,0,0,0,0.1651376146788991,0.1559633027522936,2,0
58,14,37,4,1,0,4,0,0,0,0,0,0,0,0,0,0,0,0,0,0,0.0,0.1724137931034483,2,1
32,14,10,2,0,0,6,0,0,0,0,1,1,0,1,0,0,0,0,0,0,0.03125,0.28125,3,0
45,23,15,2,2,0,4,0,0,0,0,0,1,0,0,0,0,1,0,0,0,0.0,0.2,3,1
21,8,5,1,0,0,3,0,0,0,0,0,0,0,1,0,0,0,0,0,0,0.0,0.23809523809523808,3,0
34,16,10,2,0,0,6,0,0,0,0,1,1,0,1,0,0,0,0,0,0,0.029411764705882353,0.2647058823529412,3,0
20,11,1,2,0,0,3,0,0,0,0,0,1,0,1,0,0,0,0,0,0,0.0,0.3,3,0
41,14,19,3,0,0,4,0,0,0,0,3,1,0,1,0,0,0,0,0,0,0.07317073170731707,0.1951219512195122,3,1
23,10,5,2,0,0,3,0,0,0,0,0,1,0,1,0,0,0,0,0,0,0.0,0.2608695652173913,3,0
39,14,6,2,0,0,3,1,1,0,0,3,1,0,1,0,0,0,0,0,0,0.07692307692307693,0.20512820512820512,3,0
26,8,10,1,0,0,6,0,0,0,0,1,0,0,1,0,0,0,0,0,0,0.038461538461538464,0.3076923076923077,3,0
34,25,1,3,1,0,3,0,0,0,0,0,2,0,1,0,0,1,1,0,0,0.0,0.23529411764705882,3,1
24,15,1,2,0,0,3,0,0,0,0,0,1,0,1,0,0,0,0,0,0,0.0,0.25,3,0
63,28,27,2,5,0,4,0,0,0,0,0,1,0,1,0,0,1,1,1,0,0.0,0.19047619047619047,2,1
61,20,33,2,0,2,6,0,1,0,0,5,1,0,1,0,0,0,0,0,0,0.08196721311475409,0.19672131147540983,3,0
46,21,17,2,1,0,3,0,0,0,0,0,0,0,1,0,0,0,0,1,0,0.0,0.15217391304347827,3,1
63,12,43,2,0,0,7,0,0,0,0,2,0,0,1,0,0,0,0,0,0,0.031746031746031744,0.1746031746031746,3,1
44,14,22,2,0,1,4,0,0,0,0,0,1,0,1,0,0,0,0,0,0,0.0,0.18181818181818182,3,0
240,25,42,3,1,1,8,1,3,0,2,86,1,0,0,0,0,0,1,0,0,0.35833333333333334,0.09166666666666666,2,1
80,26,46,3,1,0,4,0,1,0,0,21,2,0,1,0,0,1,2,0,0,0.2625,0.175,2,1
166,24,13,1,13,0,5,1,2,0,2,21,0,0,1,0,1,0,0,0,0,0.12650602409638553,0.16265060240963855,3,1
136,36,6,3,2,7,3,1,5,0,0,6,1,0,1,0,0,1,0,0,0,0.04411764705882353,0.16176470588235295,3,1
159,14,51,2,0,0,8,1,2,0,1,43,0,0,0,0,0,0,0,0,0,0.27044025157232704,0.10062893081761007,3,1
49,19,22,4,0,0,5,0,0,0,0,0,0,0,1,0,0,0,0,0,0,0.0,0.20408163265306123,3,1
28,15,5,2,0,0,3,0,0,0,0,0,1,0,1,0,0,0,0,0,0,0.0,0.21428571428571427,3,0
44,21,15,2,1,0,3,0,0,0,0,0,1,0,1,0,0,0,1,0,0,0.0,0.1590909090909091,3,0
27,11,9,1,0,0,3,0,0,0,0,0,0,0,0,0,0,0,0,0,0,0.0,0.18518518518518517,2,1
160,26,22,1,10,0,5,1,2,0,2,26,0,0,1,0,0,1,0,0,0,0.1625,0.1375,3,1
94,15,72,2,15,0,3,0,0,0,0,3,0,0,0,0,0,0,0,0,0,0.031914893617021274,0.22340425531914893,3,0
33,15,10,1,0,0,6,0,0,0,0,1,0,0,1,0,0,0,0,0,0,0.030303030303030304,0.24242424242424243,3,0
49,19,22,3,0,0,5,0,0,0,0,1,1,0,1,0,0,0,0,0,0,0.02040816326530612,0.1836734693877551,3,0
39,17,14,2,1,0,4,0,0,0,0,0,1,0,1,0,0,0,0,1,0,0.0,0.20512820512820512,3,0
29,12,9,2,0,0,3,0,0,0,0,0,1,0,1,0,0,0,0,0,0,0.0,0.20689655172413793,3,0
87,16,64,2,1,1,8,0,0,0,0,7,1,0,0,0,0,0,2,0,0,0.08045977011494253,0.14942528735632185,2,1
28,18,2,1,1,0,3,0,0,0,0,0,0,0,1,0,0,1,0,0,0,0.0,0.21428571428571427,2,1
48,21,20,4,1,0,3,0,0,0,0,0,1,0,0,0,0,1,0,0,0,0.0,0.1875,3,1
57,16,33,2,0,2,6,0,1,0,0,5,1,0,1,0,0,0,0,0,0,0.08771929824561403,0.21052631578947367,3,0
44,19,6,1,0,0,3,1,1,0,0,3,0,0,1,0,0,0,0,0,0,0.06818181818181818,0.1590909090909091,3,0
96,11,78,1,9,0,7,0,0,0,0,8,0,0,0,0,0,0,0,0,0,0.08333333333333333,0.1875,3,0
29,16,5,2,0,0,3,0,0,0,0,0,1,0,1,0,0,0,0,0,0,0.0,0.20689655172413793,3,0
52,11,33,2,0,2,6,0,1,0,0,5,1,0,1,0,0,0,0,0,0,0.09615384615384616,0.23076923076923078,3,0
37,14,15,2,1,0,3,0,0,0,0,0,1,0,1,0,0,0,1,0,0,0.0,0.1891891891891892,3,0
35,27,1,1,0,0,3,0,0,0,0,0,0,0,0,0,0,0,0,0,0,0.0,0.14285714285714285,3,1
57,38,11,4,0,0,3,0,0,0,0,1,2,0,1,0,0,0,0,0,0,0.017543859649122806,0.14035087719298245,3,1
58,14,36,3,0,0,6,0,0,0,0,4,1,0,1,0,0,0,0,0,0,0.06896551724137931,0.1724137931034483,3,1
98,9,82,1,0,11,4,0,0,0,0,7,0,0,0,0,0,0,0,0,0,0.07142857142857142,0.17346938775510204,2,0
36,20,9,3,1,0,4,0,0,0,0,0,0,0,0,0,0,1,0,0,0,0.0,0.25,3,1
44,16,20,2,0,0,5,0,0,0,0,0,1,0,1,0,0,0,0,0,0,0.0,0.18181818181818182,3,0
35,21,6,2,0,0,3,0,0,0,0,0,1,0,1,0,0,0,1,0,0,0.0,0.17142857142857143,3,0
60,15,37,2,4,0,5,0,0,0,0,4,1,0,1,0,0,0,0,0,0,0.06666666666666667,0.2,3,0
42,12,22,2,0,1,4,0,0,0,0,0,1,0,1,0,0,0,0,0,0,0.0,0.19047619047619047,3,0
21,8,5,1,0,0,3,0,0,0,0,0,0,0,1,0,0,0,0,0,0,0.0,0.23809523809523808,3,0
42,14,20,2,0,0,5,0,0,0,0,0,1,0,1,0,0,0,0,0,0,0.0,0.19047619047619047,3,0
32,11,14,2,0,0,3,0,0,0,0,0,0,0,0,0,0,0,0,0,0,0.0,0.1875,2,1
45,15,22,2,0,1,4,0,0,0,0,0,1,0,1,0,0,0,0,0,0,0.0,0.17777777777777778,3,0
88,21,60,2,0,1,7,0,0,0,0,25,1,0,0,0,0,0,0,0,0,0.2840909090909091,0.125,2,1
27,13,6,2,0,0,3,0,0,0,0,0,1,0,1,0,0,0,0,0,0,0.0,0.2222222222222222,3,0
66,15,43,2,1,0,8,0,0,0,0,0,0,0,1,0,0,0,0,0,0,0.0,0.18181818181818182,3,1
34,14,12,2,0,0,4,0,0,0,0,0,1,0,1,0,0,0,0,0,0,0.0,0.20588235294117646,3,0
110,29,74,7,1,0,7,0,0,0,0,13,1,0,0,0,0,1,0,0,0,0.11818181818181818,0.14545454545454545,2,1
32,17,7,2,0,0,3,0,0,0,0,0,1,0,1,0,0,0,0,1,0,0.0,0.1875,3,0
28,19,1,2,0,0,3,0,0,0,0,0,1,0,1,0,0,0,0,0,0,0.0,0.21428571428571427,3,1
35,11,16,1,0,0,4,0,0,0,0,0,0,0,1,0,0,0,0,0,0,0.0,0.17142857142857143,2,1
23,15,0,2,0,0,2,0,0,0,0,0,1,0,1,0,0,0,0,0,0,0.0,0.21739130434782608,3,0
39,16,15,2,1,0,3,0,0,0,0,0,1,0,1,0,0,0,1,0,0,0.0,0.1794871794871795,3,0
60,14,38,1,1,0,8,0,0,0,0,16,0,0,1,0,0,1,0,0,0,0.26666666666666666,0.18333333333333332,2,1
39,16,15,2,0,0,4,0,0,0,0,4,1,0,1,0,0,0,0,0,0,0.10256410256410256,0.1794871794871795,3,0
73,27,39,1,0,0,6,0,0,0,0,4,0,0,0,0,0,0,0,1,0,0.0547945205479452,0.1095890410958904,2,1
39,25,7,2,0,0,4,0,0,0,0,8,1,0,0,0,0,0,0,0,0,0.20512820512820512,0.1794871794871795,2,1
24,9,8,1,0,0,3,0,0,0,0,1,0,0,0,0,0,0,0,0,0,0.041666666666666664,0.20833333333333334,3,1
18,10,1,1,0,0,3,0,0,0,0,5,0,0,0,0,0,0,0,0,0,0.2777777777777778,0.2777777777777778,3,1
42,17,6,2,0,0,3,1,1,0,0,3,1,0,1,0,0,0,0,0,0,0.07142857142857142,0.19047619047619047,2,0
255,10,105,3,4,4,10,1,3,0,2,46,0,0,0,0,0,0,3,0,0,0.1803921568627451,0.11764705882352941,3,1
29,15,6,2,0,0,3,0,0,0,0,0,1,0,1,0,0,0,1,0,0,0.0,0.20689655172413793,3,0
79,22,50,3,0,0,8,0,0,0,0,0,1,0,0,0,0,0,0,0,0,0.0,0.1518987341772152,2,1
35,12,16,3,0,0,4,0,0,0,0,0,1,0,0,0,0,0,1,1,0,0.0,0.22857142857142856,3,1
21,13,0,2,0,0,2,0,0,0,0,0,1,0,1,0,0,0,1,1,0,0.0,0.23809523809523808,3,0
37,14,15,2,0,0,4,0,0,0,0,4,1,0,1,0,0,0,0,0,0,0.10810810810810811,0.1891891891891892,3,0
31,14,9,2,0,0,3,0,0,0,0,0,1,0,1,0,0,0,1,1,0,0.0,0.1935483870967742,3,0
276,31,72,4,0,1,8,1,3,0,2,92,1,0,0,0,0,0,1,0,0,0.3333333333333333,0.07971014492753623,3,1
166,14,145,2,20,0,7,0,0,0,0,12,1,0,0,0,0,0,0,0,0,0.07228915662650602,0.18072289156626506,2,0
94,11,76,1,11,0,4,0,0,0,0,10,0,0,0,0,0,0,0,0,0,0.10638297872340426,0.19148936170212766,3,0
86,13,66,1,10,0,7,0,0,0,0,10,0,0,0,0,0,0,0,0,0,0.11627906976744186,0.22093023255813954,3,0
21,13,0,2,0,0,2,0,0,0,0,0,1,0,1,0,0,0,0,0,0,0.0,0.23809523809523808,3,0
38,29,1,2,0,0,3,0,0,0,0,0,1,0,1,0,0,0,0,0,0,0.0,0.15789473684210525,3,1
132,16,24,3,0,0,4,1,1,0,0,10,1,0,1,0,0,0,0,0,0,0.07575757575757576,0.07575757575757576,3,1
51,20,23,2,0,0,5,0,0,0,0,0,1,0,1,0,0,0,0,0,0,0.0,0.1568627450980392,2,1
61,22,31,3,0,0,4,0,0,0,0,0,1,0,1,0,0,0,0,1,0,0.0,0.13114754098360656,3,1
17,9,0,1,0,0,2,0,0,0,0,0,0,0,1,0,0,0,0,0,0,0.0,0.23529411764705882,2,0
27,19,1,1,0,0,3,0,0,0,0,3,0,0,0,0,0,0,0,0,0,0.1111111111111111,0.18518518518518517,3,1
57,31,18,2,2,0,4,0,0,0,0,0,1,0,1,0,0,0,0,0,0,0.0,0.15789473684210525,3,1
132,12,57,9,0,0,4,1,1,0,0,31,0,0,0,0,0,0,0,0,0,0.23484848484848486,0.13636363636363635,3,0
39,11,20,2,0,0,4,0,0,0,0,6,0,0,1,0,0,0,0,0,0,0.15384615384615385,0.1794871794871795,2,1
28,19,1,1,1,0,3,0,0,0,0,0,0,0,1,0,0,1,0,0,0,0.0,0.21428571428571427,3,1
108,10,15,2,0,0,4,1,9,0,8,4,0,0,0,0,0,0,0,0,0,0.037037037037037035,0.23148148148148148,3,0
33,14,12,1,0,0,5,0,0,0,0,0,0,0,0,0,0,0,0,0,0,0.0,0.21212121212121213,3,1
26,12,6,2,0,0,3,0,0,0,0,0,1,0,1,0,0,0,1,0,0,0.0,0.23076923076923078,2,0
33,19,6,2,0,0,3,0,0,0,0,0,1,0,1,0,0,0,1,0,0,0.0,0.18181818181818182,3,0
34,17,9,2,0,0,3,0,0,0,0,0,1,0,1,0,0,0,0,0,0,0.0,0.17647058823529413,3,0
49,20,21,2,1,0,5,0,0,0,0,0,1,0,1,0,0,0,0,0,0,0.0,0.1836734693877551,3,1
74,17,42,2,1,0,7,1,1,0,0,0,0,0,1,0,0,0,0,0,0,0.0,0.17567567567567569,3,1
99,15,76,2,1,1,7,0,0,0,0,8,1,0,1,0,0,0,0,1,0,0.08080808080808081,0.12121212121212122,3,1
99,15,76,2,1,0,7,0,0,0,0,10,1,0,1,0,0,0,0,1,0,0.10101010101010101,0.1111111111111111,3,1
58,13,37,2,4,0,5,0,0,0,0,4,1,0,1,0,0,0,0,0,0,0.06896551724137931,0.20689655172413793,3,0
36,14,15,2,0,0,5,0,0,0,0,3,1,0,0,0,0,0,0,0,0,0.08333333333333333,0.2222222222222222,2,1
132,12,113,1,14,0,8,0,0,0,0,8,0,0,0,0,0,0,0,0,0,0.06060606060606061,0.18181818181818182,3,0
42,19,16,2,0,0,3,0,0,0,0,10,0,0,0,0,0,0,0,0,0,0.23809523809523808,0.14285714285714285,2,1
29,12,9,1,0,0,3,0,0,0,0,0,0,0,1,0,0,0,0,1,0,0.0,0.1724137931034483,3,0
60,15,37,2,4,0,5,0,0,0,0,4,1,0,1,0,0,0,0,0,0,0.06666666666666667,0.2,3,0
62,22,32,2,3,0,5,0,0,0,0,0,1,0,1,0,0,0,0,0,0,0.0,0.1774193548387097,3,0
43,14,22,2,0,0,5,0,0,0,0,1,0,0,0,0,0,0,0,0,0,0.023255813953488372,0.18604651162790697,2,1
237,82,148,9,3,0,9,0,0,0,0,31,8,0,0,0,0,1,0,0,0,0.1308016877637131,0.09282700421940929,2,1
40,17,15,2,0,0,4,0,0,0,0,4,1,0,1,0,0,0,0,0,0,0.1,0.175,3,0
71,17,47,1,1,0,8,0,0,0,0,1,0,0,0,0,0,0,0,0,0,0.014084507042253521,0.15492957746478872,3,1
27,14,5,2,0,0,3,0,0,0,0,0,1,0,1,0,0,0,0,0,0,0.0,0.2222222222222222,3,0
37,29,0,2,2,0,2,0,0,0,0,0,1,0,1,0,0,1,0,0,0,0.0,0.1891891891891892,2,1
65,27,31,3,1,0,4,0,0,0,0,0,1,0,0,0,0,0,0,0,0,0.0,0.13846153846153847,4,1
200,14,4,3,3,0,10,2,4,0,3,36,1,0,1,0,0,0,1,1,0,0.18,0.175,3,1
266,11,82,3,3,1,12,1,3,0,2,76,1,0,0,0,0,0,1,0,0,0.2857142857142857,0.10526315789473684,2,1
35,15,12,2,0,0,4,0,0,0,0,0,1,0,1,0,0,0,0,0,0,0.0,0.2,3,0
122,29,85,2,1,3,7,0,0,0,0,9,1,0,1,0,0,1,0,0,0,0.07377049180327869,0.13114754098360656,3,1
34,16,10,2,0,0,6,0,0,0,0,1,1,0,1,0,0,0,0,0,0,0.029411764705882353,0.2647058823529412,3,0
27,13,6,2,0,0,3,0,0,0,0,0,1,0,1,0,0,0,1,0,0,0.0,0.2222222222222222,3,0
78,32,38,2,4,0,4,0,0,0,0,28,1,0,1,0,0,1,0,0,0,0.358974358974359,0.14102564102564102,2,1
29,9,12,1,0,0,4,0,0,0,0,0,0,0,1,0,0,0,0,0,0,0.0,0.20689655172413793,2,0
60,19,33,3,0,2,6,0,1,0,0,5,2,0,1,0,0,0,0,1,0,0.08333333333333333,0.21666666666666667,3,0
33,22,4,2,0,0,4,0,0,0,0,0,1,0,0,0,0,0,0,0,0,0.0,0.21212121212121213,2,1
26,11,7,2,0,0,3,0,0,0,0,0,1,0,1,0,0,0,0,0,0,0.0,0.23076923076923078,3,0
77,20,49,2,1,0,7,0,0,0,0,4,1,0,1,0,0,0,1,1,0,0.05194805194805195,0.14285714285714285,2,1
100,9,84,2,13,0,4,0,0,0,0,19,0,0,0,0,0,0,0,0,0,0.19,0.2,2,0
139,13,81,1,7,2,5,1,3,0,2,7,0,0,0,0,0,0,0,0,0,0.050359712230215826,0.15827338129496402,2,0
95,12,76,1,9,0,4,0,0,0,0,0,0,0,0,0,0,0,0,0,0,0.0,0.15789473684210525,3,0
32,16,9,1,0,0,5,0,0,0,0,0,0,0,0,0,0,0,0,0,0,0.0,0.21875,3,1
74,12,55,2,0,1,10,0,0,0,0,0,0,0,0,0,0,0,1,0,0,0.0,0.1891891891891892,3,1
129,13,28,2,0,2,4,1,5,0,4,27,0,0,0,0,0,0,0,0,0,0.20930232558139536,0.14728682170542637,3,0
53,35,10,2,1,0,4,0,0,0,0,0,1,0,1,0,0,1,3,1,0,0.0,0.1509433962264151,3,1
19,11,0,2,0,0,2,0,0,0,0,0,1,0,1,0,0,0,0,0,0,0.0,0.2631578947368421,2,0
46,13,26,1,2,0,5,0,0,0,0,0,0,0,0,0,0,1,0,0,0,0.0,0.1956521739130435,3,1
33,13,13,3,0,0,3,0,0,0,0,0,1,0,0,0,0,0,0,0,0,0.0,0.21212121212121213,3,1
36,14,15,2,0,0,3,0,0,0,0,0,0,0,0,0,0,0,0,0,0,0.0,0.16666666666666666,3,1
34,12,14,2,1,0,4,0,0,0,0,0,1,0,1,0,0,0,0,0,0,0.0,0.23529411764705882,3,0
45,15,22,2,0,1,4,0,0,0,0,0,1,0,1,0,0,0,0,0,0,0.0,0.17777777777777778,3,0
144,12,57,11,0,0,4,1,1,0,0,34,0,0,0,0,0,0,0,0,0,0.2361111111111111,0.1388888888888889,3,0
101,22,44,3,1,1,8,1,2,0,1,3,0,0,0,0,0,0,3,1,0,0.0297029702970297,0.1782178217821782,3,1
28,14,7,1,0,0,4,0,0,0,0,0,0,0,0,0,0,0,0,0,0,0.0,0.21428571428571427,3,1
54,19,28,5,0,0,4,0,0,0,0,0,1,0,0,0,0,0,1,0,0,0.0,0.18518518518518517,3,1
128,22,48,1,1,0,5,1,3,0,0,17,0,0,1,0,0,0,1,0,0,0.1328125,0.09375,3,1
44,14,22,3,0,0,5,0,0,0,0,1,1,0,1,0,0,0,0,0,0,0.022727272727272728,0.20454545454545456,3,0
27,19,0,2,0,0,2,0,0,0,0,0,1,0,1,0,0,0,0,0,0,0.0,0.18518518518518517,3,0
36,15,14,3,0,0,5,0,0,0,0,1,2,0,0,0,0,0,0,0,0,0.027777777777777776,0.25,2,1
219,20,25,2,1,1,5,1,3,0,2,80,0,0,1,0,0,0,1,0,0,0.365296803652968,0.0821917808219178,3,1
316,11,5,2,1,0,3,1,1,0,0,104,0,0,0,0,0,0,0,0,0,0.3291139240506329,0.2879746835443038,3,0
120,12,57,8,0,0,4,1,1,0,0,34,0,0,0,0,0,0,0,0,0,0.2833333333333333,0.14166666666666666,3,0
34,25,1,2,0,0,3,0,0,0,0,0,1,0,1,0,0,0,0,0,0,0.0,0.17647058823529413,3,1
134,12,34,3,1,10,6,1,2,1,1,0,0,0,1,0,0,0,0,0,0,0.0,0.20149253731343283,2,1
91,11,73,1,8,0,7,0,0,0,0,14,0,0,0,0,0,0,0,0,0,0.15384615384615385,0.18681318681318682,3,0
28,15,5,2,0,0,3,0,0,0,0,0,1,0,1,0,0,0,0,0,0,0.0,0.21428571428571427,3,0
47,39,1,6,0,0,3,0,0,0,0,11,5,0,0,0,0,0,0,1,0,0.23404255319148937,0.2127659574468085,3,1
31,14,9,1,0,0,3,0,0,0,0,0,0,0,1,0,0,0,0,1,0,0.0,0.16129032258064516,3,0
20,12,0,2,0,0,2,0,0,0,0,0,1,0,1,0,0,0,0,0,0,0.0,0.25,3,0
29,16,5,2,0,0,3,0,0,0,0,0,1,0,1,0,0,0,0,0,0,0.0,0.20689655172413793,3,0
30,16,6,2,0,0,3,0,0,0,0,0,1,0,1,0,0,0,0,0,0,0.0,0.2,3,0
37,14,15,2,0,0,4,0,0,0,0,4,1,0,1,0,0,0,0,0,0,0.10810810810810811,0.1891891891891892,3,0
21,13,0,2,0,0,2,0,0,0,0,0,1,0,1,0,0,0,0,1,0,0.0,0.23809523809523808,3,0
31,11,12,2,0,0,4,0,0,0,0,0,1,0,1,0,0,0,0,0,0,0.0,0.22580645161290322,3,0
202,13,182,1,4,0,8,0,0,0,0,61,0,0,0,0,0,0,0,0,0,0.30198019801980197,0.31683168316831684,3,0
34,16,10,2,0,0,6,0,0,0,0,1,1,0,1,0,0,0,0,0,0,0.029411764705882353,0.2647058823529412,3,0
23,15,0,2,0,0,2,0,0,0,0,0,1,0,1,0,0,0,0,0,0,0.0,0.21739130434782608,3,0
71,20,26,2,0,0,4,1,1,0,0,8,0,0,1,0,0,0,0,0,0,0.11267605633802817,0.1267605633802817,3,1
113,15,76,2,1,1,7,1,1,0,0,4,1,0,1,0,0,0,0,1,0,0.035398230088495575,0.12389380530973451,3,1
30,12,10,1,0,0,6,0,0,0,0,1,0,0,1,0,0,0,0,0,0,0.03333333333333333,0.26666666666666666,3,0
31,18,5,2,0,0,3,0,0,0,0,0,1,0,1,0,0,0,0,0,0,0.0,0.1935483870967742,3,0
44,14,22,2,0,1,4,0,0,0,0,0,1,0,1,0,0,0,0,0,0,0.0,0.18181818181818182,3,0
60,17,36,6,0,0,6,0,0,0,0,0,1,0,0,0,0,0,1,0,0,0.0,0.21666666666666667,2,1
30,14,8,2,0,0,3,0,0,0,0,0,1,0,1,0,0,0,0,1,0,0.0,0.2,3,0
33,16,9,2,0,0,3,0,0,0,0,0,1,0,1,0,0,0,0,0,0,0.0,0.18181818181818182,3,0
41,18,15,2,1,0,3,0,0,0,0,0,1,0,1,0,0,0,1,0,0,0.0,0.17073170731707318,3,0
25,11,6,2,0,0,3,0,0,0,0,0,1,0,1,0,0,0,0,0,0,0.0,0.24,3,0
55,8,21,4,0,0,6,1,1,0,0,4,0,0,0,0,0,0,1,1,0,0.07272727272727272,0.23636363636363636,3,1
39,31,1,3,1,0,3,0,0,0,0,0,2,0,0,0,0,1,1,0,0,0.0,0.20512820512820512,3,1
54,14,32,2,3,0,5,0,0,0,0,0,1,0,1,0,0,0,0,0,0,0.0,0.2037037037037037,3,0
30,16,6,2,0,0,3,0,0,0,0,0,1,0,1,0,0,0,0,0,0,0.0,0.2,3,0
31,14,9,2,0,0,3,0,0,0,0,0,1,0,1,0,0,0,0,0,0,0.0,0.1935483870967742,3,0
29,15,6,2,0,0,3,0,0,0,0,0,1,0,1,0,0,0,1,0,0,0.0,0.20689655172413793,3,0
26,9,9,1,0,0,3,0,0,0,0,0,0,0,1,0,0,0,0,0,0,0.0,0.19230769230769232,2,0
48,16,25,2,1,0,5,0,0,0,0,0,1,0,0,0,0,1,0,0,0,0.0,0.1875,2,1
48,18,22,2,0,1,4,0,0,0,0,0,1,0,1,0,0,0,0,0,0,0.0,0.16666666666666666,3,0
105,50,12,3,5,0,3,1,1,0,0,22,1,0,0,0,0,1,0,1,0,0.20952380952380953,0.13333333333333333,3,1
33,16,9,2,0,0,3,0,0,0,0,0,1,0,1,0,0,0,0,0,0,0.0,0.18181818181818182,3,0
58,17,33,2,0,2,6,0,1,0,0,5,1,0,1,0,0,0,0,1,0,0.08620689655172414,0.20689655172413793,3,0
95,22,65,2,0,0,10,0,0,0,0,0,0,0,1,0,0,0,2,1,0,0.0,0.1368421052631579,3,1
23,15,1,1,0,0,3,0,0,0,0,0,0,0,0,0,0,0,0,0,0,0.0,0.21739130434782608,3,1
44,14,22,2,0,1,4,0,0,0,0,0,1,0,1,0,0,0,0,0,0,0.0,0.18181818181818182,3,0
34,18,8,2,1,0,3,0,0,0,0,0,0,0,1,0,0,1,0,0,0,0.0,0.20588235294117646,3,1
57,19,31,1,0,1,8,0,0,0,0,0,0,0,0,0,0,0,1,0,0,0.0,0.19298245614035087,3,1
112,11,94,2,14,0,7,0,0,0,0,15,1,0,0,0,0,0,0,0,0,0.13392857142857142,0.21428571428571427,2,0
158,20,62,1,1,1,11,1,3,0,1,29,0,0,1,0,0,0,3,0,0,0.18354430379746836,0.13291139240506328,3,1
45,15,22,3,0,0,5,0,0,0,0,1,1,0,1,0,0,0,0,0,0,0.022222222222222223,0.2,3,0
62,17,37,2,4,0,5,0,0,0,0,4,1,0,1,0,0,0,0,0,0,0.06451612903225806,0.1935483870967742,3,0
95,43,45,3,4,0,5,0,0,0,0,12,1,0,0,0,0,0,0,0,0,0.12631578947368421,0.1368421052631579,3,1
44,21,16,3,2,0,5,0,0,0,0,6,1,0,0,0,0,1,0,0,0,0.13636363636363635,0.25,3,1
92,15,18,3,1,5,4,1,1,0,0,2,1,0,0,0,0,0,0,0,0,0.021739130434782608,0.17391304347826086,2,1
93,11,75,2,1,0,10,0,0,0,0,0,0,0,0,0,0,0,0,1,0,0.0,0.15053763440860216,3,1
29,21,0,2,0,0,2,0,0,0,0,0,1,0,1,0,0,0,0,0,0,0.0,0.1724137931034483,3,0
92,9,29,1,1,2,4,1,1,0,0,6,0,0,0,0,0,0,0,0,0,0.06521739130434782,0.11956521739130435,3,0
36,13,15,2,1,0,3,0,0,0,0,0,1,0,1,0,0,0,1,0,0,0.0,0.19444444444444445,3,0
29,7,14,1,1,0,4,0,0,0,0,0,0,0,1,0,0,0,0,0,0,0.0,0.2413793103448276,3,0
40,17,15,2,1,0,3,0,0,0,0,0,1,0,1,0,0,0,1,0,0,0.0,0.175,3,0
45,15,22,3,0,0,5,0,0,0,0,1,1,0,1,0,0,0,0,0,0,0.022222222222222223,0.2,3,0
36,13,15,2,0,0,4,0,0,0,0,4,1,0,1,0,0,0,0,0,0,0.1111111111111111,0.19444444444444445,3,0
48,18,22,2,0,1,4,0,0,0,0,0,1,0,1,0,0,0,0,1,0,0.0,0.16666666666666666,3,0
211,15,22,3,1,1,4,1,3,0,2,76,1,0,1,0,0,0,1,0,0,0.36018957345971564,0.08530805687203792,3,1
152,30,88,2,1,2,7,1,2,0,1,12,1,0,1,1,0,1,0,0,0,0.07894736842105263,0.14473684210526316,3,1
211,8,29,2,0,1,5,1,3,0,2,81,0,0,1,0,0,0,1,0,0,0.38388625592417064,0.08056872037914692,2,1
45,15,22,2,0,1,4,0,0,0,0,0,1,0,1,0,0,0,0,0,0,0.0,0.17777777777777778,3,0
24,16,0,2,0,0,2,0,0,0,0,0,1,0,1,0,0,0,0,0,0,0.0,0.20833333333333334,3,0
25,17,0,2,0,0,2,0,0,0,0,0,1,0,1,0,0,0,0,0,0,0.0,0.2,2,0
23,14,1,1,1,0,3,0,0,0,0,0,0,0,1,0,0,1,0,1,0,0.0,0.2608695652173913,2,1
29,9,12,1,0,0,4,0,0,0,0,0,0,0,1,0,0,0,0,0,0,0.0,0.20689655172413793,3,0
15,5,3,1,0,0,3,0,0,0,0,0,0,0,0,0,0,0,0,0,0,0.0,0.3333333333333333,2,1
53,41,5,3,0,0,3,0,0,0,0,17,2,0,0,0,0,0,0,0,0,0.32075471698113206,0.1320754716981132,2,1
23,15,1,1,1,0,3,0,0,0,0,0,0,0,0,0,0,1,0,0,0,0.0,0.2608695652173913,3,1
32,10,14,1,1,0,4,0,0,0,0,0,0,0,1,0,0,0,0,1,0,0.0,0.21875,3,0
255,10,105,3,4,4,10,1,3,0,2,55,0,0,0,0,0,0,3,0,0,0.21568627450980393,0.11764705882352941,3,1
232,13,212,1,4,0,8,0,0,0,0,77,0,0,0,0,0,0,0,0,0,0.33189655172413796,0.31896551724137934,3,0
31,14,9,2,0,0,3,0,0,0,0,0,1,0,1,0,0,0,0,0,0,0.0,0.1935483870967742,3,0
98,8,83,1,7,0,5,0,0,0,0,0,0,0,0,0,0,0,0,0,0,0.0,0.14285714285714285,3,0
28,14,6,2,0,0,3,0,0,0,0,0,1,0,1,0,0,0,1,1,0,0.0,0.21428571428571427,3,0
43,35,1,2,2,0,3,0,0,0,0,4,1,0,0,0,0,1,0,0,0,0.09302325581395349,0.18604651162790697,3,1
48,21,19,1,0,0,6,0,0,0,0,0,0,0,1,0,0,0,0,1,0,0.0,0.16666666666666666,3,1
99,15,76,2,1,0,7,0,0,0,0,11,1,0,1,0,0,0,0,1,0,0.1111111111111111,0.1111111111111111,3,1
45,17,1,2,0,0,3,1,1,0,0,0,1,0,1,0,0,0,0,1,0,0.0,0.17777777777777778,4,1
92,17,67,3,0,2,6,0,0,0,0,3,0,0,1,0,0,0,0,1,0,0.03260869565217391,0.13043478260869565,3,1
66,23,36,1,0,0,7,0,0,0,0,0,0,0,0,0,0,0,0,0,0,0.0,0.13636363636363635,2,1
32,23,1,2,0,0,3,0,0,0,0,0,1,0,1,0,0,0,0,0,0,0.0,0.1875,3,0
57,12,37,2,4,0,5,0,0,0,0,4,1,0,1,0,0,0,0,0,0,0.07017543859649122,0.21052631578947367,3,0
52,12,32,2,3,0,5,0,0,0,0,0,1,0,1,0,0,0,0,0,0,0.0,0.21153846153846154,3,0
37,23,6,2,0,0,3,0,0,0,0,0,1,0,1,0,0,0,1,0,0,0.0,0.16216216216216217,3,0
38,18,12,2,0,0,4,0,0,0,0,0,1,0,1,0,0,0,0,1,0,0.0,0.18421052631578946,3,0
84,21,55,3,0,0,4,0,0,0,0,16,1,0,1,0,0,0,0,0,0,0.19047619047619047,0.09523809523809523,2,1
63,22,34,3,0,0,7,0,0,0,0,0,2,0,0,0,0,0,0,0,0,0.0,0.1746031746031746,2,1
35,19,9,1,0,0,3,0,0,0,0,0,0,0,0,0,0,0,0,0,0,0.0,0.14285714285714285,3,1
100,26,57,3,1,4,7,1,0,0,0,2,1,0,0,0,0,1,0,0,0,0.02,0.17,3,1
37,9,20,1,0,0,5,0,0,0,0,0,0,0,1,0,0,0,0,0,0,0.0,0.1891891891891892,3,0
26,17,1,2,0,0,3,0,0,0,0,0,1,0,1,0,0,0,0,0,0,0.0,0.23076923076923078,3,0
67,23,37,3,0,0,4,0,0,0,0,26,2,0,0,0,0,0,0,0,0,0.3880597014925373,0.11940298507462686,3,1
54,14,32,2,0,0,6,0,0,0,0,2,0,0,1,0,0,0,2,1,0,0.037037037037037035,0.16666666666666666,2,1
20,11,1,2,0,0,3,0,0,0,0,0,1,0,1,0,0,0,0,0,0,0.0,0.3,3,0
117,31,79,2,0,0,8,0,0,0,0,36,1,0,0,0,0,0,0,0,0,0.3076923076923077,0.09401709401709402,4,1
31,12,12,2,0,0,4,0,0,0,0,0,0,0,0,0,0,0,0,1,0,0.0,0.22580645161290322,3,1
42,17,6,2,0,0,3,1,1,0,0,3,1,0,1,0,0,0,0,1,0,0.07142857142857142,0.19047619047619047,3,0
136,12,57,10,0,0,4,1,1,0,0,34,0,0,0,0,0,0,0,0,0,0.25,0.13970588235294118,3,0
43,15,20,2,0,0,5,0,0,0,0,0,1,0,1,0,0,0,0,0,0,0.0,0.18604651162790697,3,0
83,13,62,4,0,1,4,0,0,0,0,10,0,0,1,0,0,0,0,0,0,0.12048192771084337,0.18072289156626506,2,1
114,22,70,5,0,0,5,0,0,1,0,24,1,0,1,0,0,0,0,1,0,0.21052631578947367,0.17543859649122806,3,1
27,13,6,2,0,0,3,0,0,0,0,0,1,0,1,0,0,0,0,0,0,0.0,0.2222222222222222,3,0
179,22,130,4,4,1,9,1,1,0,0,29,0,0,0,0,0,1,2,1,0,0.16201117318435754,0.11731843575418995,3,1
26,9,10,1,0,0,4,0,0,0,0,0,0,0,0,0,0,0,0,0,0,0.0,0.23076923076923078,2,1
33,17,8,2,0,0,3,0,0,0,0,0,1,0,1,0,0,0,0,0,0,0.0,0.18181818181818182,3,0
35,13,14,2,1,0,4,0,0,0,0,0,1,0,1,0,0,0,0,0,0,0.0,0.22857142857142856,3,0
45,12,25,3,0,0,5,0,0,0,0,4,0,0,1,0,0,0,0,0,0,0.08888888888888889,0.2,3,1
45,17,20,2,0,0,5,0,0,0,0,0,1,0,1,0,0,0,0,0,0,0.0,0.17777777777777778,3,0
105,15,62,2,1,2,6,1,1,0,0,4,1,0,1,0,0,0,0,1,0,0.0380952380952381,0.13333333333333333,3,1
44,16,21,2,0,0,5,0,0,0,0,0,0,0,0,0,0,0,0,0,0,0.0,0.18181818181818182,3,1
47,25,15,2,5,0,3,0,0,0,0,0,1,0,0,0,0,1,0,0,0,0.0,0.23404255319148937,3,1
42,19,15,2,1,0,3,0,0,0,0,0,1,0,1,0,0,0,1,0,0,0.0,0.16666666666666666,3,0
41,13,21,2,0,0,5,0,0,0,0,0,0,0,0,0,0,0,0,0,0,0.0,0.1951219512195122,3,1
51,21,22,2,0,1,4,0,0,0,0,0,1,0,1,0,0,0,0,1,0,0.0,0.1568627450980392,3,0
68,22,38,2,0,0,4,0,0,0,0,23,1,0,1,0,0,0,0,0,0,0.3382352941176471,0.10294117647058823,3,1
67,17,21,3,0,0,5,1,1,1,0,0,0,0,1,0,0,0,1,0,0,0.0,0.1791044776119403,3,1
113,14,92,4,5,0,10,0,0,0,0,0,2,0,0,0,0,0,0,0,0,0.0,0.17699115044247787,2,1
210,7,30,9,1,0,8,2,10,1,8,43,0,0,0,0,0,1,0,0,0,0.20476190476190476,0.22857142857142856,2,1
45,17,20,2,0,0,5,0,0,0,0,0,1,0,1,0,0,0,0,0,0,0.0,0.17777777777777778,3,0
50,15,27,2,0,0,5,0,0,0,0,0,0,0,1,0,0,0,0,0,0,0.0,0.16,3,1
57,16,33,2,0,2,6,0,1,0,0,5,1,0,1,0,0,0,0,0,0,0.08771929824561403,0.21052631578947367,3,0
38,16,14,2,1,0,4,0,0,0,0,0,1,0,1,0,0,0,0,0,0,0.0,0.21052631578947367,3,0
29,15,6,2,0,0,3,0,0,0,0,0,1,0,1,0,0,0,1,0,0,0.0,0.20689655172413793,3,0
79,14,58,3,1,1,7,0,0,0,0,5,1,0,0,0,0,0,1,0,0,0.06329113924050633,0.16455696202531644,3,1
32,15,9,2,0,0,3,0,0,0,0,0,1,0,1,0,0,0,0,0,0,0.0,0.1875,3,0
31,13,10,2,0,0,6,0,0,0,0,1,1,0,1,0,0,0,0,0,0,0.03225806451612903,0.2903225806451613,3,0
32,15,9,2,0,0,3,0,0,0,0,0,1,0,1,0,0,0,0,0,0,0.0,0.1875,3,0
89,15,67,1,10,1,3,0,0,0,0,5,0,0,0,0,0,0,0,0,0,0.056179775280898875,0.1797752808988764,3,0
58,13,37,2,4,0,5,0,0,0,0,4,1,0,1,0,0,0,0,0,0,0.06896551724137931,0.20689655172413793,3,0
61,16,37,2,4,0,5,0,0,0,0,4,1,0,1,0,0,0,0,0,0,0.06557377049180328,0.19672131147540983,3,0
29,22,0,2,0,0,2,0,0,0,0,2,1,0,0,0,0,0,0,0,0,0.06896551724137931,0.1724137931034483,3,1
36,21,7,2,0,0,3,0,0,0,0,0,1,0,1,0,0,0,0,0,0,0.0,0.16666666666666666,3,0
61,27,26,3,0,2,4,0,0,0,0,0,2,0,1,0,0,0,1,0,0,0.0,0.16393442622950818,2,1
27,15,5,2,0,0,3,0,0,0,0,0,1,0,0,0,0,0,0,0,0,0.0,0.2222222222222222,2,1
36,16,12,2,0,0,4,0,0,0,0,0,1,0,1,0,0,0,0,0,0,0.0,0.19444444444444445,3,0
32,14,11,2,0,0,3,0,0,0,0,5,1,0,0,0,0,0,0,0,0,0.15625,0.1875,4,1
33,12,13,2,0,0,3,0,0,0,0,0,0,0,1,0,0,0,0,0,0,0.0,0.18181818181818182,3,1
35,21,6,2,0,0,3,0,0,0,0,0,1,0,1,0,0,0,1,0,0,0.0,0.17142857142857143,3,0
28,18,3,2,0,0,3,0,0,0,0,0,1,0,0,0,0,0,0,0,0,0.0,0.21428571428571427,3,1
33,15,10,2,0,0,6,0,0,0,0,1,1,0,1,0,0,0,0,0,0,0.030303030303030304,0.2727272727272727,3,0
37,13,16,1,0,0,5,0,0,0,0,1,0,0,1,0,0,0,1,1,0,0.02702702702702703,0.1891891891891892,4,1
41,20,13,2,0,0,5,0,0,0,0,0,0,0,1,0,0,0,0,0,0,0.0,0.1951219512195122,2,1
57,16,33,3,2,1,5,0,0,0,0,0,1,0,1,0,0,1,0,1,0,0.0,0.21052631578947367,3,1
410,12,13,22,0,5,32,2,7,0,6,8,0,0,1,0,0,0,1,0,0,0.01951219512195122,0.21707317073170732,2,1
232,13,46,4,0,1,7,1,3,0,2,88,2,0,0,0,0,0,1,0,0,0.3793103448275862,0.09051724137931035,2,1
49,8,33,1,0,2,6,0,1,0,0,5,0,0,1,0,0,0,0,0,0,0.10204081632653061,0.22448979591836735,3,0
40,17,15,2,0,0,3,0,0,0,0,0,0,0,1,0,0,0,0,0,0,0.0,0.15,4,1
51,19,24,1,1,0,5,0,0,0,0,0,0,0,1,0,0,0,0,0,0,0.0,0.1568627450980392,3,1
40,22,10,2,0,0,6,0,0,0,0,1,1,0,1,0,0,0,0,1,0,0.025,0.225,3,0
78,33,37,2,1,0,6,0,0,0,0,2,1,0,1,0,0,0,0,0,0,0.02564102564102564,0.1282051282051282,4,1
25,14,4,1,1,0,3,0,0,0,0,0,0,0,0,0,0,1,0,0,0,0.0,0.24,3,1
184,7,46,3,4,0,8,1,11,0,1,8,0,0,1,0,0,0,0,1,0,0.043478260869565216,0.16304347826086957,2,1
102,21,74,1,11,0,3,0,0,0,0,1,0,0,0,0,0,0,0,0,0,0.00980392156862745,0.1568627450980392,3,0
32,9,16,1,2,0,4,0,0,0,0,1,0,0,0,0,0,0,2,1,0,0.03125,0.25,3,1
39,17,15,2,0,1,4,0,0,0,0,0,1,0,0,0,0,0,0,0,0,0.0,0.20512820512820512,3,1
37,17,7,3,0,0,3,1,1,0,0,2,1,0,1,0,0,0,0,0,0,0.05405405405405406,0.24324324324324326,3,1
47,17,22,3,0,0,5,0,0,0,0,1,1,0,1,0,0,0,0,0,0,0.02127659574468085,0.19148936170212766,3,0
248,27,213,2,0,0,6,0,0,0,0,44,1,0,1,0,0,0,1,0,0,0.1774193548387097,0.036290322580645164,3,1
106,18,81,1,1,0,8,0,0,0,0,23,0,0,0,0,0,0,1,0,0,0.2169811320754717,0.10377358490566038,3,1
148,7,134,1,2,0,6,0,0,0,0,52,0,0,0,0,0,0,0,0,0,0.35135135135135137,0.2905405405405405,3,0
39,19,12,2,0,0,4,0,0,0,0,0,1,0,1,0,0,0,0,0,0,0.0,0.1794871794871795,3,0
37,15,14,2,1,0,4,0,0,0,0,0,1,0,1,0,0,0,0,0,0,0.0,0.21621621621621623,3,0
58,16,23,3,0,0,7,1,1,0,0,0,1,0,1,0,0,0,0,1,0,0.0,0.22413793103448276,2,1
37,18,11,1,0,1,4,0,0,0,0,0,0,0,1,0,0,0,1,0,0,0.0,0.1891891891891892,3,1
33,17,8,2,0,0,3,0,0,0,0,0,1,0,1,0,0,0,0,0,0,0.0,0.18181818181818182,3,0
36,7,17,1,1,0,4,0,0,0,0,3,0,0,1,1,0,0,0,0,0,0.08333333333333333,0.2222222222222222,2,1
44,23,13,1,0,0,4,0,0,0,0,0,0,0,1,0,0,0,1,0,0,0.0,0.13636363636363635,3,1
82,17,57,2,0,0,9,0,0,0,0,0,0,0,1,0,0,0,0,0,0,0.0,0.14634146341463414,3,1
28,12,8,2,0,0,3,0,0,0,0,0,1,0,1,0,0,0,0,0,0,0.0,0.21428571428571427,3,0
147,12,59,1,1,3,8,1,1,0,0,17,0,0,0,0,0,0,1,0,0,0.11564625850340136,0.1360544217687075,3,1
80,26,46,3,1,0,4,0,1,0,0,21,2,0,1,0,0,1,2,0,0,0.2625,0.175,2,1
42,15,19,1,1,0,4,0,0,0,0,0,0,0,1,0,0,0,0,0,0,0.0,0.16666666666666666,3,1
41,11,22,2,0,1,4,0,0,0,0,0,1,0,1,0,0,0,0,0,0,0.0,0.1951219512195122,3,0
49,40,1,3,0,0,3,0,0,0,0,0,2,0,1,0,0,0,1,0,0,0.0,0.14285714285714285,2,1
99,15,76,2,0,0,7,0,0,0,0,11,1,0,1,0,0,0,0,1,0,0.1111111111111111,0.10101010101010101,3,1
48,18,22,2,0,1,4,0,0,0,0,0,1,0,1,0,0,0,0,0,0,0.0,0.16666666666666666,3,0
49,36,1,2,3,0,3,1,1,0,0,1,1,0,1,0,0,1,1,1,0,0.02040816326530612,0.22448979591836735,3,1
54,9,37,1,4,0,5,0,0,0,0,4,0,0,1,0,0,0,0,0,0,0.07407407407407407,0.2037037037037037,3,0
77,19,21,4,0,0,6,1,1,1,0,0,1,0,0,0,0,0,0,0,0,0.0,0.18181818181818182,3,1
26,12,6,1,0,0,3,0,0,0,0,0,0,0,1,0,0,0,0,1,0,0.0,0.19230769230769232,3,0
253,35,22,1,29,0,5,1,2,0,2,31,0,0,1,0,0,1,0,0,0,0.1225296442687747,0.16996047430830039,3,1
65,16,41,2,1,0,7,0,0,0,0,1,0,0,1,0,0,0,0,0,0,0.015384615384615385,0.16923076923076924,2,1
40,15,6,2,0,0,3,1,1,0,0,3,1,0,1,0,0,0,0,0,0,0.075,0.2,3,0
53,35,1,2,3,0,3,1,0,0,0,0,1,0,1,0,0,1,1,1,0,0.0,0.18867924528301888,2,1
128,14,17,6,1,0,15,2,2,0,1,3,1,0,0,0,0,0,1,0,0,0.0234375,0.2421875,3,1
230,21,201,5,3,2,8,0,0,0,0,30,0,0,1,0,0,0,0,0,0,0.13043478260869565,0.12608695652173912,3,1
35,10,6,1,0,0,3,1,1,0,0,3,0,0,1,0,0,0,0,0,0,0.08571428571428572,0.2,3,0
37,9,20,1,0,0,5,0,0,0,0,0,0,0,1,0,0,0,0,0,0,0.0,0.1891891891891892,2,0
85,21,56,1,0,0,7,0,0,0,0,25,0,0,1,0,0,0,0,0,0,0.29411764705882354,0.10588235294117647,3,1
27,12,7,2,0,0,3,0,0,0,0,0,1,0,1,0,0,0,0,0,0,0.0,0.2222222222222222,3,0
46,19,20,2,0,0,4,0,0,0,0,1,0,0,0,0,0,0,0,0,0,0.021739130434782608,0.1956521739130435,3,1
43,13,22,3,0,0,5,0,0,0,0,1,1,0,1,0,0,0,0,0,0,0.023255813953488372,0.20930232558139536,3,0
30,15,7,2,0,0,3,0,0,0,0,0,1,0,1,0,0,0,0,0,0,0.0,0.2,3,0
42,25,10,3,0,0,3,0,0,0,0,2,1,0,0,0,0,0,1,0,0,0.047619047619047616,0.16666666666666666,3,1
97,13,42,2,4,0,5,1,1,0,0,17,0,0,0,0,0,0,1,1,0,0.17525773195876287,0.14432989690721648,3,0
72,21,44,2,1,0,7,0,0,0,0,4,1,0,0,0,0,0,1,1,0,0.05555555555555555,0.1527777777777778,2,1
65,21,37,2,0,0,5,0,0,0,0,21,1,0,0,0,0,0,0,0,0,0.3230769230769231,0.12307692307692308,3,1
25,11,6,1,0,0,3,0,0,0,0,0,0,0,1,0,0,0,1,0,0,0.0,0.2,3,0
105,25,73,2,1,1,7,0,0,0,0,18,0,0,0,0,0,0,1,0,0,0.17142857142857143,0.11428571428571428,3,1
27,19,0,2,0,0,2,0,0,0,0,0,1,0,1,0,0,0,0,0,0,0.0,0.18518518518518517,3,0
132,16,24,3,0,0,4,1,1,0,0,11,1,0,1,0,0,0,0,0,0,0.08333333333333333,0.07575757575757576,3,1
43,13,22,3,0,0,5,0,0,0,0,1,1,0,1,0,0,0,0,0,0,0.023255813953488372,0.20930232558139536,3,0
69,24,38,3,0,0,6,0,0,0,0,0,1,0,0,0,0,0,0,0,0,0.0,0.14492753623188406,3,1
33,19,6,2,0,0,3,0,0,0,0,0,1,0,1,0,0,0,1,0,0,0.0,0.18181818181818182,3,0
35,18,9,2,0,0,3,0,0,0,0,0,1,0,1,0,0,0,0,0,0,0.0,0.17142857142857143,3,0
129,13,28,2,0,2,4,1,5,0,4,27,0,0,0,0,0,0,0,0,0,0.20930232558139536,0.14728682170542637,3,0
54,37,9,4,4,0,3,0,0,0,0,11,2,0,1,0,0,1,1,0,0,0.2037037037037037,0.2222222222222222,3,1
46,37,1,2,1,0,3,0,0,0,0,3,1,0,1,0,0,1,0,0,0,0.06521739130434782,0.15217391304347827,3,1
45,17,20,2,0,0,5,0,0,0,0,0,1,0,1,0,0,0,0,0,0,0.0,0.17777777777777778,3,0
36,11,17,1,0,0,5,0,0,0,0,0,0,0,1,0,0,0,1,0,0,0.0,0.19444444444444445,3,1
160,43,87,2,1,3,7,1,2,0,1,16,1,0,1,1,0,1,0,0,0,0.1,0.1375,3,1
32,17,7,2,0,0,3,0,0,0,0,0,1,0,1,0,0,0,0,1,0,0.0,0.1875,3,0
29,20,1,2,0,0,3,0,0,0,0,0,1,0,1,0,0,0,0,0,0,0.0,0.20689655172413793,3,1
32,16,8,2,0,0,3,0,0,0,0,0,1,0,1,0,0,0,0,0,0,0.0,0.1875,3,0
21,13,0,2,0,0,2,0,0,0,0,0,1,0,1,0,0,0,0,0,0,0.0,0.23809523809523808,3,0
35,9,19,1,2,0,5,0,0,0,0,1,0,0,0,0,0,0,2,1,0,0.02857142857142857,0.2571428571428571,3,1
30,16,6,2,0,0,3,0,0,0,0,0,1,0,1,0,0,0,1,0,0,0.0,0.2,3,0
45,11,26,1,0,1,5,0,0,0,0,0,0,0,1,0,0,0,2,0,0,0.0,0.17777777777777778,3,1
52,21,23,2,2,0,6,0,0,0,0,8,1,0,1,0,0,0,1,0,0,0.15384615384615385,0.21153846153846154,3,1
24,12,5,2,0,0,3,0,0,0,0,0,1,0,0,0,0,0,0,0,0,0.0,0.25,2,1
20,11,1,1,0,0,3,0,0,0,0,0,0,0,1,0,0,0,0,0,0,0.0,0.25,2,1
62,21,33,2,0,2,6,0,1,0,0,5,1,0,1,0,0,0,0,0,0,0.08064516129032258,0.1935483870967742,3,0
270,26,60,3,1,4,7,1,3,0,2,56,1,0,1,0,0,1,0,0,0,0.2074074074074074,0.11851851851851852,3,1
40,32,1,3,0,0,3,0,0,0,0,0,2,0,0,0,0,0,2,1,0,0.0,0.175,3,1
34,11,15,2,0,0,4,0,0,0,0,4,1,0,1,0,0,0,0,0,0,0.11764705882352941,0.20588235294117646,3,0
58,11,40,2,0,0,9,0,0,0,0,1,0,0,0,0,0,0,0,0,0,0.017241379310344827,0.20689655172413793,2,1
57,13,36,1,0,0,8,0,0,0,0,0,0,0,1,0,0,0,0,0,0,0.0,0.17543859649122806,3,1
54,13,33,2,0,2,6,0,1,0,0,5,1,0,1,0,0,0,0,0,0,0.09259259259259259,0.2222222222222222,3,0
174,21,22,1,11,0,5,1,2,0,2,25,0,0,1,0,0,1,0,0,0,0.14367816091954022,0.15517241379310345,3,1
85,12,66,1,9,0,3,0,0,0,0,10,0,0,0,0,0,0,0,0,0,0.11764705882352941,0.16470588235294117,3,0
33,14,12,2,0,0,4,0,0,0,0,3,1,0,0,0,0,0,0,0,0,0.09090909090909091,0.21212121212121213,4,1
86,28,51,3,3,2,5,0,0,0,0,8,1,0,0,0,0,0,0,0,0,0.09302325581395349,0.16279069767441862,3,1
100,14,79,2,0,1,10,0,0,0,0,0,0,0,0,0,0,0,0,0,0,0.0,0.14,2,1
35,9,18,1,0,0,3,0,0,0,0,2,0,0,1,0,0,0,0,0,0,0.05714285714285714,0.14285714285714285,3,1
181,28,66,3,1,0,10,1,2,1,1,23,0,0,0,0,0,0,0,0,0,0.1270718232044199,0.11602209944751381,3,1
37,12,18,1,0,1,5,0,0,0,0,3,0,0,0,0,0,0,0,0,0,0.08108108108108109,0.21621621621621623,3,1
32,18,6,2,0,0,3,0,0,0,0,0,1,0,1,0,0,0,1,0,0,0.0,0.1875,3,0
35,12,15,2,1,0,3,0,0,0,0,0,1,0,1,0,0,0,1,0,0,0.0,0.2,3,0
41,18,15,2,0,0,4,0,0,0,0,4,1,0,1,0,0,0,0,0,0,0.0975609756097561,0.17073170731707318,3,0
40,21,12,1,1,0,4,0,0,0,0,0,0,0,0,0,0,0,0,0,0,0.0,0.175,3,1
26,8,10,1,0,0,6,0,0,0,0,1,0,0,1,0,0,0,0,0,0,0.038461538461538464,0.3076923076923077,3,0
26,9,9,1,0,0,3,0,0,0,0,0,0,0,1,0,0,0,1,0,0,0.0,0.19230769230769232,3,0
33,18,7,2,0,0,3,0,0,0,0,0,1,0,1,0,0,0,0,0,0,0.0,0.18181818181818182,3,0
26,13,5,2,0,0,3,0,0,0,0,0,1,0,1,0,0,0,0,0,0,0.0,0.23076923076923078,3,0
45,15,22,3,0,0,5,0,0,0,0,1,1,0,1,0,0,0,0,0,0,0.022222222222222223,0.2,3,0
123,29,87,4,3,1,9,0,0,0,0,5,2,0,0,0,0,0,1,0,0,0.04065040650406504,0.14634146341463414,2,1
20,12,0,2,0,0,2,0,0,0,0,0,1,0,1,0,0,0,0,0,0,0.0,0.25,3,0
46,16,22,3,0,0,5,0,0,0,0,1,1,0,1,0,0,0,0,0,0,0.021739130434782608,0.1956521739130435,3,0
24,13,4,2,0,0,4,0,0,0,0,1,1,0,0,0,0,0,0,0,0,0.041666666666666664,0.2916666666666667,2,1
32,18,6,2,0,0,3,0,0,0,0,0,1,0,1,0,0,0,0,0,0,0.0,0.1875,3,0
72,17,20,3,1,0,4,1,2,0,1,0,1,0,0,0,0,0,0,0,0,0.0,0.19444444444444445,3,1
41,18,15,2,0,0,4,0,0,0,0,4,1,0,1,0,0,0,0,0,0,0.0975609756097561,0.17073170731707318,3,0
283,9,267,1,11,0,6,0,0,0,0,89,0,0,0,0,0,0,0,0,0,0.31448763250883394,0.3498233215547703,3,0
46,10,29,3,0,0,6,0,0,0,0,0,1,0,0,0,0,0,0,0,0,0.0,0.21739130434782608,2,1
269,32,61,3,1,5,7,1,3,0,2,56,1,0,1,0,0,1,0,0,0,0.20817843866171004,0.11524163568773234,3,1
32,18,6,2,0,0,3,0,0,0,0,0,1,0,1,0,0,0,0,0,0,0.0,0.1875,3,0
23,12,4,1,0,0,4,0,0,0,0,0,0,0,0,0,0,0,0,0,0,0.0,0.2608695652173913,3,1
36,21,7,2,0,0,3,0,0,0,0,0,1,0,1,0,0,0,0,1,0,0.0,0.16666666666666666,3,0
36,14,14,2,1,0,4,0,0,0,0,0,1,0,1,0,0,0,0,0,0,0.0,0.2222222222222222,3,0
27,14,5,2,0,0,3,0,0,0,0,0,1,0,1,0,0,0,0,0,0,0.0,0.2222222222222222,3,0
18,4,6,1,0,0,3,0,0,0,0,1,0,0,1,0,0,0,0,0,0,0.05555555555555555,0.2777777777777778,2,1
71,20,44,5,0,0,6,0,0,0,0,6,1,0,0,0,0,0,1,0,0,0.08450704225352113,0.16901408450704225,3,1
157,7,143,1,3,0,6,0,0,0,0,52,0,0,0,0,0,0,0,0,0,0.33121019108280253,0.3184713375796178,3,0
39,19,12,2,0,0,4,0,0,0,0,0,1,0,1,0,0,0,0,0,0,0.0,0.1794871794871795,3,0
57,17,32,2,3,0,5,0,0,0,0,0,1,0,1,0,0,0,0,0,0,0.0,0.19298245614035087,3,0
31,15,1,3,0,0,3,1,1,0,0,4,2,0,0,0,0,0,0,0,0,0.12903225806451613,0.2903225806451613,2,1
215,13,29,2,1,1,6,1,3,0,2,88,0,0,0,0,0,0,1,0,0,0.40930232558139534,0.08837209302325581,3,1
30,16,6,2,0,0,3,0,0,0,0,0,1,0,1,0,0,0,1,0,0,0.0,0.2,3,0
25,11,6,1,0,0,3,0,0,0,0,0,0,0,1,0,0,0,0,0,0,0.0,0.2,3,0
74,19,48,3,1,0,9,0,0,0,0,0,1,0,0,0,0,0,1,0,0,0.0,0.1891891891891892,3,1
97,12,78,1,5,0,7,0,0,0,0,0,0,0,0,0,0,0,1,1,0,0.0,0.14432989690721648,3,0
48,17,24,2,0,1,5,0,0,0,0,0,1,0,0,0,0,0,0,0,0,0.0,0.1875,4,1
37,7,18,1,1,0,5,0,0,0,0,3,0,0,1,1,0,0,0,0,0,0.08108108108108109,0.24324324324324326,2,1
36,13,15,2,1,0,3,0,0,0,0,0,1,0,1,0,0,0,1,0,0,0.0,0.19444444444444445,3,0
73,20,46,1,2,0,8,0,0,0,0,0,0,0,0,0,0,0,0,0,0,0.0,0.1643835616438356,3,1
150,17,126,1,19,0,7,0,0,0,0,3,0,0,0,0,0,0,0,0,0,0.02,0.18666666666666668,3,0
73,22,44,1,1,0,8,0,0,0,0,3,0,0,0,0,0,0,3,1,0,0.0410958904109589,0.1506849315068493,3,1
31,22,1,2,0,0,3,0,0,0,0,0,1,0,1,0,0,0,0,1,0,0.0,0.1935483870967742,3,0
56,15,33,2,0,2,6,0,1,0,0,5,1,0,1,0,0,0,0,0,0,0.08928571428571429,0.21428571428571427,3,0
51,15,28,1,0,3,4,0,0,0,0,0,0,0,1,0,0,0,1,0,0,0.0,0.17647058823529413,3,1
109,16,42,2,2,0,8,1,1,3,0,0,0,0,1,0,0,0,0,0,0,0.0,0.1651376146788991,3,1
20,11,1,1,1,0,3,0,0,0,0,0,0,0,1,0,0,1,0,0,0,0.0,0.3,2,1
37,14,16,1,1,0,3,0,0,0,0,0,0,0,0,0,0,1,0,0,0,0.0,0.16216216216216217,3,1
76,26,43,2,1,0,7,0,0,0,0,3,1,0,0,0,0,0,3,1,0,0.039473684210526314,0.14473684210526316,3,1
50,25,18,3,0,0,5,0,0,0,0,0,1,0,0,0,0,0,0,0,0,0.0,0.18,3,1
38,23,8,1,0,0,4,0,0,0,0,0,0,0,0,0,0,0,0,0,0,0.0,0.15789473684210525,3,1
95,12,76,1,11,0,7,0,0,0,0,8,0,0,0,0,0,0,0,0,0,0.08421052631578947,0.21052631578947367,3,0
89,16,13,2,0,0,3,1,2,0,1,28,0,0,1,0,0,0,1,0,0,0.3146067415730337,0.11235955056179775,3,1
70,20,18,2,0,0,5,1,2,0,1,3,0,0,0,0,0,0,0,1,0,0.04285714285714286,0.18571428571428572,5,1
33,15,10,2,1,0,5,0,0,0,0,0,1,0,1,0,0,1,1,0,0,0.0,0.2727272727272727,3,1
49,26,16,2,0,0,4,0,0,0,0,0,0,0,0,0,0,0,1,0,0,0.0,0.14285714285714285,3,1
29,15,6,2,0,0,3,0,0,0,0,0,1,0,1,0,0,0,1,0,0,0.0,0.20689655172413793,3,0
109,29,1,2,1,1,3,1,0,0,0,20,1,0,1,0,0,0,0,0,0,0.1834862385321101,0.09174311926605505,3,1
40,15,6,2,0,0,3,1,1,0,0,3,1,0,1,0,0,0,0,0,0,0.075,0.2,3,0
24,16,1,2,1,0,3,0,0,0,0,0,1,0,0,0,0,1,0,1,0,0.0,0.2916666666666667,3,1
32,18,7,2,0,0,3,0,0,0,0,0,0,0,0,0,0,0,0,0,0,0.0,0.1875,3,1
66,18,41,1,2,0,9,0,0,0,0,3,0,0,0,0,0,1,1,0,0,0.045454545454545456,0.21212121212121213,2,1
58,18,33,2,0,0,8,0,0,0,0,0,0,0,0,0,0,0,0,0,0,0.0,0.1896551724137931,3,1
116,13,70,2,0,0,9,1,1,1,0,0,0,0,0,0,0,0,1,0,0,0.0,0.12931034482758622,3,1
80,27,45,2,0,0,7,0,0,3,0,0,0,0,1,0,0,0,0,1,0,0.0,0.1625,3,1
157,12,57,15,0,0,4,1,1,0,0,41,0,0,0,0,0,0,0,0,0,0.2611464968152866,0.15286624203821655,3,0
87,7,9,2,1,0,3,1,0,2,2,26,0,0,0,0,0,1,0,0,0,0.2988505747126437,0.16091954022988506,2,1
36,28,1,3,0,0,3,0,0,0,0,0,2,0,0,0,0,0,0,0,0,0.0,0.19444444444444445,3,1
62,39,16,2,3,0,4,0,0,0,0,0,1,0,0,0,0,1,0,0,0,0.0,0.16129032258064516,3,1
63,10,46,1,0,0,6,0,0,0,0,21,0,0,0,0,0,0,0,0,0,0.3333333333333333,0.12698412698412698,2,1
33,16,10,4,0,0,3,0,0,0,0,1,2,0,0,0,0,0,0,0,0,0.030303030303030304,0.24242424242424243,2,1
122,31,84,2,0,0,8,0,0,0,0,34,1,0,0,0,0,0,0,0,0,0.2786885245901639,0.09836065573770492,4,1
38,30,1,1,0,0,3,0,0,0,0,0,0,0,0,0,0,0,0,0,0,0.0,0.13157894736842105,3,1
58,31,19,3,3,0,4,0,0,0,0,4,1,0,1,0,0,1,0,0,0,0.06896551724137931,0.1896551724137931,2,1
54,45,1,4,2,0,3,0,0,0,0,5,3,0,1,0,0,1,0,0,0,0.09259259259259259,0.18518518518518517,2,1
123,15,26,3,1,4,4,1,5,0,4,28,1,0,0,0,0,0,0,0,0,0.22764227642276422,0.18699186991869918,2,0
49,9,32,1,3,0,5,0,0,0,0,0,0,0,1,0,0,0,1,0,0,0.0,0.20408163265306123,3,0
44,36,1,2,1,0,3,0,0,0,0,3,1,0,0,0,0,1,0,0,0,0.06818181818181818,0.1590909090909091,3,1
33,15,10,2,0,0,6,0,0,0,0,1,1,0,1,0,0,0,0,0,0,0.030303030303030304,0.2727272727272727,3,0
33,14,11,1,0,0,5,0,0,0,0,0,0,0,1,0,0,0,0,0,0,0.0,0.21212121212121213,3,1
45,15,22,3,0,0,5,0,0,0,0,1,1,0,1,0,0,0,0,0,0,0.022222222222222223,0.2,3,0
44,15,22,3,0,0,5,0,0,0,0,0,1,0,0,0,0,0,1,0,0,0.0,0.20454545454545456,2,1
38,10,20,1,0,0,5,0,0,0,0,0,0,0,1,0,0,0,0,0,0,0.0,0.18421052631578946,3,0
257,17,67,2,2,2,8,1,3,0,2,82,0,0,0,0,0,0,2,0,0,0.31906614785992216,0.08949416342412451,3,1
188,15,67,2,2,0,8,1,5,1,2,28,0,0,1,0,0,0,1,0,0,0.14893617021276595,0.1276595744680851,3,1
36,11,6,2,0,0,3,1,1,0,0,3,1,0,1,0,0,0,0,0,0,0.08333333333333333,0.2222222222222222,3,0
24,15,1,2,0,0,3,0,0,0,0,0,1,0,1,0,0,0,0,0,0,0.0,0.25,3,0
172,9,156,1,5,1,5,0,0,0,0,51,0,0,0,0,0,0,0,0,0,0.29651162790697677,0.31976744186046513,3,0
36,13,16,2,0,1,4,0,0,0,0,0,0,0,0,0,0,0,1,0,0,0.0,0.2222222222222222,3,1
60,16,36,7,0,0,6,0,0,0,0,0,0,0,1,0,0,0,0,0,0,0.0,0.23333333333333334,3,1
32,9,15,1,1,0,3,0,0,0,0,0,0,0,1,0,0,0,1,1,0,0.0,0.1875,3,0
75,11,56,1,1,1,10,0,0,0,0,0,0,0,1,0,0,0,0,0,0,0.0,0.18666666666666668,3,1
57,35,15,2,4,0,3,0,0,0,0,0,1,0,0,0,0,1,0,0,0,0.0,0.17543859649122806,3,1
34,17,9,1,1,0,3,0,0,0,0,0,0,0,1,0,0,1,0,0,0,0.0,0.17647058823529413,3,1
25,11,6,2,0,0,3,0,0,0,0,0,1,0,1,0,0,0,1,0,0,0.0,0.24,2,0
88,12,69,4,2,0,9,0,0,0,0,3,0,0,0,0,0,0,3,0,0,0.03409090909090909,0.18181818181818182,2,1
99,13,79,2,0,8,5,0,0,0,0,6,1,0,0,0,0,0,0,0,0,0.06060606060606061,0.16161616161616163,2,0
43,15,20,2,0,0,5,0,0,0,0,0,1,0,1,0,0,0,0,0,0,0.0,0.18604651162790697,3,0
59,19,32,2,3,0,5,0,0,0,0,0,1,0,1,0,0,0,0,0,0,0.0,0.1864406779661017,3,0
69,25,37,2,0,0,7,0,0,0,0,0,0,0,0,0,0,0,1,0,0,0.0,0.14492753623188406,3,1
111,15,89,1,11,0,7,0,0,0,0,8,0,0,0,0,0,0,0,0,0,0.07207207207207207,0.18018018018018017,3,0
45,23,14,2,1,0,4,0,0,0,0,0,1,0,1,0,0,0,0,0,0,0.0,0.17777777777777778,3,0
45,10,28,2,1,0,5,0,0,0,0,0,1,0,0,0,0,1,2,0,0,0.0,0.2,2,1
71,23,40,1,1,0,6,0,0,0,0,4,0,0,1,0,0,0,1,1,0,0.056338028169014086,0.1267605633802817,3,1
54,13,33,2,0,2,6,0,1,0,0,5,1,0,1,0,0,0,0,0,0,0.09259259259259259,0.2222222222222222,3,0
62,20,35,3,1,0,6,0,0,0,0,0,1,0,0,0,0,0,1,0,0,0.0,0.1774193548387097,3,1
24,15,1,2,0,0,3,0,0,0,0,0,1,0,1,0,0,0,0,0,0,0.0,0.25,3,0
32,12,12,2,0,0,4,0,0,0,0,0,1,0,1,0,0,0,0,0,0,0.0,0.21875,3,0
40,15,6,2,0,0,3,1,1,0,0,3,1,0,1,0,0,0,0,0,0,0.075,0.2,3,0
47,33,1,3,1,0,3,1,1,0,0,1,2,0,1,0,0,1,2,0,0,0.02127659574468085,0.2127659574468085,2,1
22,6,8,1,0,0,3,0,0,0,0,3,0,0,1,0,0,0,0,0,1,0.13636363636363635,0.22727272727272727,2,1
153,12,57,12,0,0,4,1,1,0,0,39,0,0,0,0,0,0,0,0,0,0.2549019607843137,0.13725490196078433,3,0
272,9,256,1,5,0,6,0,0,0,0,86,0,0,0,0,0,0,0,0,0,0.3161764705882353,0.33455882352941174,3,0
33,13,12,2,0,0,4,0,0,0,0,0,1,0,1,0,0,0,0,0,0,0.0,0.21212121212121213,3,0
54,14,32,2,3,0,5,0,0,0,0,0,1,0,1,0,0,0,0,0,0,0.0,0.2037037037037037,3,0
32,16,8,2,0,0,3,0,0,0,0,0,1,0,1,0,0,0,0,0,0,0.0,0.1875,3,0
57,20,30,2,1,0,6,0,0,0,0,0,1,0,0,0,0,0,0,0,0,0.0,0.17543859649122806,3,1
78,14,57,1,1,0,6,0,0,0,0,19,0,0,0,0,0,1,0,0,0,0.24358974358974358,0.11538461538461539,2,1
26,18,1,2,0,0,3,0,0,0,0,1,1,0,0,0,0,0,0,1,0,0.038461538461538464,0.23076923076923078,3,1
56,19,30,2,0,0,5,0,0,0,0,1,0,0,0,0,0,0,0,0,0,0.017857142857142856,0.14285714285714285,3,1
110,7,14,2,0,0,3,1,1,0,0,15,0,0,0,0,0,0,0,0,0,0.13636363636363635,0.07272727272727272,2,1
28,13,7,2,0,0,3,0,0,0,0,0,1,0,1,0,0,0,0,1,0,0.0,0.21428571428571427,3,0
32,14,10,2,0,0,6,0,0,0,0,1,1,0,1,0,0,0,0,0,0,0.03125,0.28125,3,0
32,14,11,3,0,0,4,0,0,0,0,0,1,0,0,0,0,0,0,0,0,0.0,0.25,3,1
389,18,58,2,1,0,5,1,2,0,0,39,0,0,0,0,0,0,1,0,0,0.10025706940874037,0.030848329048843187,3,1
48,33,7,2,0,0,3,0,0,0,0,0,1,0,1,0,0,0,0,0,0,0.0,0.125,3,1
116,17,92,1,9,0,7,0,0,0,0,0,0,0,0,0,0,0,0,0,0,0.0,0.15517241379310345,3,0
23,14,1,2,0,0,3,0,0,0,0,0,1,0,1,0,0,0,0,0,0,0.0,0.2608695652173913,3,0
56,16,32,2,3,0,5,0,0,0,0,0,1,0,1,0,0,0,0,1,0,0.0,0.19642857142857142,3,0
34,14,12,2,0,0,4,0,0,0,0,0,1,0,1,0,0,0,0,0,0,0.0,0.20588235294117646,3,0
33,19,6,3,0,0,3,0,0,0,0,0,2,0,1,0,0,0,1,1,0,0.0,0.21212121212121213,3,0
89,11,71,1,10,0,4,0,0,0,0,0,0,0,0,0,0,0,0,0,0,0.0,0.1797752808988764,3,0
202,7,30,9,1,0,8,2,10,1,8,42,0,0,0,0,0,1,0,0,0,0.2079207920792079,0.2376237623762376,2,1
36,13,15,2,1,0,3,0,0,0,0,0,1,0,1,0,0,0,1,0,0,0.0,0.19444444444444445,3,0
88,12,69,2,9,0,3,0,0,0,0,11,0,0,0,0,0,0,0,0,0,0.125,0.17045454545454544,3,0
21,12,1,1,0,0,3,0,0,0,0,0,0,0,1,0,0,0,0,0,0,0.0,0.23809523809523808,3,0
60,15,37,2,4,0,5,0,0,0,0,4,1,0,1,0,0,0,0,0,0,0.06666666666666667,0.2,3,0
41,13,20,1,0,0,6,0,0,0,0,4,0,0,1,0,0,0,0,0,0,0.0975609756097561,0.1951219512195122,3,1
89,13,68,2,2,0,7,0,0,0,0,0,0,0,1,0,0,0,0,1,0,0.0,0.1348314606741573,2,0
28,19,1,1,0,0,3,0,0,0,0,0,0,0,1,0,0,0,0,0,0,0.0,0.17857142857142858,3,0
62,17,37,2,4,0,5,0,0,0,0,4,1,0,1,0,0,0,0,0,0,0.06451612903225806,0.1935483870967742,3,0
126,32,86,8,0,0,7,0,0,0,0,15,1,0,1,0,0,0,0,0,0,0.11904761904761904,0.12698412698412698,3,1
56,11,37,2,4,0,5,0,0,0,0,4,1,0,1,0,0,0,0,0,0,0.07142857142857142,0.21428571428571427,3,0
40,13,19,1,0,0,5,0,0,0,0,4,0,0,1,0,0,0,0,0,0,0.1,0.175,3,1
32,11,13,1,0,0,5,0,0,0,0,3,0,0,1,0,0,0,0,0,0,0.09375,0.21875,3,1
35,15,13,1,0,0,5,0,0,0,0,1,0,0,0,0,0,0,0,0,0,0.02857142857142857,0.2,3,1
41,23,10,2,0,0,6,0,0,0,0,1,1,0,1,0,0,0,0,0,0,0.024390243902439025,0.21951219512195122,3,0
37,7,22,1,0,1,4,0,0,0,0,0,0,0,1,0,0,0,0,0,0,0.0,0.1891891891891892,3,0
36,22,6,2,0,0,3,0,0,0,0,0,1,0,1,0,0,0,1,0,0,0.0,0.16666666666666666,3,0
120,13,100,1,8,0,6,0,0,0,0,46,0,0,0,0,0,0,0,0,0,0.38333333333333336,0.13333333333333333,3,0
121,11,103,2,15,0,7,0,0,0,0,19,1,0,0,0,0,0,0,0,0,0.15702479338842976,0.2066115702479339,2,0
43,35,1,2,3,0,3,0,0,0,0,0,1,0,0,0,0,1,1,1,0,0.0,0.20930232558139536,2,1
102,7,1,3,1,0,3,1,2,0,1,17,0,0,0,0,0,0,0,0,0,0.16666666666666666,0.18627450980392157,2,1
133,27,99,2,2,0,12,0,0,0,0,0,1,0,0,0,0,0,2,0,0,0.0,0.12781954887218044,3,1
52,32,13,2,1,0,6,0,0,0,0,0,1,0,0,0,0,1,0,0,0,0.0,0.19230769230769232,3,1
87,15,65,1,0,0,12,0,0,0,0,20,0,0,0,0,0,0,0,0,0,0.22988505747126436,0.16091954022988506,3,0
63,12,43,2,0,0,7,0,0,0,0,2,0,0,1,0,0,0,0,0,0,0.031746031746031744,0.1746031746031746,3,1
28,8,12,1,0,0,4,0,0,0,0,0,0,0,1,0,0,0,0,0,0,0.0,0.21428571428571427,3,0
255,10,105,3,4,4,10,1,3,0,2,40,0,0,0,0,0,0,3,0,0,0.1568627450980392,0.11764705882352941,3,1
107,13,31,1,2,3,5,1,3,0,2,1,0,0,0,0,0,0,0,0,0,0.009345794392523364,0.16822429906542055,3,0
52,11,33,2,0,2,6,0,1,0,0,5,1,0,1,0,0,0,0,0,0,0.09615384615384616,0.23076923076923078,3,0
76,18,51,3,1,0,5,0,0,0,1,21,2,0,0,0,0,0,0,0,0,0.27631578947368424,0.15789473684210525,2,1
40,27,5,2,0,0,3,0,0,0,0,0,1,0,1,0,0,0,0,0,0,0.0,0.15,3,0
36,19,9,2,0,0,3,0,0,0,0,0,1,0,1,0,0,0,0,0,0,0.0,0.16666666666666666,3,0
28,13,7,2,0,0,3,0,0,0,0,2,1,0,1,0,0,0,0,0,0,0.07142857142857142,0.21428571428571427,4,1
63,13,42,1,1,0,5,0,1,0,0,0,0,0,1,0,0,0,2,0,0,0.0,0.14285714285714285,3,1
28,13,7,2,0,0,3,0,0,0,0,2,1,0,1,0,0,0,0,0,0,0.07142857142857142,0.21428571428571427,4,1
31,22,1,2,0,0,3,0,0,0,0,2,1,0,1,0,0,0,0,0,0,0.06451612903225806,0.1935483870967742,3,1
46,21,18,1,0,0,7,0,0,0,0,3,0,0,0,0,0,0,0,0,0,0.06521739130434782,0.1956521739130435,3,1
54,34,13,2,0,0,4,0,0,0,0,1,1,0,0,0,0,0,0,0,0,0.018518518518518517,0.12962962962962962,4,1
30,13,9,2,0,0,3,0,0,0,0,0,1,0,1,0,0,0,0,0,0,0.0,0.2,3,0
36,28,0,2,0,0,2,0,0,0,0,3,1,0,1,0,0,0,0,0,0,0.08333333333333333,0.1388888888888889,3,1
86,6,66,1,1,0,6,1,1,0,0,17,0,0,0,0,0,0,0,0,0,0.19767441860465115,0.3372093023255814,2,0
53,23,22,2,0,1,4,0,0,0,0,0,1,0,1,0,0,0,0,0,0,0.0,0.1509433962264151,3,0
44,21,16,2,0,0,4,0,0,0,0,0,0,0,0,0,0,0,0,0,0,0.0,0.1590909090909091,3,1
45,21,17,2,0,0,5,0,0,0,0,0,1,0,0,0,0,0,0,0,0,0.0,0.17777777777777778,3,1
111,19,67,5,0,1,7,1,1,0,0,0,0,0,1,0,0,0,1,0,0,0.0,0.14414414414414414,2,1
42,19,16,1,0,0,4,0,0,0,0,0,0,0,0,0,0,0,0,0,0,0.0,0.14285714285714285,3,1
43,18,6,2,0,0,3,1,1,0,0,3,1,0,1,0,0,0,0,1,0,0.06976744186046512,0.18604651162790697,3,0
49,19,23,2,0,0,6,0,0,0,0,12,1,0,0,0,0,0,1,0,0,0.24489795918367346,0.1836734693877551,3,1
28,15,5,2,0,0,3,0,0,0,0,0,1,0,1,0,0,0,0,0,0,0.0,0.21428571428571427,3,0
84,17,60,2,1,1,7,0,0,0,0,6,0,0,0,0,0,0,1,0,0,0.07142857142857142,0.14285714285714285,2,1
27,11,8,2,0,0,3,0,0,0,0,0,1,0,1,0,0,0,0,0,0,0.0,0.2222222222222222,3,0
43,27,9,3,0,0,3,0,0,0,0,0,1,0,0,0,0,0,1,0,0,0.0,0.16279069767441862,3,1
29,11,10,2,0,0,6,0,0,0,0,1,1,0,1,0,0,0,0,0,0,0.034482758620689655,0.3103448275862069,3,0
65,12,15,2,0,0,5,1,1,1,0,0,0,0,1,0,0,0,1,0,0,0.0,0.16923076923076924,3,1
25,11,6,2,0,0,3,0,0,0,0,0,1,0,1,0,0,0,1,0,0,0.0,0.24,3,0
33,15,10,2,0,0,6,0,0,0,0,1,1,0,1,0,0,0,0,0,0,0.030303030303030304,0.2727272727272727,3,0
37,28,1,2,1,0,3,0,0,0,0,0,1,0,1,0,0,1,0,0,0,0.0,0.1891891891891892,3,1
37,17,12,2,0,0,4,0,0,0,0,0,1,0,1,0,0,0,0,0,0,0.0,0.1891891891891892,3,0
144,33,94,2,3,3,7,1,1,0,0,9,1,0,1,0,0,1,0,0,0,0.0625,0.1388888888888889,3,1
33,11,14,1,0,0,3,0,0,0,0,0,0,0,1,0,0,0,0,0,0,0.0,0.15151515151515152,3,1
45,15,22,3,0,0,5,0,0,0,0,1,1,0,1,0,0,0,0,0,0,0.022222222222222223,0.2,3,0
19,11,1,1,0,0,3,0,0,0,0,0,0,0,0,0,0,0,0,0,0,0.0,0.2631578947368421,2,1
73,22,44,1,1,0,8,0,0,0,0,3,0,0,0,0,0,0,3,1,0,0.0410958904109589,0.1506849315068493,3,1
38,16,14,2,1,0,4,0,0,0,0,0,1,0,1,0,0,0,0,0,0,0.0,0.21052631578947367,3,0
37,17,12,2,0,0,4,0,0,0,0,0,1,0,1,0,0,0,0,0,0,0.0,0.1891891891891892,3,0
31,23,0,2,0,0,2,0,0,0,0,0,1,0,1,0,0,0,0,0,0,0.0,0.16129032258064516,3,0
45,15,22,2,0,1,4,0,0,0,0,0,1,0,1,0,0,0,0,0,0,0.0,0.17777777777777778,3,0
50,23,19,1,0,0,5,0,0,0,0,0,0,0,1,0,0,0,0,0,0,0.0,0.14,3,1
30,14,8,2,0,0,3,0,0,0,0,0,1,0,1,0,0,0,0,1,0,0.0,0.2,3,0
35,26,1,2,0,0,3,0,0,0,0,0,1,0,1,0,0,0,0,0,0,0.0,0.17142857142857143,3,0
138,15,27,1,1,2,4,1,2,0,1,6,0,0,0,0,0,0,0,0,0,0.043478260869565216,0.17391304347826086,3,0
33,15,10,2,0,0,6,0,0,0,0,1,1,0,1,0,0,0,0,0,0,0.030303030303030304,0.2727272727272727,3,0
46,18,20,2,0,0,5,0,0,0,0,0,1,0,1,0,0,0,0,0,0,0.0,0.17391304347826086,3,0
39,21,10,2,0,0,6,0,0,0,0,1,1,0,1,0,0,0,0,0,0,0.02564102564102564,0.23076923076923078,3,0
35,19,8,2,0,0,3,0,0,0,0,0,1,0,1,0,0,0,0,0,0,0.0,0.17142857142857143,3,0
45,30,8,3,0,0,5,0,0,0,0,0,2,0,0,0,0,0,0,0,0,0.0,0.2,2,1
54,17,14,2,0,1,5,1,1,0,0,3,1,0,0,0,0,0,0,0,0,0.05555555555555555,0.2037037037037037,3,1
86,16,62,2,1,0,9,0,0,0,0,0,0,0,1,0,0,0,0,1,0,0.0,0.1511627906976744,3,1
294,23,30,2,2,0,5,1,0,0,0,195,0,0,1,0,0,0,1,0,0,0.6632653061224489,0.03741496598639456,3,1
31,17,6,2,0,0,3,0,0,0,0,0,1,0,1,0,0,0,0,1,0,0.0,0.1935483870967742,3,0
48,41,0,5,0,0,2,0,0,0,0,5,4,0,0,0,0,0,0,0,0,0.10416666666666667,0.16666666666666666,2,1
54,13,33,2,0,2,6,0,1,0,0,5,1,0,1,0,0,0,0,0,0,0.09259259259259259,0.2222222222222222,3,0
35,12,15,1,0,0,4,0,0,0,0,4,0,0,1,0,0,0,0,0,0,0.11428571428571428,0.17142857142857143,3,0
35,18,9,2,0,0,3,0,0,0,0,0,1,0,1,0,0,0,0,0,0,0.0,0.17142857142857143,3,0
29,20,1,2,0,0,3,0,0,0,0,0,1,0,1,0,0,0,0,0,0,0.0,0.20689655172413793,2,1
21,8,5,1,0,0,3,0,0,0,0,0,0,0,1,0,0,0,0,0,0,0.0,0.23809523809523808,3,0
151,30,38,6,4,0,7,1,2,1,1,26,1,0,1,0,0,0,0,1,0,0.17218543046357615,0.16556291390728478,3,1
17,8,1,1,0,0,3,0,0,0,0,0,0,0,1,0,0,0,0,0,0,0.0,0.29411764705882354,3,0
160,7,146,1,1,0,6,0,0,0,0,44,0,0,0,0,0,0,0,0,0,0.275,0.3,3,0
32,11,14,2,0,0,4,0,0,0,0,0,0,0,0,0,0,0,0,0,0,0.0,0.21875,3,1
90,14,9,4,0,0,3,1,2,0,1,3,1,0,1,0,0,0,2,0,0,0.03333333333333333,0.16666666666666666,2,0
60,20,32,2,0,0,6,0,0,0,0,0,0,0,1,0,0,0,0,0,0,0.0,0.15,3,1
41,21,12,2,0,0,4,0,0,0,0,0,1,0,1,0,0,0,0,0,0,0.0,0.17073170731707318,3,0
273,20,50,17,1,1,6,2,6,1,10,68,2,0,0,0,0,1,1,0,0,0.2490842490842491,0.16483516483516483,2,1
96,8,81,1,11,0,6,0,0,0,0,7,0,0,0,0,0,0,0,0,0,0.07291666666666667,0.19791666666666666,3,0
21,13,1,1,0,0,3,0,0,0,0,0,0,0,0,0,0,0,0,0,0,0.0,0.23809523809523808,3,1
110,15,88,2,2,0,5,0,0,0,0,22,0,0,0,0,0,0,0,0,0,0.2,0.22727272727272727,2,0
396,68,10,19,10,1,5,2,13,0,11,74,6,0,0,0,0,1,2,0,0,0.18686868686868688,0.1893939393939394,3,1
97,14,76,3,1,1,10,0,0,0,0,5,1,0,0,0,0,0,2,0,0,0.05154639175257732,0.16494845360824742,3,1
35,17,10,2,0,0,6,0,0,0,0,1,1,0,1,0,0,0,0,0,0,0.02857142857142857,0.2571428571428571,3,0
45,23,14,5,0,0,3,0,0,0,0,0,3,0,1,0,0,0,0,0,0,0.0,0.2,2,1
179,30,84,5,4,0,7,1,2,0,1,41,1,0,1,0,0,0,0,1,0,0.22905027932960895,0.16201117318435754,3,1
113,15,91,2,11,0,6,0,0,0,0,0,1,0,0,0,0,0,0,0,0,0.0,0.17699115044247787,2,0
53,13,32,2,3,0,5,0,0,0,0,0,1,0,1,0,0,0,0,1,0,0.0,0.20754716981132076,3,0
53,17,29,2,1,0,5,0,0,0,0,0,0,0,0,0,0,0,0,0,0,0.0,0.16981132075471697,2,1
25,8,9,1,0,0,3,0,0,0,0,0,0,0,1,0,0,0,0,0,0,0.0,0.2,3,0
54,13,33,2,0,2,6,0,1,0,0,5,1,0,1,0,0,0,0,0,0,0.09259259259259259,0.2222222222222222,3,0
132,33,65,3,1,1,10,1,2,0,1,11,1,0,1,0,0,0,1,0,0,0.08333333333333333,0.1590909090909091,3,1
32,15,9,2,0,0,3,0,0,0,0,0,1,0,1,0,0,0,0,0,0,0.0,0.1875,3,0
64,12,5,2,0,0,3,1,1,1,1,3,0,0,1,0,0,0,0,0,0,0.046875,0.171875,3,1
36,16,11,1,0,0,4,0,0,0,0,0,0,0,1,0,0,0,0,0,0,0.0,0.19444444444444445,3,1
56,32,17,3,3,0,3,0,0,0,0,1,2,0,0,0,0,1,0,0,0,0.017857142857142856,0.17857142857142858,4,1
44,16,20,2,0,0,5,0,0,0,0,0,1,0,1,0,0,0,0,0,0,0.0,0.18181818181818182,3,0
37,12,6,2,0,0,3,1,1,0,0,3,1,0,1,0,0,0,0,0,0,0.08108108108108109,0.21621621621621623,3,0
22,14,0,2,0,0,2,0,0,0,0,0,1,0,1,0,0,0,0,0,0,0.0,0.22727272727272727,3,0
98,10,71,1,11,0,4,1,1,0,0,8,0,0,1,0,0,0,0,0,0,0.08163265306122448,0.19387755102040816,3,0
28,14,6,2,0,0,3,0,0,0,0,0,1,0,1,0,0,0,1,0,0,0.0,0.21428571428571427,3,0
71,22,41,3,2,0,4,0,0,0,0,9,1,0,1,0,0,0,0,1,0,0.1267605633802817,0.14084507042253522,3,1
38,16,14,2,1,0,4,0,0,0,0,0,1,0,1,0,0,0,0,0,0,0.0,0.21052631578947367,3,0
59,33,18,5,1,0,4,0,0,0,0,4,3,0,1,0,0,1,0,0,0,0.06779661016949153,0.1864406779661017,3,1
48,41,0,6,0,0,2,0,0,0,0,0,5,0,0,0,0,0,1,0,0,0.0,0.1875,2,1
41,11,22,2,0,1,4,0,0,0,0,0,1,0,1,0,0,0,0,0,0,0.0,0.1951219512195122,3,0
67,27,31,2,1,0,5,1,1,0,0,0,0,0,0,0,0,0,1,0,0,0.0,0.16417910447761194,3,1
35,16,11,2,0,0,3,0,0,0,0,1,1,0,1,0,0,0,0,0,0,0.02857142857142857,0.17142857142857143,4,1
32,13,12,2,0,0,4,0,0,0,0,0,0,0,0,0,0,0,0,0,0,0.0,0.21875,3,1
57,12,37,2,4,0,5,0,0,0,0,4,1,0,1,0,0,0,0,0,0,0.07017543859649122,0.21052631578947367,3,0
33,8,17,1,0,0,3,0,0,0,0,4,0,0,1,0,0,0,0,0,0,0.12121212121212122,0.15151515151515152,2,1
30,12,10,2,0,0,6,0,0,0,0,1,1,0,1,0,0,0,0,0,0,0.03333333333333333,0.3,3,0
61,17,37,1,1,0,7,0,0,0,0,0,0,0,0,0,0,0,0,0,0,0.0,0.16393442622950818,3,1
99,15,76,2,0,1,7,0,0,0,0,6,1,0,1,0,0,0,0,1,0,0.06060606060606061,0.1111111111111111,3,1
38,15,15,2,0,0,4,0,0,0,0,4,1,0,1,0,0,0,0,0,0,0.10526315789473684,0.18421052631578946,3,0
45,19,18,1,0,0,5,0,0,0,0,0,0,0,1,0,0,0,0,0,0,0.0,0.15555555555555556,3,1
35,15,12,2,0,0,4,0,0,0,0,0,1,0,1,0,0,0,0,0,0,0.0,0.2,3,0
26,12,6,1,0,0,3,0,0,0,0,0,0,0,1,0,0,0,1,0,0,0.0,0.19230769230769232,3,0
33,21,5,2,1,0,3,0,0,0,0,0,1,0,0,0,0,1,0,1,0,0.0,0.21212121212121213,3,1
37,30,0,2,0,0,2,0,0,0,0,9,1,0,0,0,0,0,0,0,0,0.24324324324324326,0.13513513513513514,3,1
46,12,27,2,0,0,4,0,0,0,0,0,0,0,0,0,0,0,0,1,0,0.0,0.15217391304347827,3,1
132,13,56,1,11,3,5,1,3,0,2,1,0,0,0,0,0,0,0,0,0,0.007575757575757576,0.20454545454545456,3,0
64,10,46,1,0,0,6,0,0,0,0,23,0,0,1,0,0,0,0,0,0,0.359375,0.125,2,1
34,14,12,2,0,0,4,0,0,0,0,0,1,0,1,0,0,0,0,0,0,0.0,0.20588235294117646,3,0
34,16,10,2,0,0,6,0,0,0,0,1,1,0,1,0,0,0,0,0,0,0.029411764705882353,0.2647058823529412,3,0
53,19,26,1,2,0,5,0,0,0,0,0,0,0,1,0,0,0,0,0,0,0.0,0.16981132075471697,3,1
136,12,57,9,0,0,4,1,1,0,0,36,0,0,0,0,0,0,0,0,0,0.2647058823529412,0.1323529411764706,3,0
51,21,22,3,0,0,5,0,0,0,0,1,1,0,1,0,0,0,0,1,0,0.0196078431372549,0.17647058823529413,3,0
57,17,32,2,3,0,5,0,0,0,0,0,1,0,1,0,0,0,0,0,0,0.0,0.19298245614035087,3,0
48,7,33,1,1,0,4,0,0,0,0,7,0,0,1,0,0,0,0,0,0,0.14583333333333334,0.16666666666666666,2,1
62,17,37,4,0,0,4,0,0,0,0,0,0,0,1,0,0,0,1,0,0,0.0,0.14516129032258066,3,1
33,18,8,2,0,0,5,0,0,0,0,1,1,0,0,0,0,0,0,0,0,0.030303030303030304,0.24242424242424243,2,1
31,18,5,2,0,0,3,0,0,0,0,0,1,0,1,0,0,0,0,0,0,0.0,0.1935483870967742,3,0
37,15,14,2,1,0,4,0,0,0,0,0,1,0,1,0,0,0,0,0,0,0.0,0.21621621621621623,3,0
33,18,7,2,0,0,3,0,0,0,0,0,1,0,1,0,0,0,0,0,0,0.0,0.18181818181818182,3,0
29,15,6,2,0,0,3,0,0,0,0,0,1,0,1,0,0,0,1,0,0,0.0,0.20689655172413793,3,0
76,18,51,3,1,0,5,0,0,0,1,18,2,0,0,0,0,0,0,0,0,0.23684210526315788,0.15789473684210525,2,1
60,22,30,2,0,0,7,0,0,0,0,0,1,0,1,0,0,0,0,1,0,0.0,0.16666666666666666,2,1
30,15,7,2,0,0,3,0,0,0,0,0,1,0,1,0,0,0,0,0,0,0.0,0.2,3,0
99,26,66,2,1,1,7,0,0,0,0,10,1,0,0,0,0,0,2,0,0,0.10101010101010101,0.12121212121212122,3,1
30,12,10,1,0,0,6,0,0,0,0,1,0,0,1,0,0,0,0,0,0,0.03333333333333333,0.26666666666666666,3,0
74,16,51,1,1,0,5,0,0,0,0,17,0,0,0,0,0,0,0,0,0,0.22972972972972974,0.10810810810810811,2,1
96,10,79,2,3,0,6,0,0,0,0,0,0,0,0,0,0,0,0,1,0,0.0,0.125,3,1
71,31,33,3,3,1,5,0,0,0,0,0,2,0,0,0,0,1,0,0,0,0.0,0.18309859154929578,2,1
57,16,33,2,0,2,6,0,1,0,0,5,1,0,1,0,0,0,0,0,0,0.08771929824561403,0.21052631578947367,3,0
35,15,12,2,0,0,4,0,0,0,0,0,1,0,1,0,0,0,0,0,0,0.0,0.2,3,0
93,10,16,5,0,0,9,2,1,0,0,2,0,0,0,0,0,0,1,0,0,0.021505376344086023,0.1935483870967742,3,1
118,22,88,2,1,5,7,0,0,0,0,5,1,0,1,0,0,1,0,0,0,0.0423728813559322,0.15254237288135594,3,1
20,11,1,2,0,0,3,0,0,0,0,0,1,0,1,0,0,0,0,0,0,0.0,0.3,3,0
91,21,34,2,1,0,7,1,1,1,0,0,0,0,0,0,0,1,1,0,0,0.0,0.15384615384615385,2,1
100,14,79,2,7,0,8,0,0,0,0,9,0,0,0,0,0,0,0,0,0,0.09,0.18,3,0
87,15,65,1,0,0,12,0,0,0,0,21,0,0,0,0,0,0,0,0,0,0.2413793103448276,0.16091954022988506,3,0
48,24,16,3,0,0,4,0,0,0,0,0,2,0,1,0,0,0,0,0,0,0.0,0.16666666666666666,2,1
43,18,6,2,0,0,3,1,1,0,0,3,1,0,1,0,0,0,0,0,0,0.06976744186046512,0.18604651162790697,3,0
92,7,66,1,1,0,10,1,1,0,0,0,0,0,0,0,0,0,0,0,0,0.0,0.16304347826086957,2,1
41,16,6,2,0,0,3,1,1,0,0,3,1,0,1,0,0,0,0,0,0,0.07317073170731707,0.1951219512195122,3,0
30,12,10,2,0,0,6,0,0,0,0,1,1,0,1,0,0,0,0,0,0,0.03333333333333333,0.3,3,0
154,11,6,2,5,0,3,1,2,0,1,5,0,0,1,0,0,0,0,0,0,0.032467532467532464,0.16883116883116883,3,0
31,23,1,1,0,0,3,0,0,0,0,0,0,0,0,0,0,0,2,1,0,0.0,0.16129032258064516,3,1
52,22,22,5,1,1,4,0,0,0,0,0,3,0,1,0,0,1,0,1,0,0.0,0.23076923076923078,2,1
85,21,56,3,0,0,5,0,0,0,0,16,1,0,1,0,0,0,0,0,0,0.18823529411764706,0.10588235294117647,2,1
39,14,6,2,0,0,3,1,1,0,0,3,1,0,1,0,0,0,0,0,0,0.07692307692307693,0.20512820512820512,3,0
47,16,24,1,1,0,7,0,0,0,0,0,0,0,0,0,0,0,0,0,0,0.0,0.2127659574468085,3,1
104,17,61,3,1,0,10,1,1,1,0,0,0,0,0,0,0,0,0,0,0,0.0,0.17307692307692307,2,1
38,15,15,2,0,0,4,0,0,0,0,4,1,0,1,0,0,0,0,0,0,0.10526315789473684,0.18421052631578946,3,0
16,8,0,1,0,0,2,0,0,0,0,0,0,0,1,0,0,0,0,0,0,0.0,0.25,3,0
28,21,0,1,3,0,2,0,0,0,0,4,0,0,0,0,0,1,0,0,0,0.14285714285714285,0.25,3,1
72,17,48,4,2,0,6,0,0,0,0,0,1,0,0,0,0,0,0,0,0,0.0,0.18055555555555555,2,1
45,22,15,2,1,0,3,0,0,0,0,0,1,0,1,0,0,0,1,0,0,0.0,0.15555555555555556,3,0
55,14,33,2,0,2,6,0,1,0,0,5,1,0,1,0,0,0,0,0,0,0.09090909090909091,0.21818181818181817,3,0
184,29,21,3,11,0,5,1,3,0,2,9,1,0,1,0,0,1,0,1,0,0.04891304347826087,0.14130434782608695,3,1
54,13,33,2,0,2,6,0,1,0,0,5,1,0,1,0,0,0,0,1,0,0.09259259259259259,0.2222222222222222,3,0
25,9,8,1,0,0,3,0,0,0,0,0,0,0,1,0,0,0,1,0,0,0.0,0.2,3,0
30,21,1,2,1,0,3,0,0,0,0,0,1,0,1,0,0,1,0,0,0,0.0,0.23333333333333334,3,1
31,18,5,2,0,0,3,0,0,0,0,0,1,0,1,0,0,0,0,0,0,0.0,0.1935483870967742,3,0
97,10,80,1,5,0,7,0,0,0,0,30,0,0,0,0,0,0,0,0,0,0.30927835051546393,0.14432989690721648,3,0
32,20,4,2,0,0,4,0,0,0,0,0,1,0,1,0,0,0,0,0,0,0.0,0.21875,3,1
56,15,33,2,0,2,6,0,1,0,0,5,1,0,1,0,0,0,0,0,0,0.08928571428571429,0.21428571428571427,3,0
30,13,9,2,0,0,3,0,0,0,0,0,1,0,1,0,0,0,0,0,0,0.0,0.2,3,0
32,23,1,2,1,0,3,0,0,0,0,0,1,0,1,0,0,1,1,1,0,0.0,0.21875,3,1
71,21,43,2,0,0,14,0,0,0,0,6,1,0,0,0,0,0,1,1,0,0.08450704225352113,0.23943661971830985,3,1
42,14,20,2,0,0,5,0,0,0,0,0,0,0,1,0,0,0,1,0,0,0.0,0.19047619047619047,3,1
21,13,0,2,0,0,2,0,0,0,0,0,1,0,1,0,0,0,0,0,0,0.0,0.23809523809523808,3,0
38,15,15,2,1,0,3,0,0,0,0,0,1,0,1,0,0,0,1,0,0,0.0,0.18421052631578946,3,0
28,13,7,1,0,0,4,0,0,0,0,0,0,0,1,0,0,0,0,0,0,0.0,0.21428571428571427,3,1
143,9,127,1,3,0,6,0,0,0,0,44,0,0,0,0,0,0,0,0,0,0.3076923076923077,0.32867132867132864,3,0
51,23,20,2,0,0,5,0,0,0,0,0,1,0,1,0,0,0,0,0,0,0.0,0.1568627450980392,3,0
59,14,37,2,4,0,5,0,0,0,0,4,1,0,1,0,0,0,0,0,0,0.06779661016949153,0.2033898305084746,3,0
47,17,22,3,0,0,5,0,0,0,0,1,1,0,1,0,0,0,0,0,0,0.02127659574468085,0.19148936170212766,3,0
72,14,51,4,3,0,8,0,0,0,0,1,2,0,0,0,0,0,0,0,0,0.013888888888888888,0.2222222222222222,2,1
36,11,17,1,0,0,6,0,0,0,0,3,0,0,1,0,0,0,0,0,0,0.08333333333333333,0.2222222222222222,3,1
20,11,1,1,0,0,3,0,0,0,0,0,0,0,1,0,0,0,0,0,0,0.0,0.25,3,1
231,15,41,3,2,1,7,1,3,0,2,96,1,0,0,0,0,0,1,0,0,0.4155844155844156,0.1038961038961039,3,1
49,13,28,2,1,0,6,0,0,0,0,0,1,0,1,0,0,0,0,0,0,0.0,0.20408163265306123,2,1
27,16,4,1,0,0,4,0,0,0,0,0,0,0,0,0,0,0,0,0,0,0.0,0.2222222222222222,3,1
52,14,31,1,0,0,6,0,1,0,0,6,0,0,0,0,0,0,0,0,0,0.11538461538461539,0.17307692307692307,3,1
77,31,38,2,4,0,7,0,0,0,0,9,1,0,1,0,0,1,0,0,0,0.11688311688311688,0.18181818181818182,3,1
43,18,6,2,0,0,3,1,1,0,0,3,1,0,1,0,0,0,0,0,0,0.06976744186046512,0.18604651162790697,3,0
30,14,8,2,0,0,3,0,0,0,0,0,1,0,1,0,0,0,0,0,0,0.0,0.2,3,0
44,24,12,3,0,0,3,0,0,0,0,0,1,0,1,0,0,0,2,0,0,0.0,0.1590909090909091,3,1
36,22,6,1,0,0,4,0,0,0,0,0,0,0,1,0,0,0,1,0,0,0.0,0.16666666666666666,3,1
39,16,15,2,1,0,3,0,0,0,0,0,1,0,1,0,0,0,1,0,0,0.0,0.1794871794871795,3,0
125,20,72,3,1,0,12,1,1,0,0,5,1,0,0,0,0,0,0,0,0,0.04,0.152,3,1
97,17,11,3,6,0,3,1,1,0,0,10,0,0,0,0,0,0,1,0,0,0.10309278350515463,0.17525773195876287,3,0
22,8,6,1,0,0,3,0,0,0,0,0,0,0,1,0,0,0,1,0,0,0.0,0.22727272727272727,3,0
38,8,22,1,0,1,4,0,0,0,0,0,0,0,1,0,0,0,0,0,0,0.0,0.18421052631578946,3,0
128,22,48,1,1,0,5,1,3,0,0,32,0,0,1,0,0,0,1,0,0,0.25,0.09375,3,1
55,48,0,4,1,0,2,0,0,0,0,0,3,0,0,0,0,1,0,0,0,0.0,0.14545454545454545,3,1
29,16,5,2,0,0,3,0,0,0,0,0,1,0,1,0,0,0,0,0,0,0.0,0.20689655172413793,3,0
90,23,60,5,0,0,7,0,0,0,0,19,2,0,0,0,1,0,0,0,0,0.2111111111111111,0.14444444444444443,3,1
245,13,58,2,1,1,6,1,3,0,2,104,0,0,1,0,0,0,1,0,0,0.42448979591836733,0.07755102040816327,4,1
180,37,12,6,2,0,5,2,1,0,0,73,4,0,0,0,0,0,5,0,0,0.40555555555555556,0.09444444444444444,2,1
40,15,6,2,0,0,3,1,1,0,0,3,1,0,1,0,0,0,0,0,0,0.075,0.2,3,0
83,10,66,2,11,0,4,0,0,0,0,9,0,0,0,0,0,0,0,0,0,0.10843373493975904,0.21686746987951808,2,0
40,20,13,1,0,0,5,0,0,0,0,0,0,0,0,0,0,0,0,0,0,0.0,0.175,3,1
79,11,60,3,0,1,9,0,0,0,0,23,1,0,1,0,0,0,0,0,0,0.2911392405063291,0.17721518987341772,3,1
95,11,77,2,14,0,3,0,0,0,0,10,0,0,0,0,0,0,0,0,0,0.10526315789473684,0.21052631578947367,2,0
91,9,10,3,2,1,9,1,1,0,0,19,0,0,0,0,0,0,0,0,0,0.2087912087912088,0.23076923076923078,2,0
116,14,95,1,13,0,7,0,0,0,0,8,0,0,0,0,0,0,1,0,0,0.06896551724137931,0.1896551724137931,3,0
221,17,31,4,0,1,6,1,3,0,2,92,1,0,0,0,0,0,1,0,0,0.416289592760181,0.09049773755656108,2,1
48,18,22,3,0,0,5,0,0,0,0,1,1,0,1,0,0,0,0,0,0,0.020833333333333332,0.1875,3,0
118,13,36,3,2,0,7,1,1,0,0,6,0,0,1,0,0,1,0,1,0,0.05084745762711865,0.1694915254237288,3,1
90,15,68,2,15,0,3,0,0,0,0,7,0,0,0,0,0,0,0,0,0,0.07777777777777778,0.23333333333333334,3,0
28,12,8,2,0,0,3,0,0,0,0,0,1,0,1,0,0,0,0,0,0,0.0,0.21428571428571427,3,0
59,27,24,2,0,0,4,0,0,0,0,0,1,0,1,0,0,0,1,0,0,0.0,0.11864406779661017,2,1
34,17,9,2,0,0,3,0,0,0,0,0,1,0,1,0,0,0,0,0,0,0.0,0.17647058823529413,3,0
23,15,0,1,0,0,2,0,0,0,0,0,0,0,1,0,0,0,0,0,0,0.0,0.17391304347826086,2,1
26,18,0,3,0,0,2,0,0,0,0,0,2,0,1,0,0,0,0,1,0,0.0,0.23076923076923078,3,0
46,21,17,2,0,0,4,0,0,0,0,0,1,0,1,0,0,0,0,0,0,0.0,0.15217391304347827,2,1
33,15,10,2,0,0,6,0,0,0,0,1,1,0,1,0,0,0,0,0,0,0.030303030303030304,0.2727272727272727,3,0
36,16,13,2,0,0,4,0,0,0,0,0,1,0,0,0,0,0,1,0,0,0.0,0.19444444444444445,3,1
19,7,5,1,0,0,3,0,0,0,0,3,0,0,0,0,0,0,0,0,0,0.15789473684210525,0.2631578947368421,2,1
23,15,0,2,0,0,2,0,0,0,0,0,1,0,1,0,0,0,0,0,0,0.0,0.21739130434782608,3,0
90,16,67,1,10,1,4,0,0,0,0,10,0,0,0,0,0,0,0,0,0,0.1111111111111111,0.18888888888888888,3,0
91,10,74,4,5,0,10,0,0,0,0,4,1,0,0,0,0,0,0,0,0,0.04395604395604396,0.24175824175824176,3,0
52,44,1,2,4,0,3,0,0,0,0,1,1,0,0,0,0,1,0,0,0,0.019230769230769232,0.19230769230769232,2,1
40,17,15,1,0,0,4,0,0,0,0,4,0,0,1,0,0,0,0,1,0,0.1,0.15,3,0
96,10,41,1,7,1,4,1,1,0,0,8,0,0,1,0,0,0,0,0,0,0.08333333333333333,0.16666666666666666,3,0
279,30,67,3,1,5,7,1,3,0,2,58,1,0,1,0,0,1,0,0,0,0.2078853046594982,0.12186379928315412,3,1
222,18,30,3,0,1,5,1,3,0,2,92,0,0,1,0,0,0,1,2,0,0.4144144144144144,0.08108108108108109,2,1
35,15,12,2,0,0,4,0,0,0,0,0,1,0,1,0,0,0,0,0,0,0.0,0.2,3,0
29,20,1,2,0,0,3,0,0,0,0,0,1,0,1,0,0,0,0,0,0,0.0,0.20689655172413793,3,0
36,16,12,2,0,0,4,0,0,0,0,0,1,0,1,0,0,0,0,0,0,0.0,0.19444444444444445,3,0
144,17,120,8,9,2,5,0,0,0,0,6,1,0,0,0,0,0,0,0,0,0.041666666666666664,0.1736111111111111,2,1
52,10,34,2,0,0,6,0,1,0,0,1,0,0,1,0,0,0,1,1,0,0.019230769230769232,0.19230769230769232,3,1
38,18,12,2,0,0,4,0,0,0,0,0,1,0,1,0,0,0,0,1,0,0.0,0.18421052631578946,3,0
86,21,34,2,1,0,7,1,1,1,0,1,0,0,0,0,0,1,1,0,0,0.011627906976744186,0.16279069767441862,2,1
143,64,1,3,0,2,3,1,3,0,2,6,1,0,0,0,0,0,0,0,0,0.04195804195804196,0.11888111888111888,3,1
62,17,37,1,4,0,5,0,0,0,0,4,0,0,1,0,0,0,0,1,0,0.06451612903225806,0.1774193548387097,3,0
50,16,27,3,0,0,4,0,0,0,0,1,0,0,0,0,0,0,0,0,0,0.02,0.16,3,1
52,16,28,2,2,0,4,0,0,0,0,0,1,0,1,0,0,0,0,1,0,0.0,0.17307692307692307,3,1
37,19,10,2,0,0,6,0,0,0,0,1,1,0,1,0,0,0,0,0,0,0.02702702702702703,0.24324324324324326,3,0
56,37,11,4,4,0,3,0,0,0,0,11,2,0,1,0,0,1,2,0,0,0.19642857142857142,0.21428571428571427,3,1
30,15,7,2,0,0,3,0,0,0,0,0,1,0,1,0,0,0,0,0,0,0.0,0.2,3,0
102,22,71,4,0,0,5,0,0,0,0,17,1,0,1,0,0,0,0,1,0,0.16666666666666666,0.14705882352941177,3,1
21,12,1,2,0,0,3,0,0,0,0,0,1,0,1,0,0,0,0,0,0,0.0,0.2857142857142857,3,0
54,20,27,2,3,0,5,0,0,0,0,0,1,0,0,0,0,1,0,0,0,0.0,0.2037037037037037,2,1
80,11,7,3,0,2,8,2,1,0,0,4,0,0,0,0,0,0,1,0,0,0.05,0.2125,3,1
22,14,1,1,0,0,3,0,0,0,0,0,0,0,0,0,0,0,1,0,0,0.0,0.22727272727272727,3,1
40,15,6,2,0,0,3,1,1,0,0,3,1,0,1,0,0,0,0,0,0,0.075,0.2,3,0
50,10,32,2,3,0,5,0,0,0,0,0,1,0,1,0,0,0,0,0,0,0.0,0.22,3,0
68,23,37,2,4,0,5,0,0,0,0,4,1,0,1,0,0,0,0,0,0,0.058823529411764705,0.17647058823529413,3,0
27,10,9,2,0,0,3,0,0,0,0,0,1,0,1,0,0,0,0,0,0,0.0,0.2222222222222222,3,0
76,16,14,3,1,0,6,1,1,0,0,0,1,0,0,0,0,0,0,0,0,0.0,0.18421052631578946,3,1
30,16,6,2,0,0,3,0,0,0,0,0,1,0,1,0,0,0,0,0,0,0.0,0.2,3,0
37,12,6,2,0,0,3,1,1,0,0,3,1,0,1,0,0,0,0,0,0,0.08108108108108109,0.21621621621621623,3,0
39,19,12,2,0,0,4,0,0,0,0,0,1,0,1,0,0,0,0,0,0,0.0,0.1794871794871795,3,0
29,15,6,2,0,0,3,0,0,0,0,0,1,0,1,0,0,0,0,0,0,0.0,0.20689655172413793,3,0
50,20,22,2,0,1,4,0,0,0,0,0,1,0,1,0,0,0,0,0,0,0.0,0.16,3,0
29,13,8,2,0,0,3,0,0,0,0,0,1,0,1,0,0,0,0,0,0,0.0,0.20689655172413793,3,0
40,14,18,3,1,0,4,0,0,0,0,0,1,0,1,0,0,0,0,0,0,0.0,0.225,3,1
29,17,5,2,0,0,4,0,0,0,0,0,1,0,0,0,0,0,0,0,0,0.0,0.2413793103448276,3,1
132,16,24,3,0,2,4,1,1,0,0,7,1,0,1,0,0,0,0,0,0,0.05303030303030303,0.09090909090909091,3,1
21,10,3,1,0,0,3,0,0,0,0,0,0,0,1,0,0,0,0,0,0,0.0,0.23809523809523808,3,1
34,16,10,2,0,0,4,0,0,0,0,0,1,0,1,0,0,0,0,0,0,0.0,0.20588235294117646,3,1
29,20,1,1,0,0,3,0,0,0,0,0,0,0,1,0,0,0,0,0,0,0.0,0.1724137931034483,7,1
55,25,17,2,0,0,4,1,1,0,0,5,0,0,0,0,0,0,1,0,0,0.09090909090909091,0.16363636363636364,3,1
119,18,67,4,0,1,7,1,1,1,0,4,0,0,0,0,0,0,0,0,0,0.03361344537815126,0.13445378151260504,3,1
39,26,5,2,0,0,3,0,0,0,0,0,1,0,1,0,0,0,0,0,0,0.0,0.15384615384615385,3,0
34,12,14,1,1,0,4,0,0,0,0,0,0,0,1,0,0,0,0,1,0,0.0,0.20588235294117646,3,0
46,13,26,2,1,0,5,0,0,0,0,0,0,0,0,0,0,0,0,0,0,0.0,0.1956521739130435,2,1
108,100,1,7,1,0,3,0,0,0,0,50,6,0,0,0,0,1,1,0,0,0.46296296296296297,0.1111111111111111,3,1
36,16,12,2,0,0,5,0,0,0,0,0,1,0,1,0,0,0,0,0,0,0.0,0.2222222222222222,2,1
32,24,1,2,1,0,3,0,0,0,0,2,1,0,0,0,0,1,0,1,0,0.0625,0.21875,3,1
50,17,25,3,1,0,5,0,0,0,0,0,1,0,1,0,0,0,0,0,0,0.0,0.2,3,1
140,12,57,9,0,0,4,1,1,0,0,33,0,0,0,0,0,0,0,0,0,0.2357142857142857,0.12857142857142856,3,0
61,20,34,3,1,0,8,0,0,0,0,8,2,0,0,0,0,0,0,0,0,0.13114754098360656,0.21311475409836064,2,1
35,19,9,2,0,0,4,0,0,0,0,0,1,0,0,0,0,0,0,0,0,0.0,0.2,3,1
51,24,19,3,0,0,6,0,0,0,0,0,1,0,1,0,0,0,0,1,0,0.0,0.19607843137254902,2,1
38,22,9,1,0,0,3,0,0,0,0,0,0,0,0,0,0,0,0,0,0,0.0,0.13157894736842105,3,1
45,15,22,3,0,0,5,0,0,0,0,1,1,0,1,0,0,0,0,0,0,0.022222222222222223,0.2,3,0
42,19,15,2,0,0,4,0,0,0,0,4,1,0,1,0,0,0,0,0,0,0.09523809523809523,0.16666666666666666,3,0
46,18,20,2,0,0,5,0,0,0,0,0,1,0,1,0,0,0,0,0,0,0.0,0.17391304347826086,3,0
34,17,9,2,0,0,3,0,0,0,0,0,1,0,1,0,0,0,0,0,0,0.0,0.17647058823529413,3,0
57,12,37,1,4,0,5,0,0,0,0,4,0,0,1,0,0,0,0,1,0,0.07017543859649122,0.19298245614035087,3,0
40,10,22,2,0,1,4,0,0,0,0,0,1,0,1,0,0,0,0,0,0,0.0,0.2,3,0
55,12,35,3,0,0,7,0,0,0,0,1,0,0,1,0,0,0,0,0,0,0.01818181818181818,0.2,3,1
39,18,14,1,0,0,5,0,0,0,0,0,0,0,0,0,0,0,0,0,0,0.0,0.1794871794871795,3,1
86,32,46,4,1,0,4,0,1,0,0,18,2,0,1,0,0,1,2,0,0,0.20930232558139536,0.1744186046511628,3,1
32,14,10,2,0,0,6,0,0,0,0,1,1,0,1,0,0,0,0,0,0,0.03125,0.28125,3,0
27,14,5,2,0,0,3,0,0,0,0,0,1,0,1,0,0,0,0,0,0,0.0,0.2222222222222222,3,0
45,11,27,1,2,1,6,0,0,0,0,0,0,0,0,0,0,1,0,0,0,0.0,0.24444444444444444,2,1
105,10,88,1,7,0,7,0,0,0,0,32,0,0,0,0,0,0,0,0,0,0.3047619047619048,0.1523809523809524,3,0
43,18,6,2,0,0,3,1,1,0,0,3,1,0,1,0,0,0,0,1,0,0.06976744186046512,0.18604651162790697,3,0
32,18,6,2,0,0,3,0,0,0,0,0,1,0,1,0,0,0,0,0,0,0.0,0.1875,3,0
109,15,87,1,11,0,7,0,0,0,0,8,0,0,0,0,0,0,0,0,0,0.07339449541284404,0.1834862385321101,3,0
27,13,6,2,0,0,3,0,0,0,0,0,1,0,1,0,0,0,0,0,0,0.0,0.2222222222222222,3,0
70,17,44,2,1,0,7,1,1,0,0,0,0,0,0,0,0,0,1,0,0,0.0,0.18571428571428572,3,1
31,11,12,2,0,0,4,0,0,0,0,0,1,0,1,0,0,0,0,0,0,0.0,0.22580645161290322,3,0
38,15,15,2,1,0,3,0,0,0,0,0,1,0,1,0,0,0,1,0,0,0.0,0.18421052631578946,3,0
29,14,7,1,0,0,4,0,0,0,0,0,0,0,1,0,0,0,0,0,0,0.0,0.20689655172413793,3,1
50,9,33,2,0,2,6,0,1,0,0,5,1,0,1,0,0,0,0,0,0,0.1,0.24,3,0
43,13,22,2,0,1,4,0,0,0,0,0,1,0,1,0,0,0,0,0,0,0.0,0.18604651162790697,3,0
38,14,1,2,0,0,3,1,1,0,0,10,1,0,1,0,0,0,0,0,0,0.2631578947368421,0.21052631578947367,3,1
160,6,147,1,10,0,9,0,0,0,0,1,0,0,0,0,0,0,0,0,0,0.00625,0.13125,2,0
87,15,65,1,0,0,12,0,0,0,0,21,0,0,0,0,0,0,0,0,0,0.2413793103448276,0.16091954022988506,3,0
37,14,15,2,0,0,4,0,0,0,0,4,1,0,1,0,0,0,0,0,0,0.10810810810810811,0.1891891891891892,3,0
36,27,1,2,0,0,3,0,0,0,0,0,1,0,1,0,0,0,0,0,0,0.0,0.16666666666666666,3,1
30,13,9,2,0,0,3,0,0,0,0,0,1,0,1,0,0,0,1,0,0,0.0,0.2,3,0
203,14,4,4,0,0,3,1,11,0,10,12,1,0,1,0,0,0,1,1,0,0.059113300492610835,0.16748768472906403,3,1
26,19,0,2,0,0,2,0,0,0,0,0,1,0,0,0,0,0,0,0,0,0.0,0.19230769230769232,2,1
169,28,133,1,1,0,5,0,0,0,0,15,0,0,1,0,0,0,0,0,0,0.08875739644970414,0.047337278106508875,3,1
60,18,34,2,5,0,4,0,0,0,0,0,1,0,1,0,0,0,1,0,0,0.0,0.2,3,1
29,20,1,2,0,0,3,0,0,0,0,1,1,0,1,0,0,0,0,0,0,0.034482758620689655,0.20689655172413793,3,1
28,14,6,2,0,0,3,0,0,0,0,0,1,0,1,0,0,0,1,0,0,0.0,0.21428571428571427,3,0
28,12,8,1,0,0,3,0,0,0,0,1,0,0,1,0,0,0,0,0,0,0.03571428571428571,0.17857142857142858,2,1
70,11,8,4,0,0,8,1,1,0,0,3,0,0,0,0,0,0,0,0,0,0.04285714285714286,0.22857142857142856,2,1
146,31,89,2,1,2,7,1,2,0,1,9,1,0,1,0,0,1,0,0,0,0.06164383561643835,0.136986301369863,3,1
36,23,5,2,0,0,3,0,0,0,0,0,1,0,1,0,0,0,0,0,0,0.0,0.16666666666666666,3,0
30,13,9,2,0,0,3,0,0,0,0,0,1,0,1,0,0,0,0,0,0,0.0,0.2,3,0
49,16,25,4,0,0,5,0,0,0,0,4,1,0,1,0,0,0,0,0,0,0.08163265306122448,0.20408163265306123,3,1
38,21,9,2,0,0,3,0,0,0,0,0,0,0,1,0,0,0,0,0,0,0.0,0.15789473684210525,3,1
54,13,33,2,0,2,6,0,1,0,0,5,1,0,1,0,0,0,0,0,0,0.09259259259259259,0.2222222222222222,3,0
57,17,32,2,3,0,5,0,0,0,0,0,1,0,1,0,0,0,0,0,0,0.0,0.19298245614035087,3,0
31,17,6,2,0,0,3,0,0,0,0,0,1,0,1,0,0,0,1,0,0,0.0,0.1935483870967742,3,0
37,12,6,2,0,0,3,1,1,0,0,3,1,0,1,0,0,0,0,0,0,0.08108108108108109,0.21621621621621623,2,0
113,11,95,1,4,0,9,0,0,0,0,0,0,0,0,0,0,0,1,0,0,0.0,0.13274336283185842,3,1
33,12,13,1,1,0,4,0,0,0,0,7,0,0,1,0,0,1,0,0,0,0.21212121212121213,0.21212121212121213,2,1
54,11,36,3,0,0,7,0,0,0,0,0,0,0,0,0,0,0,0,0,0,0.0,0.2037037037037037,3,1
43,17,18,3,1,0,4,0,0,0,0,0,1,0,1,0,0,0,0,0,0,0.0,0.20930232558139536,3,1
33,13,13,1,0,0,4,0,0,0,0,0,0,0,0,0,0,0,0,1,0,0.0,0.18181818181818182,3,1
141,12,122,2,2,0,11,0,0,0,0,47,0,0,0,0,0,0,0,0,0,0.3333333333333333,0.11347517730496454,3,1
21,12,1,2,0,0,3,0,0,0,0,0,1,0,1,0,0,0,0,0,0,0.0,0.2857142857142857,3,0
36,21,7,1,0,0,4,0,0,0,0,0,0,0,1,0,0,0,0,0,0,0.0,0.16666666666666666,3,1
37,12,6,2,0,0,3,1,1,0,0,3,1,0,1,0,0,0,0,0,0,0.08108108108108109,0.21621621621621623,3,0
46,16,22,2,0,1,4,0,0,0,0,0,1,0,1,0,0,0,0,0,0,0.0,0.17391304347826086,3,0
37,18,12,3,0,0,3,0,0,0,0,3,1,0,0,0,0,0,0,0,0,0.08108108108108109,0.1891891891891892,4,1
60,15,37,2,4,0,5,0,0,0,0,4,1,0,1,0,0,0,0,1,0,0.06666666666666667,0.2,3,0
111,10,94,1,11,0,7,0,0,0,0,6,0,0,0,0,0,0,0,0,0,0.05405405405405406,0.18018018018018017,3,0
51,15,29,2,0,0,5,0,0,0,0,0,0,0,0,0,0,0,0,1,0,0.0,0.1568627450980392,3,1
85,9,69,1,0,0,5,0,0,0,0,15,0,0,0,0,0,0,0,0,0,0.17647058823529413,0.3176470588235294,2,0
58,17,33,2,0,2,6,0,1,0,0,5,1,0,1,0,0,0,0,0,0,0.08620689655172414,0.20689655172413793,3,0
113,29,76,7,1,0,7,0,0,0,0,15,1,0,1,0,0,1,0,0,0,0.13274336283185842,0.1415929203539823,2,1
31,24,0,2,0,0,2,0,0,0,0,0,1,0,0,0,0,0,0,0,0,0.0,0.16129032258064516,3,1
62,17,38,2,0,2,5,0,0,0,0,1,0,0,0,0,0,0,0,0,0,0.016129032258064516,0.16129032258064516,3,1
63,27,29,2,1,0,4,0,0,0,0,10,1,0,0,0,0,0,0,0,0,0.15873015873015872,0.14285714285714285,2,1
24,11,5,1,0,0,3,0,0,0,0,0,0,0,1,0,0,0,0,0,0,0.0,0.20833333333333334,3,0
38,18,12,2,0,0,4,0,0,0,0,0,1,0,1,0,0,0,0,0,0,0.0,0.18421052631578946,3,0
211,12,192,4,2,0,8,0,0,0,0,26,0,0,0,0,0,0,1,1,0,0.12322274881516587,0.3033175355450237,3,1
67,37,23,4,0,0,6,0,0,0,0,0,3,0,0,0,0,0,0,0,0,0.0,0.16417910447761194,2,1
41,27,7,2,1,0,4,0,0,0,0,0,1,0,0,0,0,1,0,0,0,0.0,0.1951219512195122,3,1
45,22,16,2,0,1,4,0,0,0,0,0,1,0,0,0,0,0,0,0,0,0.0,0.17777777777777778,3,1
39,28,4,2,1,0,4,0,0,0,0,0,1,0,0,0,0,1,0,0,0,0.0,0.20512820512820512,2,1
38,14,17,2,0,0,5,0,0,0,0,0,0,0,0,0,0,0,0,0,0,0.0,0.21052631578947367,3,1
39,14,6,2,0,0,3,1,1,0,0,3,1,0,1,0,0,0,0,0,0,0.07692307692307693,0.20512820512820512,3,0
55,18,30,3,0,0,6,0,0,0,0,0,1,0,0,0,0,0,0,0,0,0.0,0.18181818181818182,2,1
32,25,0,2,0,0,2,0,0,0,0,2,1,0,0,0,0,0,0,0,0,0.0625,0.15625,3,1
21,13,0,2,0,0,2,0,0,0,0,0,1,0,1,0,0,0,0,0,0,0.0,0.23809523809523808,3,0
61,15,38,2,1,2,4,0,0,0,0,6,1,0,1,0,0,0,0,0,0,0.09836065573770492,0.16393442622950818,3,1
39,24,8,3,1,0,4,0,0,0,0,0,2,0,0,0,0,1,0,0,0,0.0,0.23076923076923078,3,1
85,16,48,1,0,0,5,1,1,0,0,21,0,0,0,0,0,0,0,0,0,0.24705882352941178,0.10588235294117647,3,1
36,17,12,2,0,0,5,0,0,0,0,0,0,0,0,0,0,0,0,0,0,0.0,0.2222222222222222,3,1
28,20,0,1,1,0,2,0,0,0,0,3,0,0,1,0,0,1,0,0,0,0.10714285714285714,0.17857142857142858,3,1
59,18,33,2,0,2,6,0,1,0,0,5,1,0,1,0,0,0,0,0,0,0.0847457627118644,0.2033898305084746,3,0
32,18,6,2,0,0,3,0,0,0,0,0,1,0,1,0,0,0,0,0,0,0.0,0.1875,3,0
117,13,96,2,6,0,7,0,0,0,0,0,0,0,1,0,0,0,0,1,0,0.0,0.13675213675213677,2,0
35,15,12,2,0,0,4,0,0,0,0,0,1,0,1,0,0,0,0,0,0,0.0,0.2,3,0
99,15,76,2,1,1,7,0,0,0,0,8,1,0,1,0,0,0,0,1,0,0.08080808080808081,0.12121212121212122,3,1
29,20,1,2,0,0,3,0,0,0,0,0,1,0,1,0,0,0,0,0,0,0.0,0.20689655172413793,3,1
115,27,27,2,0,3,9,2,1,0,0,0,0,0,0,0,0,0,0,1,0,0.0,0.16521739130434782,3,1
43,15,20,2,0,0,5,0,0,0,0,0,1,0,1,0,0,0,0,0,0,0.0,0.18604651162790697,3,0
36,19,10,3,0,0,3,0,0,0,0,6,1,0,0,0,0,0,1,0,0,0.16666666666666666,0.19444444444444445,4,1
41,13,20,2,0,0,5,0,0,0,0,0,1,0,1,0,0,0,0,0,0,0.0,0.1951219512195122,3,0
19,7,4,1,0,0,3,0,0,0,0,0,0,0,1,0,0,0,0,0,1,0.0,0.2631578947368421,2,1
30,16,6,2,0,0,3,0,0,0,0,0,1,0,1,0,0,0,0,0,0,0.0,0.2,3,0
46,16,22,2,0,1,4,0,0,0,0,0,1,0,1,0,0,0,0,0,0,0.0,0.17391304347826086,3,0
39,16,15,2,0,0,4,0,0,0,0,4,1,0,1,0,0,0,0,0,0,0.10256410256410256,0.1794871794871795,3,0
46,22,16,2,0,0,5,0,0,0,0,0,1,0,1,0,0,0,0,0,0,0.0,0.17391304347826086,2,1
132,28,73,1,1,2,10,1,2,0,1,5,0,0,0,0,0,0,2,1,0,0.03787878787878788,0.15151515151515152,3,1
164,13,28,2,1,0,5,1,2,0,2,16,0,0,1,0,0,0,1,0,0,0.0975609756097561,0.0975609756097561,3,1
33,12,13,1,1,0,4,0,0,0,0,0,0,0,1,0,0,0,0,0,0,0.0,0.21212121212121213,4,1
58,18,32,2,3,0,5,0,0,0,0,0,1,0,1,0,0,0,0,0,0,0.0,0.1896551724137931,3,0
78,54,17,4,1,0,4,0,0,0,0,0,3,0,0,0,0,0,0,0,0,0.0,0.1282051282051282,3,1
28,15,5,2,0,0,3,0,0,0,0,0,1,0,1,0,0,0,0,0,0,0.0,0.21428571428571427,3,0
115,11,63,8,0,0,7,1,1,1,0,2,0,0,0,0,0,0,1,0,0,0.017391304347826087,0.1826086956521739,3,1
61,28,26,2,2,0,5,0,0,0,0,0,0,0,0,0,0,0,0,0,0,0.0,0.16393442622950818,3,1
53,23,22,2,0,1,4,0,0,0,0,0,1,0,1,0,0,0,0,0,0,0.0,0.1509433962264151,3,0
29,13,8,2,0,0,3,0,0,0,0,0,1,0,1,0,0,0,0,0,0,0.0,0.20689655172413793,3,0
206,12,21,3,1,1,4,1,3,0,2,92,1,0,0,0,0,0,1,0,0,0.44660194174757284,0.08737864077669903,2,1
86,15,64,2,1,0,10,0,0,0,0,0,0,0,0,0,1,1,0,0,0,0.0,0.16279069767441862,2,1
44,14,22,3,0,0,5,0,0,0,0,1,1,0,1,0,0,0,0,0,0,0.022727272727272728,0.20454545454545456,3,0
198,21,85,1,2,2,12,1,3,0,3,27,0,0,1,0,0,0,1,0,0,0.13636363636363635,0.1414141414141414,3,1
36,15,14,1,0,0,5,0,0,0,0,0,0,0,0,0,0,0,1,0,0,0.0,0.19444444444444445,3,1
34,13,14,2,0,0,4,0,0,0,0,0,0,0,0,0,0,0,0,0,0,0.0,0.20588235294117646,2,1
72,22,43,1,1,0,7,0,0,0,0,3,0,0,0,0,0,0,3,1,0,0.041666666666666664,0.1388888888888889,3,1
37,20,10,3,0,0,4,0,0,0,0,0,1,0,0,0,0,0,0,0,0,0.0,0.21621621621621623,3,1
119,25,77,2,2,3,7,1,1,0,0,11,1,0,1,0,0,1,0,0,0,0.09243697478991597,0.15966386554621848,3,1
38,13,18,1,0,1,5,0,0,0,0,3,0,0,0,0,0,0,0,0,0,0.07894736842105263,0.21052631578947367,3,1
322,22,25,2,0,0,6,1,7,0,6,112,0,0,0,0,0,0,0,0,0,0.34782608695652173,0.09006211180124224,3,1
36,14,14,2,1,0,4,0,0,0,0,0,1,0,1,0,0,0,0,0,0,0.0,0.2222222222222222,3,0
37,19,10,3,0,0,6,0,0,0,0,1,2,0,1,0,0,0,0,1,0,0.02702702702702703,0.2702702702702703,3,0
34,20,7,2,0,0,4,0,0,0,0,0,1,0,0,0,0,0,0,0,0,0.0,0.20588235294117646,2,1
32,18,6,2,0,0,3,0,0,0,0,0,1,0,1,0,0,0,0,0,0,0.0,0.1875,3,0
21,13,0,1,0,0,2,0,0,0,0,0,0,0,1,0,0,0,0,0,0,0.0,0.19047619047619047,3,0
207,19,23,3,0,1,5,1,3,0,2,72,1,0,0,0,0,0,1,0,0,0.34782608695652173,0.07729468599033816,3,1
206,17,4,6,0,1,3,1,11,0,10,13,2,0,1,0,0,0,0,1,0,0.06310679611650485,0.1796116504854369,2,1
49,20,21,3,0,0,5,0,0,0,0,6,1,0,1,0,0,0,0,0,0,0.12244897959183673,0.1836734693877551,3,1
58,19,31,2,1,0,7,0,0,0,0,1,1,0,1,0,0,0,0,0,0,0.017241379310344827,0.1896551724137931,2,1
119,10,20,2,8,0,4,1,4,0,3,13,0,0,0,0,0,0,0,0,0,0.1092436974789916,0.21008403361344538,2,0
27,13,6,2,0,0,3,0,0,0,0,0,1,0,1,0,0,0,0,0,0,0.0,0.2222222222222222,3,0
123,14,102,1,0,2,7,0,0,0,0,38,0,0,0,0,0,0,0,0,0,0.3089430894308943,0.3170731707317073,2,0
180,17,41,5,1,0,7,1,9,0,6,16,2,0,0,0,0,0,0,0,0,0.08888888888888889,0.2,2,1
77,26,44,2,1,0,8,0,0,0,0,3,1,0,0,0,0,0,3,1,0,0.03896103896103896,0.15584415584415584,3,1
87,15,65,2,12,0,3,0,0,0,0,3,0,0,0,0,0,0,0,0,0,0.034482758620689655,0.20689655172413793,3,0
46,37,1,2,1,0,3,0,0,0,0,3,1,0,1,0,0,1,0,0,0,0.06521739130434782,0.15217391304347827,3,1
43,15,20,2,0,0,5,0,0,0,0,0,1,0,1,0,0,0,0,0,0,0.0,0.18604651162790697,3,0
31,15,8,2,0,0,3,0,0,0,0,0,1,0,1,0,0,0,0,0,0,0.0,0.1935483870967742,3,0
85,16,62,2,4,0,7,0,0,0,0,0,1,0,0,0,0,0,0,0,0,0.0,0.16470588235294117,2,1
63,25,31,5,0,0,6,0,0,0,0,0,1,0,0,0,0,0,0,0,0,0.0,0.19047619047619047,2,1
57,16,33,2,0,2,6,0,1,0,0,5,1,0,1,0,0,0,0,0,0,0.08771929824561403,0.21052631578947367,3,0
31,13,10,2,0,0,6,0,0,0,0,1,1,0,1,0,0,0,0,0,0,0.03225806451612903,0.2903225806451613,3,0
121,22,39,2,4,2,7,2,2,0,1,9,0,0,1,0,0,1,1,0,0,0.0743801652892562,0.19008264462809918,3,1
173,14,4,5,1,1,8,2,4,0,3,25,1,0,1,0,0,0,0,1,0,0.14450867052023122,0.17341040462427745,3,1
66,21,37,2,4,0,5,0,0,0,0,4,1,0,1,0,0,0,0,0,0,0.06060606060606061,0.18181818181818182,3,0
44,21,16,3,0,0,4,0,0,0,0,1,1,0,0,0,0,0,0,1,0,0.022727272727272728,0.18181818181818182,2,1
38,18,12,2,0,0,4,0,0,0,0,0,1,0,1,0,0,0,0,0,0,0.0,0.18421052631578946,3,0
45,17,20,1,0,0,5,0,0,0,0,0,0,0,1,0,0,0,0,1,0,0.0,0.15555555555555556,3,0
51,33,11,4,0,0,3,0,0,0,0,0,2,0,0,0,0,0,2,0,0,0.0,0.1568627450980392,3,1
50,25,5,2,1,0,4,1,1,0,0,3,1,0,0,0,0,1,0,0,0,0.06,0.2,2,1
204,27,99,3,14,0,5,1,1,0,0,18,1,0,1,0,0,0,0,0,0,0.08823529411764706,0.1568627450980392,3,1
156,30,61,5,4,0,7,1,2,0,1,17,1,0,1,0,0,0,0,1,0,0.10897435897435898,0.14102564102564102,3,1
53,26,19,1,0,0,5,0,0,0,0,0,0,0,1,0,0,0,1,0,0,0.0,0.1320754716981132,3,1
56,20,28,2,0,0,6,0,0,0,0,0,0,0,1,0,0,0,1,0,0,0.0,0.16071428571428573,3,1
41,21,12,2,0,0,4,0,0,0,0,0,1,0,1,0,0,0,0,1,0,0.0,0.17073170731707318,3,0
46,16,22,3,0,0,5,0,0,0,0,1,1,0,1,0,0,0,0,0,0,0.021739130434782608,0.1956521739130435,3,0
52,11,33,1,0,2,6,0,1,0,0,5,0,0,1,0,0,0,0,0,0,0.09615384615384616,0.21153846153846154,3,0
49,22,19,1,0,0,5,0,0,0,0,1,0,0,1,0,0,0,0,0,0,0.02040816326530612,0.14285714285714285,3,1
26,17,1,2,0,0,3,0,0,0,0,0,1,0,1,0,0,0,0,1,0,0.0,0.23076923076923078,3,0
61,22,14,2,0,0,4,1,1,0,0,2,0,0,0,0,0,0,0,0,0,0.03278688524590164,0.14754098360655737,3,1
81,17,57,2,0,0,7,0,0,0,0,24,1,0,0,0,0,0,0,0,0,0.2962962962962963,0.13580246913580246,2,1
28,11,9,1,0,0,3,0,0,0,0,0,0,0,1,0,0,0,0,0,0,0.0,0.17857142857142858,3,0
35,10,6,2,0,0,3,1,1,0,0,3,1,0,1,0,0,0,0,0,0,0.08571428571428572,0.22857142857142856,3,0
43,18,18,3,0,0,4,0,0,0,0,0,1,0,0,0,0,0,0,0,0,0.0,0.18604651162790697,3,1
69,19,43,3,0,0,7,0,0,0,0,12,1,0,0,0,0,0,1,0,0,0.17391304347826086,0.15942028985507245,3,1
54,12,34,1,0,2,6,0,0,0,0,0,0,0,1,0,0,0,2,0,0,0.0,0.18518518518518517,3,1
22,11,4,1,0,0,3,0,0,0,0,0,0,0,0,0,0,0,0,0,0,0.0,0.22727272727272727,4,1
60,15,37,2,4,0,5,0,0,0,0,4,1,0,1,0,0,0,0,0,0,0.06666666666666667,0.2,3,0
89,34,47,3,0,1,7,0,0,0,0,0,1,0,1,0,0,0,0,0,0,0.0,0.1348314606741573,3,1
23,15,0,1,0,0,2,0,0,0,0,0,0,0,1,0,0,0,0,0,0,0.0,0.17391304347826086,3,0
85,15,63,2,0,1,5,0,0,0,0,7,0,0,0,0,0,0,0,0,0,0.08235294117647059,0.12941176470588237,2,0
61,15,39,3,0,0,6,0,0,0,0,4,1,0,0,0,0,0,0,0,0,0.06557377049180328,0.16393442622950818,2,1
32,18,7,1,1,0,4,0,0,0,0,0,0,0,0,0,0,1,1,0,0,0.0,0.21875,3,1
50,20,23,3,0,0,5,0,0,0,0,0,1,0,0,0,0,0,0,0,0,0.0,0.18,2,1
46,16,22,2,0,1,4,0,0,0,0,0,1,0,1,0,0,0,0,0,0,0.0,0.17391304347826086,3,0
162,14,123,3,10,10,12,1,1,1,0,15,0,0,0,0,0,0,0,0,0,0.09259259259259259,0.24074074074074073,3,1
39,16,15,2,1,0,3,0,0,0,0,0,1,0,1,0,0,0,1,0,0,0.0,0.1794871794871795,3,0
43,18,6,2,0,0,3,1,1,0,0,3,1,0,1,0,0,0,0,0,0,0.06976744186046512,0.18604651162790697,3,0
31,14,9,2,0,0,3,0,0,0,0,0,1,0,1,0,0,0,0,0,0,0.0,0.1935483870967742,3,0
28,13,7,2,0,0,3,0,0,0,0,0,1,0,1,0,0,0,1,1,0,0.0,0.21428571428571427,3,0
36,19,9,2,0,0,3,0,0,0,0,0,1,0,1,0,0,0,0,0,0,0.0,0.16666666666666666,3,0
149,30,37,6,4,0,7,1,2,1,1,28,1,0,1,0,0,0,0,1,0,0.18791946308724833,0.16778523489932887,3,1
33,16,9,2,0,0,3,0,0,0,0,0,1,0,1,0,0,0,0,0,0,0.0,0.18181818181818182,3,0
29,15,6,2,0,0,3,0,0,0,0,0,1,0,1,0,0,0,1,0,0,0.0,0.20689655172413793,3,0
64,19,37,2,4,0,5,0,0,0,0,4,1,0,1,0,0,0,0,0,0,0.0625,0.1875,3,0
33,19,6,2,0,0,3,0,0,0,0,0,1,0,1,0,0,0,1,0,0,0.0,0.18181818181818182,2,1
26,13,5,2,0,0,3,0,0,0,0,0,1,0,1,0,0,0,0,0,0,0.0,0.23076923076923078,3,0
29,14,8,2,0,0,4,0,0,0,0,0,1,0,0,0,0,0,0,0,0,0.0,0.2413793103448276,3,1
74,19,48,3,1,0,8,0,0,0,0,0,1,0,0,0,0,0,0,0,0,0.0,0.17567567567567569,3,1
98,10,81,1,7,0,7,0,0,0,0,32,0,0,0,0,0,0,0,0,0,0.32653061224489793,0.16326530612244897,3,0
54,11,36,2,1,0,5,0,0,0,0,0,1,0,0,0,0,0,0,0,0,0.0,0.16666666666666666,2,1
29,16,6,2,0,0,3,0,0,0,0,0,1,0,0,0,0,0,0,0,0,0.0,0.20689655172413793,3,1
36,27,1,2,1,0,3,0,0,0,0,1,1,0,1,0,0,1,0,0,0,0.027777777777777776,0.19444444444444445,3,1
35,15,12,2,0,0,4,0,0,0,0,0,1,0,1,0,0,0,0,0,0,0.0,0.2,3,0
42,19,15,2,0,0,4,0,0,0,0,4,1,0,1,0,0,0,0,0,0,0.09523809523809523,0.16666666666666666,3,0
104,18,49,3,1,0,8,1,1,1,0,4,1,0,1,0,0,0,0,0,0,0.038461538461538464,0.15384615384615385,3,1
84,15,62,1,5,0,5,0,0,0,0,8,0,0,0,0,0,0,0,0,0,0.09523809523809523,0.14285714285714285,3,0
19,11,0,2,0,0,2,0,0,0,0,0,1,0,1,0,0,0,0,0,0,0.0,0.2631578947368421,3,0
35,21,6,2,0,0,3,0,0,0,0,0,1,0,1,0,0,0,0,1,0,0.0,0.17142857142857143,3,0
26,10,8,1,0,0,3,0,0,0,0,0,0,0,1,0,0,0,0,0,0,0.0,0.19230769230769232,3,0
77,26,43,4,1,0,4,0,1,0,0,21,2,0,1,0,0,1,1,0,0,0.2727272727272727,0.19480519480519481,2,1
30,10,12,2,0,0,4,0,0,0,0,0,1,0,1,0,0,0,0,0,0,0.0,0.23333333333333334,3,0
23,8,7,1,0,0,3,0,0,0,0,0,0,0,1,0,0,0,0,0,0,0.0,0.21739130434782608,3,0
100,16,63,2,1,0,9,1,1,0,0,0,0,0,1,0,0,0,0,1,0,0.0,0.15,3,1
38,13,6,2,0,0,3,1,1,0,0,3,1,0,1,0,0,0,0,0,0,0.07894736842105263,0.21052631578947367,3,0
57,16,33,3,0,0,6,0,0,0,0,0,1,0,1,0,0,0,0,0,0,0.0,0.17543859649122806,2,1
93,13,73,1,11,0,5,0,0,0,0,5,0,0,0,0,0,0,0,0,0,0.053763440860215055,0.1935483870967742,3,0
34,25,1,2,0,0,3,0,0,0,0,0,1,0,1,0,0,0,0,1,0,0.0,0.17647058823529413,3,1
132,15,15,2,2,0,6,1,3,0,0,4,0,0,0,0,0,0,0,1,0,0.030303030303030304,0.11363636363636363,3,1
83,17,23,3,0,0,4,1,1,0,0,0,0,0,0,0,0,0,0,0,0,0.0,0.12048192771084337,3,0
26,12,6,1,0,0,3,0,0,0,0,0,0,0,1,0,0,0,1,0,0,0.0,0.19230769230769232,3,0
22,8,7,1,0,0,4,0,0,0,0,1,0,0,0,0,0,0,0,0,0,0.045454545454545456,0.2727272727272727,3,1
52,22,22,2,0,1,4,0,0,0,0,0,1,0,1,0,0,0,0,0,0,0.0,0.15384615384615385,3,0
32,16,8,2,0,0,3,0,0,0,0,0,1,0,1,0,0,0,0,0,0,0.0,0.1875,3,0
60,14,39,3,0,0,4,0,0,0,0,30,2,1,0,0,0,0,0,0,0,0.5,0.13333333333333333,3,1
106,23,76,6,0,0,6,0,0,0,0,16,0,0,0,0,0,0,0,0,0,0.1509433962264151,0.12264150943396226,3,1
20,6,6,1,0,0,3,0,0,0,0,0,0,0,1,0,0,0,0,0,0,0.0,0.25,2,1
28,15,5,2,0,0,3,0,0,0,0,0,1,0,1,0,0,0,0,0,0,0.0,0.21428571428571427,3,0
70,18,45,2,0,0,3,0,0,0,0,16,1,0,0,0,0,0,0,0,0,0.22857142857142856,0.1,3,1
186,18,23,7,1,3,5,1,2,0,3,43,1,0,0,0,0,0,1,0,0,0.23118279569892472,0.13978494623655913,2,1
25,11,6,2,0,0,3,0,0,0,0,0,1,0,1,0,0,0,1,0,0,0.0,0.24,3,0
26,8,11,1,0,0,4,0,0,0,0,0,0,0,0,0,0,0,0,0,0,0.0,0.23076923076923078,2,1
31,13,10,1,0,0,6,0,0,0,0,1,0,0,1,0,0,0,0,0,0,0.03225806451612903,0.25806451612903225,3,0
41,23,11,1,0,0,5,0,0,0,0,0,0,0,0,0,0,0,0,0,0,0.0,0.17073170731707318,3,1
47,32,7,5,0,0,4,0,0,0,0,12,4,0,1,0,0,0,0,0,0,0.2553191489361702,0.2127659574468085,2,1
44,14,22,3,0,0,5,0,0,0,0,1,1,0,1,0,0,0,0,0,0,0.022727272727272728,0.20454545454545456,3,0
56,31,1,2,1,0,4,0,0,0,0,0,1,0,1,0,0,0,0,0,0,0.0,0.16071428571428573,4,1
27,13,6,1,0,0,3,0,0,0,0,0,0,0,1,0,0,0,1,0,0,0.0,0.18518518518518517,3,0
46,17,22,3,0,0,6,0,0,0,0,0,1,0,0,0,0,0,0,0,0,0.0,0.21739130434782608,2,1
48,8,33,2,1,0,5,0,0,0,0,0,0,0,0,0,0,0,0,0,0,0.0,0.1875,2,1
31,23,1,1,0,0,3,0,0,0,0,2,0,0,0,0,0,0,0,0,0,0.06451612903225806,0.16129032258064516,3,1
119,9,103,1,2,0,5,0,0,0,0,36,0,0,0,0,0,0,0,0,0,0.3025210084033613,0.3277310924369748,3,0
30,16,6,2,0,0,3,0,0,0,0,0,1,0,1,0,0,0,1,0,0,0.0,0.2,3,0
150,25,18,1,11,0,5,1,2,0,2,23,0,0,1,0,0,1,0,0,0,0.15333333333333332,0.17333333333333334,3,1
44,19,18,2,0,0,6,0,0,0,0,7,1,0,0,0,0,0,1,0,0,0.1590909090909091,0.20454545454545456,3,1
25,12,5,2,0,0,3,0,0,0,0,0,1,0,1,0,0,0,0,0,0,0.0,0.24,3,0
31,13,10,2,0,0,6,0,0,0,0,1,1,0,1,0,0,0,0,0,0,0.03225806451612903,0.2903225806451613,3,0
53,23,22,1,2,0,5,0,0,0,0,0,0,0,1,0,0,0,0,0,0,0.0,0.16981132075471697,3,1
80,26,46,3,1,0,4,0,1,0,0,21,2,0,1,0,0,1,2,0,0,0.2625,0.175,2,1
34,12,14,2,1,0,4,0,0,0,0,0,1,0,1,0,0,0,0,0,0,0.0,0.23529411764705882,3,0
53,12,34,3,0,0,4,0,0,0,0,0,0,0,0,0,0,0,1,0,0,0.0,0.1509433962264151,3,1
38,31,0,3,1,0,2,0,0,0,0,0,2,0,0,0,0,1,1,0,0,0.0,0.18421052631578946,4,1
68,19,42,1,0,0,4,0,0,0,0,17,0,0,0,0,0,0,0,0,0,0.25,0.08823529411764706,3,1
72,22,43,1,1,0,7,0,0,0,0,3,0,0,0,0,0,0,3,1,0,0.041666666666666664,0.1388888888888889,3,1
84,13,15,2,0,1,4,1,3,0,2,1,0,0,0,0,0,0,0,0,0,0.011904761904761904,0.17857142857142858,3,0
55,14,33,2,0,2,6,0,1,0,0,5,1,0,1,0,0,0,0,0,0,0.09090909090909091,0.21818181818181817,3,0
25,8,9,1,0,0,3,0,0,0,0,0,0,0,1,0,0,0,0,0,0,0.0,0.2,3,0
29,22,0,2,0,0,2,0,0,0,0,2,1,0,0,0,0,0,0,0,0,0.06896551724137931,0.1724137931034483,3,1
34,27,0,3,1,0,2,0,0,0,0,0,2,0,0,0,0,1,0,0,0,0.0,0.20588235294117646,2,1
39,20,11,1,2,0,4,0,0,0,0,0,0,0,1,0,0,1,0,0,0,0.0,0.20512820512820512,3,1
142,51,84,3,4,1,9,0,0,0,0,0,2,0,0,0,0,1,4,0,0,0.0,0.1267605633802817,2,1
41,18,15,2,0,0,4,0,0,0,0,4,1,0,1,0,0,0,0,0,0,0.0975609756097561,0.17073170731707318,3,0
72,13,51,2,0,0,7,0,0,0,0,13,1,0,1,0,0,0,0,0,0,0.18055555555555555,0.1388888888888889,3,1
35,9,18,1,0,0,3,0,0,0,0,6,0,0,1,0,0,0,0,0,0,0.17142857142857143,0.14285714285714285,3,1
45,29,8,2,2,0,3,0,0,0,0,0,1,0,1,0,0,1,0,0,0,0.0,0.17777777777777778,3,1
62,21,33,2,0,2,6,0,1,0,0,5,1,0,1,0,0,0,0,1,0,0.08064516129032258,0.1935483870967742,3,0
83,12,64,2,0,0,11,0,0,0,0,0,1,0,0,0,0,0,1,0,0,0.0,0.1686746987951807,2,1
45,17,20,2,0,0,5,0,0,0,0,0,1,0,1,0,0,0,0,0,0,0.0,0.17777777777777778,3,0
52,29,15,1,2,0,3,0,0,0,0,1,0,0,1,0,0,1,0,0,0,0.019230769230769232,0.1346153846153846,3,1
133,15,111,1,12,3,7,0,0,0,0,15,0,0,0,0,0,0,0,0,0,0.11278195488721804,0.18045112781954886,3,0
104,15,82,3,1,0,5,0,0,0,0,9,0,0,0,0,0,0,0,0,0,0.08653846153846154,0.20192307692307693,2,0
23,8,7,1,0,0,3,0,0,0,0,0,0,0,1,0,0,0,0,0,0,0.0,0.21739130434782608,3,0
60,21,31,2,0,0,5,0,0,0,0,6,0,0,1,0,0,0,0,0,0,0.1,0.13333333333333333,3,1
90,24,58,4,0,0,8,0,0,0,0,0,1,0,1,0,0,0,1,1,0,0.0,0.14444444444444443,3,1
48,18,22,3,0,0,5,0,0,0,0,1,1,0,1,0,0,0,0,1,0,0.020833333333333332,0.1875,3,0
21,13,1,3,0,0,3,0,0,0,0,10,2,1,0,0,0,0,0,0,0,0.47619047619047616,0.3333333333333333,3,1
56,15,33,2,0,2,6,0,1,0,0,5,1,0,1,0,0,0,0,0,0,0.08928571428571429,0.21428571428571427,3,0
103,14,82,2,7,0,8,0,0,0,0,8,0,0,0,0,0,0,0,0,0,0.07766990291262135,0.17475728155339806,3,0
75,8,60,2,1,2,7,0,0,0,0,0,0,0,0,0,0,0,0,0,0,0.0,0.17333333333333334,2,1
76,16,52,1,1,0,8,0,0,0,0,0,0,0,1,0,0,0,0,1,0,0.0,0.14473684210526316,3,1
106,13,86,1,11,0,5,0,0,0,0,8,0,0,0,0,0,0,0,0,0,0.07547169811320754,0.16981132075471697,3,0
37,14,15,2,1,0,3,0,0,0,0,0,1,0,1,0,0,0,1,0,0,0.0,0.1891891891891892,3,0
36,18,10,2,0,0,6,0,0,0,0,1,1,0,1,0,0,0,0,0,0,0.027777777777777776,0.25,3,0
55,10,37,2,4,0,5,0,0,0,0,4,1,0,1,0,0,0,0,0,0,0.07272727272727272,0.21818181818181817,3,0
84,8,69,1,9,0,4,0,0,0,0,4,0,0,0,0,0,0,0,0,0,0.047619047619047616,0.17857142857142858,3,0
22,7,7,1,0,0,3,0,0,0,0,0,0,0,1,0,0,0,0,0,0,0.0,0.22727272727272727,2,1
31,19,5,1,1,0,4,0,0,0,0,0,0,0,0,0,0,1,0,0,0,0.0,0.22580645161290322,3,1
36,22,6,2,0,0,3,0,0,0,0,0,1,0,1,0,0,0,1,0,0,0.0,0.16666666666666666,3,0
138,13,9,2,1,0,3,1,7,0,6,45,1,0,0,0,0,0,0,0,0,0.32608695652173914,0.1956521739130435,3,1
29,12,9,2,0,0,3,0,0,0,0,0,1,0,1,0,0,0,0,0,0,0.0,0.20689655172413793,3,0
106,10,15,2,0,0,4,1,9,0,8,3,0,0,0,0,0,0,0,0,0,0.02830188679245283,0.2358490566037736,3,0
29,13,8,2,0,0,3,0,0,0,0,0,1,0,1,0,0,0,0,1,0,0.0,0.20689655172413793,3,0
140,19,75,2,2,0,8,1,2,0,1,19,0,0,0,0,0,0,1,0,0,0.1357142857142857,0.1357142857142857,3,1
73,22,44,1,1,0,8,0,0,0,0,3,0,0,0,0,0,0,3,1,0,0.0410958904109589,0.1506849315068493,3,1
30,14,8,2,0,0,3,0,0,0,0,0,1,0,1,0,0,0,0,0,0,0.0,0.2,3,0
41,18,15,2,1,0,3,0,0,0,0,0,1,0,1,0,0,0,1,0,0,0.0,0.17073170731707318,3,0
44,16,20,2,0,0,5,0,0,0,0,0,1,0,1,0,0,0,0,0,0,0.0,0.18181818181818182,3,0
46,38,1,2,0,0,3,0,0,0,0,6,1,0,0,0,0,0,0,0,0,0.13043478260869565,0.13043478260869565,3,1
98,17,74,1,9,0,5,0,0,0,0,8,0,0,0,0,0,0,0,0,0,0.08163265306122448,0.16326530612244897,3,0
40,31,1,4,0,0,3,0,0,0,0,0,3,0,1,0,0,0,0,1,0,0.0,0.2,3,1
219,19,26,2,0,1,6,1,3,0,2,68,0,0,1,0,0,0,1,0,0,0.3105022831050228,0.0821917808219178,3,1
58,26,25,3,1,0,5,0,0,0,0,0,2,0,0,0,0,0,0,0,0,0.0,0.1724137931034483,2,1
39,11,20,2,0,0,5,0,0,0,0,0,1,0,1,0,0,0,0,0,0,0.0,0.20512820512820512,3,0
37,20,9,2,0,0,3,0,0,0,0,0,1,0,1,0,0,0,0,0,0,0.0,0.16216216216216217,3,0
31,8,15,1,1,0,3,0,0,0,0,0,0,0,1,0,0,0,1,0,0,0.0,0.1935483870967742,3,0
23,16,0,3,0,0,2,0,0,0,0,0,2,0,0,0,0,0,0,0,0,0.0,0.2608695652173913,2,1
104,9,18,1,0,0,3,1,1,0,0,13,0,0,1,0,0,0,0,0,0,0.125,0.0673076923076923,2,1
33,15,10,2,0,0,6,0,0,0,0,1,1,0,1,0,0,0,0,0,0,0.030303030303030304,0.2727272727272727,3,0
52,11,33,2,0,2,6,0,1,0,0,5,1,0,1,0,0,0,0,0,0,0.09615384615384616,0.23076923076923078,3,0
32,23,1,2,0,0,3,0,0,0,0,3,1,0,1,0,0,0,0,0,0,0.09375,0.1875,3,1
101,18,4,4,1,0,4,1,1,1,0,7,1,0,1,0,0,1,0,1,0,0.06930693069306931,0.12871287128712872,3,1
43,13,22,2,0,1,4,0,0,0,0,0,1,0,1,0,0,0,0,0,0,0.0,0.18604651162790697,3,0
46,16,22,3,0,0,5,0,0,0,0,1,1,0,1,0,0,0,0,0,0,0.021739130434782608,0.1956521739130435,3,0
65,20,38,1,2,0,7,0,0,0,0,0,0,0,0,0,0,1,0,0,0,0.0,0.16923076923076924,3,1
49,16,25,1,0,0,6,0,0,0,0,0,0,0,1,0,0,0,0,0,0,0.0,0.16326530612244897,3,1
45,15,22,3,0,0,5,0,0,0,0,1,1,0,1,0,0,0,0,0,0,0.022222222222222223,0.2,3,0
46,16,23,3,0,0,4,0,0,0,0,0,1,0,0,0,0,0,0,0,0,0.0,0.17391304347826086,2,1
29,15,6,2,0,0,3,0,0,0,0,0,1,0,1,0,0,0,0,0,0,0.0,0.20689655172413793,3,1
129,33,62,3,1,1,10,1,2,0,1,11,1,0,1,0,0,0,1,0,0,0.08527131782945736,0.16279069767441862,3,1
70,12,15,2,0,2,4,1,1,0,0,10,0,0,0,0,0,0,0,0,0,0.14285714285714285,0.15714285714285714,3,1
80,26,46,3,1,0,4,0,1,0,0,21,2,0,1,0,0,1,2,0,0,0.2625,0.175,2,1
41,14,20,3,0,0,5,0,0,0,0,0,1,0,0,0,0,0,0,0,0,0.0,0.21951219512195122,2,1
53,13,32,2,3,0,5,0,0,0,0,0,1,0,1,0,0,0,0,0,0,0.0,0.20754716981132076,3,0
57,7,33,1,0,0,4,1,1,0,0,7,0,0,1,0,0,0,0,0,0,0.12280701754385964,0.15789473684210525,2,1
42,17,18,1,0,0,5,0,0,0,0,0,0,0,0,0,0,0,1,1,0,0.0,0.16666666666666666,3,1
177,30,82,5,4,0,7,1,2,0,1,45,1,0,1,0,0,0,0,1,0,0.2542372881355932,0.1638418079096045,3,1
91,14,70,1,6,0,9,0,0,0,0,8,0,0,0,0,0,0,0,1,0,0.08791208791208792,0.18681318681318682,3,0
51,14,30,2,0,0,5,0,0,0,0,0,0,0,0,0,0,0,0,1,0,0.0,0.1568627450980392,3,1
55,28,19,4,0,0,5,0,0,0,0,13,3,0,1,0,0,0,1,0,0,0.23636363636363636,0.18181818181818182,2,1
32,17,7,2,0,0,3,0,0,0,0,0,1,0,1,0,0,0,0,0,0,0.0,0.1875,3,0
31,9,14,1,1,0,4,0,0,0,0,0,0,0,1,0,0,0,0,1,0,0.0,0.22580645161290322,3,0
16,5,4,1,0,0,4,0,0,0,0,2,0,0,0,0,0,0,0,0,0,0.125,0.375,2,1
33,18,7,2,0,0,3,0,0,0,0,0,1,0,1,0,0,0,0,1,0,0.0,0.18181818181818182,3,0
140,30,44,5,5,0,7,1,2,0,1,24,1,0,1,0,0,0,1,1,0,0.17142857142857143,0.17142857142857143,3,1
77,19,50,2,0,0,5,0,0,0,0,4,1,0,1,0,0,0,0,0,0,0.05194805194805195,0.1038961038961039,3,1
251,12,124,2,3,0,11,1,4,0,1,86,0,0,0,0,0,0,0,0,0,0.3426294820717131,0.09561752988047809,3,1
59,32,19,1,4,0,5,0,0,0,0,0,0,0,1,0,0,1,0,0,0,0.0,0.1864406779661017,3,1
50,22,21,3,0,0,4,0,0,0,0,0,1,0,0,0,0,0,0,1,0,0.0,0.16,3,1
30,23,0,1,1,0,2,0,0,0,0,0,0,0,0,0,0,1,0,0,0,0.0,0.16666666666666666,4,1
102,13,81,2,4,0,7,0,0,0,0,0,0,0,1,0,0,0,0,1,0,0.0,0.13725490196078433,2,0
43,13,22,2,0,1,4,0,0,0,0,0,1,0,1,0,0,0,0,1,0,0.0,0.18604651162790697,3,0
59,14,37,2,4,0,5,0,0,0,0,4,1,0,1,0,0,0,0,0,0,0.06779661016949153,0.2033898305084746,3,0
109,21,81,1,4,0,3,0,3,0,3,1,0,0,0,0,0,0,0,0,0,0.009174311926605505,0.13761467889908258,3,0
127,61,10,3,4,2,3,1,1,0,0,45,1,0,1,0,0,1,0,0,0,0.3543307086614173,0.11811023622047244,3,1
276,31,72,4,0,1,8,1,3,0,2,117,1,0,0,0,0,0,1,0,0,0.42391304347826086,0.07971014492753623,3,1
339,16,58,5,12,14,9,1,6,0,3,19,1,0,0,0,0,0,0,0,0,0.05604719764011799,0.17699115044247787,2,1
100,9,84,2,14,0,4,0,0,0,0,17,0,0,0,0,0,0,0,0,0,0.17,0.21,2,0
64,15,42,2,1,0,9,0,0,0,0,0,1,0,0,0,0,0,1,0,0,0.0,0.203125,2,1
56,15,33,2,0,2,6,0,1,0,0,5,1,0,1,0,0,0,0,0,0,0.08928571428571429,0.21428571428571427,3,0
21,12,1,1,0,0,3,0,0,0,0,0,0,0,1,0,0,0,0,0,0,0.0,0.23809523809523808,3,1
96,6,83,1,9,0,6,0,0,0,0,4,0,0,0,0,0,0,0,0,0,0.041666666666666664,0.17708333333333334,3,0
39,17,14,2,1,0,4,0,0,0,0,0,1,0,1,0,0,0,0,0,0,0.0,0.20512820512820512,3,0
51,11,32,2,3,0,5,0,0,0,0,0,1,0,1,0,0,0,0,0,0,0.0,0.21568627450980393,3,0
61,15,39,3,0,0,8,0,0,0,0,0,1,0,0,0,0,0,0,0,0,0.0,0.19672131147540983,2,1
41,16,18,4,0,0,4,0,0,0,0,0,2,0,0,0,0,0,0,0,0,0.0,0.21951219512195122,2,1
55,14,33,2,0,2,6,0,1,0,0,5,1,0,1,0,0,0,0,0,0,0.09090909090909091,0.21818181818181817,3,0
32,25,0,2,0,0,2,0,0,0,0,0,1,0,0,0,0,0,0,0,0,0.0,0.15625,3,1
45,26,7,2,0,0,3,0,0,0,0,4,1,0,0,1,0,0,0,0,0,0.08888888888888889,0.15555555555555556,3,1
54,14,32,2,3,0,5,0,0,0,0,0,1,0,1,0,0,0,0,0,0,0.0,0.2037037037037037,3,0
123,7,109,1,14,0,5,0,0,0,0,6,0,0,0,0,0,0,0,0,0,0.04878048780487805,0.17073170731707318,3,0
21,13,0,1,0,0,2,0,0,0,0,0,0,0,1,0,0,0,0,0,0,0.0,0.19047619047619047,3,0
188,24,148,4,9,1,10,1,0,0,0,38,1,0,0,0,0,0,2,0,0,0.20212765957446807,0.13829787234042554,3,1
99,15,77,2,10,0,3,0,0,0,0,13,0,0,0,0,0,0,0,0,0,0.13131313131313133,0.2222222222222222,3,0
46,16,22,3,0,0,5,0,0,0,0,1,1,0,1,0,0,0,0,0,0,0.021739130434782608,0.1956521739130435,3,0
42,17,6,2,0,0,3,1,1,0,0,3,1,0,1,0,0,0,0,0,0,0.07142857142857142,0.19047619047619047,3,0
36,16,12,2,0,0,4,0,0,0,0,0,1,0,1,0,0,0,0,0,0,0.0,0.19444444444444445,3,0
38,15,15,2,0,0,4,0,0,0,0,4,1,0,1,0,0,0,0,0,0,0.10526315789473684,0.18421052631578946,3,0
48,18,22,3,0,0,5,0,0,0,0,1,1,0,1,0,0,0,0,0,0,0.020833333333333332,0.1875,3,0
60,20,33,2,0,0,6,0,0,0,0,4,1,0,0,0,0,0,1,1,0,0.06666666666666667,0.15,2,1
125,17,101,1,11,0,7,0,0,0,0,0,0,0,0,0,0,0,0,0,0,0.0,0.16,3,0
26,13,5,2,0,0,3,0,0,0,0,0,1,0,1,0,0,0,0,1,0,0.0,0.23076923076923078,3,0
48,18,22,2,0,1,4,0,0,0,0,0,1,0,1,0,0,0,0,0,0,0.0,0.16666666666666666,3,0
19,10,1,1,0,0,3,0,0,0,0,0,0,0,1,0,0,0,0,1,0,0.0,0.2631578947368421,3,0
38,15,15,2,0,0,4,0,0,0,0,4,1,0,1,0,0,0,0,0,0,0.10526315789473684,0.18421052631578946,3,0
107,19,60,6,1,0,8,1,1,1,0,2,3,0,1,0,0,0,1,0,0,0.018691588785046728,0.18691588785046728,2,1
77,18,23,4,0,1,6,1,2,0,1,0,1,0,1,0,0,0,2,0,0,0.0,0.2077922077922078,2,1
32,14,10,2,0,0,6,0,0,0,0,1,1,0,1,0,0,0,0,0,0,0.03125,0.28125,3,0
108,13,88,7,0,0,8,0,0,0,0,16,0,0,0,0,0,0,0,0,0,0.14814814814814814,0.14814814814814814,3,1
29,15,6,2,0,0,3,0,0,0,0,0,1,0,1,0,0,0,1,1,0,0.0,0.20689655172413793,3,0
49,8,33,1,0,2,6,0,1,0,0,5,0,0,1,0,0,0,0,0,0,0.10204081632653061,0.22448979591836735,3,0
53,13,32,2,3,0,5,0,0,0,0,0,1,0,1,0,0,0,0,0,0,0.0,0.20754716981132076,3,0
32,14,10,2,0,0,6,0,0,0,0,1,1,0,1,0,0,0,0,0,0,0.03125,0.28125,3,0
103,9,87,1,0,0,5,0,0,0,0,26,0,0,0,0,0,0,0,0,0,0.2524271844660194,0.32038834951456313,2,0
64,26,30,3,0,0,6,0,0,0,0,0,0,0,1,0,0,0,0,0,0,0.0,0.15625,3,1
50,10,32,1,3,0,5,0,0,0,0,0,0,0,1,0,0,0,0,0,0,0.0,0.2,3,0
105,20,78,5,0,0,10,0,0,0,0,1,1,0,0,0,0,0,0,0,0,0.009523809523809525,0.1523809523809524,3,1
34,16,10,2,0,0,6,0,0,0,0,1,1,0,1,0,0,0,0,0,0,0.029411764705882353,0.2647058823529412,3,0
41,11,22,2,0,1,4,0,0,0,0,0,1,0,1,0,0,0,0,0,0,0.0,0.1951219512195122,3,0
32,14,11,2,0,0,3,0,0,0,0,3,1,0,0,0,0,0,0,0,0,0.09375,0.1875,4,1
22,14,0,2,0,0,2,0,0,0,0,0,1,0,1,0,0,0,0,0,0,0.0,0.22727272727272727,3,0
21,13,0,2,0,0,2,0,0,0,0,0,1,0,1,0,0,0,0,0,0,0.0,0.23809523809523808,3,0
224,11,6,5,4,0,3,1,2,0,1,61,0,0,1,0,0,0,0,0,0,0.27232142857142855,0.24107142857142858,3,0
47,17,23,2,0,0,3,0,0,0,0,7,1,0,0,0,0,0,0,0,0,0.14893617021276595,0.1276595744680851,3,1
167,30,50,6,5,0,7,1,2,1,1,30,1,0,1,0,0,0,0,1,0,0.17964071856287425,0.1497005988023952,3,1
18,10,0,2,0,0,2,0,0,0,0,0,1,0,1,0,0,0,0,0,0,0.0,0.2777777777777778,3,0
45,15,22,2,0,1,4,0,0,0,0,0,1,0,1,0,0,0,0,0,0,0.0,0.17777777777777778,3,0
25,12,5,1,0,0,3,0,0,0,0,0,0,0,1,0,0,0,0,0,0,0.0,0.2,3,0
41,18,15,2,1,0,3,0,0,0,0,0,1,0,1,0,0,0,1,0,0,0.0,0.17073170731707318,3,0
31,13,10,3,0,0,3,0,0,0,0,0,1,0,1,0,0,0,0,0,0,0.0,0.22580645161290322,2,1
41,11,22,2,0,0,5,0,0,0,0,1,0,0,1,0,0,0,0,0,0,0.024390243902439025,0.1951219512195122,3,0
29,15,6,2,0,0,3,0,0,0,0,0,1,0,1,0,0,0,1,0,0,0.0,0.20689655172413793,3,0
87,14,66,2,6,0,9,0,0,0,0,9,0,0,0,0,0,0,0,0,0,0.10344827586206896,0.20689655172413793,3,0
49,22,20,3,0,0,4,0,0,0,0,0,1,0,0,0,0,0,0,1,0,0.0,0.16326530612244897,3,1
32,23,1,2,0,0,3,0,0,0,0,3,1,0,1,0,0,0,0,0,0,0.09375,0.1875,3,1
100,10,83,2,9,0,3,0,0,0,0,31,0,0,0,0,0,0,0,0,0,0.31,0.15,2,0
95,13,13,3,0,1,3,1,2,2,1,0,0,0,1,0,0,0,0,0,0,0.0,0.15789473684210525,3,1
45,17,20,2,0,0,5,0,0,0,0,0,1,0,1,0,0,0,0,0,0,0.0,0.17777777777777778,3,0
48,18,22,3,0,1,4,0,0,0,0,0,2,0,1,0,0,0,0,1,0,0.0,0.1875,3,0
195,14,16,2,1,1,4,1,3,0,2,100,0,0,0,0,0,1,1,0,0,0.5128205128205128,0.07692307692307693,2,1
24,16,0,2,0,0,2,0,0,0,0,0,1,0,1,0,0,0,0,1,0,0.0,0.20833333333333334,3,0
39,16,15,2,1,0,3,0,0,0,0,0,1,0,1,0,0,0,1,0,0,0.0,0.1794871794871795,3,0
30,17,5,2,0,0,3,0,0,0,0,0,1,0,1,0,0,0,0,0,0,0.0,0.2,3,0
56,13,35,1,0,0,9,0,0,0,0,0,0,0,1,0,0,0,0,0,0,0.0,0.19642857142857142,3,1
131,15,109,1,0,1,7,0,1,0,0,24,0,0,0,0,0,0,2,0,0,0.183206106870229,0.08396946564885496,2,1
143,26,85,2,1,3,7,1,2,0,1,12,1,0,1,1,0,1,0,0,0,0.08391608391608392,0.16083916083916083,3,1
53,15,30,2,0,0,5,0,0,0,0,2,0,0,1,0,0,0,0,1,0,0.03773584905660377,0.1509433962264151,3,1
36,8,20,1,0,0,5,0,0,0,0,0,0,0,1,0,0,0,0,0,0,0.0,0.19444444444444445,3,0
99,15,76,2,0,0,7,0,0,0,0,8,1,0,1,0,0,0,0,1,0,0.08080808080808081,0.10101010101010101,3,1
37,14,15,2,1,0,3,0,0,0,0,0,1,0,1,0,0,0,1,1,0,0.0,0.1891891891891892,3,0
28,15,5,2,0,0,3,0,0,0,0,0,1,0,1,0,0,0,0,0,0,0.0,0.21428571428571427,3,0
22,13,1,2,0,0,3,0,0,0,0,0,1,0,1,0,0,0,1,0,0,0.0,0.2727272727272727,3,0
52,16,29,2,1,0,4,0,0,0,0,10,1,0,0,0,0,0,0,0,0,0.19230769230769232,0.17307692307692307,2,1
43,15,20,2,0,0,5,0,0,0,0,0,1,0,1,0,0,0,0,0,0,0.0,0.18604651162790697,3,0
86,78,1,6,4,0,3,0,0,0,0,1,5,0,0,0,0,1,2,1,0,0.011627906976744186,0.16279069767441862,2,1
147,13,36,9,1,1,10,2,2,0,0,6,0,0,1,0,0,1,0,0,0,0.04081632653061224,0.1836734693877551,3,1
89,14,68,1,0,1,6,0,0,0,0,26,0,0,0,0,0,0,0,0,0,0.29213483146067415,0.30337078651685395,2,0
56,29,20,2,3,1,3,0,0,0,0,11,0,0,0,0,0,1,2,0,0,0.19642857142857142,0.17857142857142858,2,1
34,20,6,2,0,0,3,0,0,0,0,3,1,0,1,0,0,0,0,0,0,0.08823529411764706,0.17647058823529413,3,1
22,14,0,2,0,0,2,0,0,0,0,0,1,0,1,0,0,0,0,1,0,0.0,0.22727272727272727,3,0
36,16,12,2,0,0,4,0,0,0,0,0,1,0,1,0,0,0,0,0,0,0.0,0.19444444444444445,3,0
29,12,10,3,0,0,3,0,0,0,0,0,1,0,0,0,0,0,0,0,0,0.0,0.2413793103448276,2,1
36,13,15,2,1,0,3,0,0,0,0,0,1,0,1,0,0,0,1,0,0,0.0,0.19444444444444445,3,0
93,6,80,1,6,0,6,0,0,0,0,4,0,0,0,0,0,0,1,0,0,0.043010752688172046,0.15053763440860216,3,0
97,7,83,1,9,0,5,0,0,0,0,5,0,0,0,0,0,0,0,0,0,0.05154639175257732,0.16494845360824742,3,0
73,14,16,3,0,2,5,1,1,0,0,11,1,0,0,0,0,0,1,0,0,0.1506849315068493,0.1780821917808219,2,1
45,24,13,4,0,0,4,0,0,0,0,0,2,0,1,0,0,0,0,0,0,0.0,0.2,2,1
31,11,12,2,0,0,4,0,0,0,0,0,1,0,1,0,0,0,0,0,0,0.0,0.22580645161290322,3,0
76,17,20,3,1,0,4,1,3,0,1,0,1,0,0,0,0,0,1,0,0,0.0,0.19736842105263158,3,1
33,24,1,3,1,0,3,0,0,0,0,0,2,0,1,0,0,1,0,0,0,0.0,0.24242424242424243,2,1
74,14,53,3,3,0,8,0,0,0,0,0,1,0,0,0,0,0,0,0,0,0.0,0.20270270270270271,2,1
100,7,86,1,11,0,6,0,0,0,0,11,0,0,0,0,0,0,0,0,0,0.11,0.19,3,0
34,17,9,2,0,0,3,0,0,0,0,0,1,0,1,0,0,0,0,0,0,0.0,0.17647058823529413,3,0
30,21,1,2,0,0,3,0,0,0,0,0,1,0,1,0,0,0,0,0,0,0.0,0.2,3,0
32,23,1,2,2,0,3,0,0,0,0,0,1,0,1,0,0,1,0,0,0,0.0,0.25,2,1
33,12,14,1,0,0,5,0,0,0,0,0,0,0,0,0,0,0,1,0,0,0.0,0.21212121212121213,3,1
85,77,1,7,1,0,3,0,0,0,0,25,6,0,0,0,0,1,3,1,0,0.29411764705882354,0.1411764705882353,2,1
28,20,0,2,0,0,2,0,0,0,0,0,1,0,1,0,0,0,0,0,0,0.0,0.17857142857142858,3,0
50,26,17,2,1,0,4,0,0,0,0,3,1,0,0,0,0,1,0,1,0,0.06,0.16,4,1
64,10,46,1,0,0,6,0,0,0,0,21,0,0,1,0,0,0,0,0,0,0.328125,0.125,2,1
55,19,29,3,3,0,3,0,0,0,0,2,0,0,0,0,0,1,1,1,0,0.03636363636363636,0.18181818181818182,4,1
44,25,12,4,0,0,4,0,0,0,0,1,2,0,0,0,0,0,0,0,0,0.022727272727272728,0.20454545454545456,2,1
136,24,9,1,13,0,9,1,2,0,1,12,0,0,1,0,0,1,0,0,0,0.08823529411764706,0.21323529411764705,3,1
85,13,64,2,5,0,7,0,0,0,0,0,1,0,1,0,0,0,2,0,0,0.0,0.17647058823529413,2,1
47,19,20,2,0,0,5,0,0,0,0,0,1,0,1,0,0,0,0,0,0,0.0,0.1702127659574468,3,0
20,11,1,2,0,0,3,0,0,0,0,0,1,0,1,0,0,0,0,0,0,0.0,0.3,3,0
22,14,1,1,1,0,3,0,0,0,0,0,0,0,0,0,0,1,0,1,0,0.0,0.2727272727272727,2,1
39,18,14,1,0,1,5,0,0,0,0,0,0,0,0,0,0,0,0,0,0,0.0,0.20512820512820512,3,1
100,13,80,1,10,0,8,0,0,0,0,8,0,0,0,0,0,0,0,0,0,0.08,0.2,3,0
84,15,62,2,12,0,3,0,0,0,0,3,0,0,0,0,0,0,0,0,0,0.03571428571428571,0.21428571428571427,3,0
46,18,20,2,0,0,5,0,0,0,0,0,1,0,1,0,0,0,0,0,0,0.0,0.17391304347826086,3,0
44,11,26,2,0,0,5,0,0,0,0,0,0,0,0,0,0,0,0,0,0,0.0,0.18181818181818182,3,1
106,19,80,2,1,0,9,0,0,0,0,20,1,0,0,0,0,0,0,0,0,0.18867924528301888,0.12264150943396226,3,1
26,14,4,1,0,0,3,0,0,0,0,0,0,0,1,0,0,0,0,0,0,0.0,0.19230769230769232,3,1
180,13,28,2,0,1,4,1,4,0,3,24,0,0,0,0,0,0,0,0,0,0.13333333333333333,0.25555555555555554,3,0
74,25,41,3,2,0,7,0,0,0,0,6,1,0,1,0,0,0,0,0,0,0.08108108108108109,0.17567567567567569,3,1
113,17,61,5,1,0,10,1,1,1,0,0,0,0,0,0,0,0,0,0,0,0.0,0.17699115044247787,2,1
93,27,58,2,2,0,9,0,0,0,0,0,1,0,1,0,0,1,0,1,0,0.0,0.15053763440860216,3,1
24,11,5,2,0,0,3,0,0,0,0,0,1,0,1,0,0,0,0,0,0,0.0,0.25,3,0
62,12,43,2,0,0,7,0,0,0,0,3,0,0,0,0,0,0,0,0,0,0.04838709677419355,0.16129032258064516,3,1
39,14,6,2,0,0,3,1,1,0,0,3,1,0,1,0,0,0,0,0,0,0.07692307692307693,0.20512820512820512,3,0
79,14,34,2,0,0,4,1,1,0,0,15,1,0,0,0,0,0,0,0,0,0.189873417721519,0.12658227848101267,2,1
26,17,1,1,0,0,3,0,0,0,0,1,0,0,1,0,0,0,0,0,0,0.038461538461538464,0.19230769230769232,4,1
22,14,0,1,0,0,2,0,0,0,0,3,0,0,1,0,0,0,0,0,0,0.13636363636363635,0.18181818181818182,3,1
26,13,5,2,0,0,3,0,0,0,0,0,1,0,1,0,0,0,0,0,0,0.0,0.23076923076923078,3,0
41,11,22,2,0,1,4,0,0,0,0,0,1,0,1,0,0,0,0,0,0,0.0,0.1951219512195122,3,0
46,16,22,2,0,1,4,0,0,0,0,0,1,0,1,0,0,0,0,0,0,0.0,0.17391304347826086,3,0
54,11,35,2,0,0,4,0,0,0,0,8,1,0,1,0,0,0,0,0,0,0.14814814814814814,0.12962962962962962,3,1
56,15,33,2,0,2,6,0,1,0,0,5,1,0,1,0,0,0,0,0,0,0.08928571428571429,0.21428571428571427,3,0
41,21,12,2,0,0,4,0,0,0,0,0,1,0,1,0,0,0,0,0,0,0.0,0.17073170731707318,3,0
61,16,37,2,4,0,5,0,0,0,0,4,1,0,1,0,0,0,0,0,0,0.06557377049180328,0.19672131147540983,3,0
34,18,8,2,0,0,3,0,0,0,0,0,1,0,1,0,0,0,0,1,0,0.0,0.17647058823529413,3,0
59,14,37,2,4,0,5,0,0,0,0,4,1,0,1,0,0,0,0,0,0,0.06779661016949153,0.2033898305084746,3,0
49,19,22,3,0,0,5,0,0,0,0,1,1,0,1,0,0,0,0,0,0,0.02040816326530612,0.1836734693877551,3,0
23,15,1,2,0,0,3,0,0,0,0,2,1,0,0,0,0,0,0,0,0,0.08695652173913043,0.2608695652173913,3,1
62,17,37,2,4,0,5,0,0,0,0,4,1,0,1,0,0,0,0,0,0,0.06451612903225806,0.1935483870967742,3,0
46,16,22,3,0,0,5,0,0,0,0,1,1,0,1,0,0,0,0,0,0,0.021739130434782608,0.1956521739130435,3,0
28,20,1,2,0,0,3,0,0,0,0,2,1,0,0,0,0,0,0,0,0,0.07142857142857142,0.21428571428571427,2,1
61,23,30,2,0,0,5,0,0,0,0,0,0,0,1,0,0,0,1,0,0,0.0,0.13114754098360656,3,1
46,16,22,3,0,0,5,0,0,0,0,1,1,0,1,0,0,0,0,0,0,0.021739130434782608,0.1956521739130435,3,0
38,16,14,2,1,0,4,0,0,0,0,0,1,0,1,0,0,0,0,0,0,0.0,0.21052631578947367,3,0
43,9,27,2,0,0,6,0,0,0,0,0,0,0,0,0,0,0,0,0,0,0.0,0.20930232558139536,3,1
117,28,81,1,0,0,4,0,0,0,0,8,0,0,1,0,0,0,0,0,0,0.06837606837606838,0.05128205128205128,3,1
30,21,1,1,1,0,3,0,0,0,0,0,0,0,1,0,0,1,0,0,0,0.0,0.2,3,1
268,17,67,3,0,2,6,1,0,0,0,127,0,0,0,0,0,0,0,1,0,0.47388059701492535,0.048507462686567165,3,1
35,18,9,2,0,0,3,0,0,0,0,0,1,0,1,0,0,0,0,0,0,0.0,0.17142857142857143,3,0
31,11,12,1,0,0,4,0,0,0,0,0,0,0,1,0,0,0,0,0,0,0.0,0.1935483870967742,3,0
268,40,79,3,1,4,4,1,2,0,1,90,1,0,1,0,0,0,0,0,0,0.3358208955223881,0.06343283582089553,3,1
36,15,14,3,0,1,4,0,0,0,0,12,2,1,0,0,0,0,0,0,0,0.3333333333333333,0.25,3,1
21,12,1,1,0,0,3,0,0,0,0,0,0,0,1,0,0,0,0,0,0,0.0,0.23809523809523808,3,1
162,30,41,6,4,0,7,1,2,1,1,25,1,0,1,0,0,0,0,1,0,0.15432098765432098,0.14814814814814814,3,1
30,15,7,2,0,0,3,0,0,0,0,0,1,0,1,0,0,0,0,0,0,0.0,0.2,3,0
61,16,37,2,4,0,5,0,0,0,0,4,1,0,1,0,0,0,0,0,0,0.06557377049180328,0.19672131147540983,3,0
36,23,5,2,0,0,3,0,0,0,0,0,1,0,1,0,0,0,0,0,0,0.0,0.16666666666666666,3,0
26,12,6,2,0,0,3,0,0,0,0,0,1,0,1,0,0,0,1,0,0,0.0,0.23076923076923078,3,0
129,6,9,4,2,2,3,1,3,0,2,16,0,0,0,0,0,0,0,0,0,0.12403100775193798,0.1937984496124031,3,1
61,12,42,2,0,0,7,0,0,0,0,3,0,0,0,0,0,0,0,0,0,0.04918032786885246,0.16393442622950818,3,1
45,29,8,2,0,0,3,1,0,0,0,22,1,0,0,0,0,0,0,0,0,0.4888888888888889,0.15555555555555556,3,1
77,15,54,1,1,0,9,0,0,0,0,1,0,0,1,0,0,0,0,1,0,0.012987012987012988,0.15584415584415584,3,1
26,13,5,2,0,0,3,0,0,0,0,0,1,0,1,0,0,0,0,0,0,0.0,0.23076923076923078,3,0
47,18,21,2,0,0,5,0,0,0,0,0,0,0,1,0,0,0,0,0,0,0.0,0.1702127659574468,3,1
62,12,42,2,1,0,6,0,0,0,0,1,0,0,1,0,0,0,1,1,0,0.016129032258064516,0.16129032258064516,2,1
34,12,15,2,0,1,5,0,0,0,0,0,1,0,0,0,0,0,0,0,0,0.0,0.2647058823529412,3,1
23,14,1,2,0,0,3,0,0,0,0,0,1,0,1,0,0,0,0,0,0,0.0,0.2608695652173913,3,0
30,13,9,2,0,0,3,0,0,0,0,0,1,0,1,0,0,0,0,0,0,0.0,0.2,3,0
72,17,47,2,1,0,7,0,0,0,0,4,0,0,1,0,0,0,0,0,0,0.05555555555555555,0.1527777777777778,2,1
29,15,6,2,0,0,3,0,0,0,0,0,1,0,1,0,0,0,0,0,0,0.0,0.20689655172413793,3,0
40,18,14,2,1,0,4,0,0,0,0,0,1,0,1,0,0,0,0,0,0,0.0,0.2,3,0
181,25,148,2,17,0,8,0,0,0,0,35,1,0,1,0,0,1,0,0,0,0.19337016574585636,0.15469613259668508,3,1
43,13,22,3,0,0,5,0,0,0,0,1,1,0,1,0,0,0,0,0,0,0.023255813953488372,0.20930232558139536,3,0
44,14,22,2,0,1,4,0,0,0,0,0,1,0,1,0,0,0,0,0,0,0.0,0.18181818181818182,3,0
132,13,112,3,15,0,5,0,0,0,0,19,2,1,0,0,0,0,0,0,0,0.14393939393939395,0.18181818181818182,3,1
47,17,22,2,0,1,4,0,0,0,0,0,1,0,1,0,0,0,0,0,0,0.0,0.1702127659574468,3,0
63,18,37,2,4,0,5,0,0,0,0,4,1,0,1,0,0,0,0,0,0,0.06349206349206349,0.19047619047619047,3,0
63,28,27,2,0,0,5,0,0,0,0,0,0,0,1,0,0,0,0,1,0,0.0,0.12698412698412698,2,1
27,13,6,2,0,0,3,0,0,0,0,0,1,0,1,0,0,0,1,0,0,0.0,0.2222222222222222,3,0
28,12,9,2,1,0,3,0,0,0,0,0,0,0,0,0,0,1,0,0,0,0.0,0.25,2,1
53,19,27,1,0,0,5,0,0,0,0,8,0,0,0,0,0,0,0,0,0,0.1509433962264151,0.1320754716981132,3,1
32,15,9,2,0,0,3,0,0,0,0,0,1,0,1,0,0,0,0,1,0,0.0,0.1875,3,0
93,14,60,2,7,0,5,1,1,0,0,8,1,0,0,0,0,0,0,0,0,0.08602150537634409,0.1827956989247312,3,0
88,65,16,2,5,0,5,0,0,0,0,0,1,0,0,0,0,1,3,1,0,0.0,0.14772727272727273,3,1
98,16,74,3,0,0,4,0,0,0,0,7,1,0,1,0,0,0,0,0,0,0.07142857142857142,0.08163265306122448,2,1
24,11,5,2,0,0,3,0,0,0,0,0,1,0,1,0,0,0,0,0,0,0.0,0.25,3,0
64,12,45,1,0,0,6,0,0,0,0,22,0,0,0,0,0,0,0,0,0,0.34375,0.125,3,1
58,14,2,2,0,0,3,1,0,0,0,9,1,0,1,0,0,0,0,0,0,0.15517241379310345,0.1206896551724138,2,1
41,16,6,2,0,0,3,1,1,0,0,3,1,0,1,0,0,0,0,0,0,0.07317073170731707,0.1951219512195122,3,0
57,16,33,2,0,2,6,0,1,0,0,5,1,0,1,0,0,0,0,0,0,0.08771929824561403,0.21052631578947367,3,0
71,12,51,2,0,0,9,0,0,0,0,15,0,0,1,0,0,0,1,0,0,0.2112676056338028,0.16901408450704225,3,1
34,16,10,2,0,0,6,0,0,0,0,1,1,0,1,0,0,0,0,0,0,0.029411764705882353,0.2647058823529412,3,0
144,25,111,4,2,1,13,0,0,0,0,6,2,0,1,0,0,0,1,0,0,0.041666666666666664,0.14583333333333334,2,1
38,30,1,2,0,0,3,0,0,0,0,7,1,0,0,0,0,0,0,0,0,0.18421052631578946,0.15789473684210525,3,1
84,17,60,2,1,1,7,0,0,0,0,6,0,0,0,0,0,0,1,0,0,0.07142857142857142,0.14285714285714285,2,1
41,27,6,2,0,0,3,0,0,0,0,0,1,0,1,0,0,0,1,0,0,0.0,0.14634146341463414,3,0
46,16,22,2,0,1,4,0,0,0,0,0,1,0,1,0,0,0,0,0,0,0.0,0.17391304347826086,3,0
27,13,6,1,0,0,3,0,0,0,0,0,0,0,1,0,0,0,1,0,0,0.0,0.18518518518518517,3,0
50,29,13,2,0,0,5,0,0,0,0,0,1,0,1,0,0,0,0,0,0,0.0,0.16,2,1
35,12,15,1,0,0,4,0,0,0,0,4,0,0,1,0,0,0,0,1,0,0.11428571428571428,0.17142857142857143,3,0
19,11,0,2,0,0,2,0,0,0,0,0,1,0,1,0,0,0,0,0,0,0.0,0.2631578947368421,3,0
62,37,17,3,0,0,4,0,0,0,0,6,1,0,1,0,0,0,0,0,0,0.0967741935483871,0.12903225806451613,4,1
30,15,7,1,0,0,3,0,0,0,0,0,0,0,1,0,0,0,0,0,0,0.0,0.16666666666666666,3,0
35,10,18,1,1,0,5,0,0,0,0,0,0,0,0,0,0,0,0,0,0,0.0,0.22857142857142856,2,1
48,35,5,2,1,0,3,0,0,0,0,0,1,0,1,0,0,1,0,0,0,0.0,0.14583333333333334,3,1
32,15,9,2,0,0,3,0,0,0,0,0,1,0,1,0,0,0,0,0,0,0.0,0.1875,3,0
40,17,15,2,0,0,4,0,0,0,0,4,1,0,1,0,0,0,0,0,0,0.1,0.175,3,0
234,34,46,5,0,0,12,1,6,0,5,2,3,0,0,0,0,0,3,0,0,0.008547008547008548,0.15384615384615385,2,1
28,17,3,2,0,0,3,0,0,0,0,0,0,0,1,0,0,0,0,0,0,0.0,0.21428571428571427,2,1
72,16,14,2,0,0,5,1,4,0,0,3,1,0,1,0,0,0,0,0,0,0.041666666666666664,0.19444444444444445,3,1
255,10,105,3,4,4,10,1,3,0,2,54,0,0,0,0,0,0,3,0,0,0.21176470588235294,0.11764705882352941,3,1
41,19,14,2,1,0,4,0,0,0,0,0,1,0,1,0,0,0,0,0,0,0.0,0.1951219512195122,3,0
40,15,6,2,0,0,3,1,1,0,0,3,1,0,1,0,0,0,0,0,0,0.075,0.2,3,0
26,12,6,2,0,0,3,0,0,0,0,0,1,0,1,0,0,0,0,0,0,0.0,0.23076923076923078,3,0
22,9,5,1,0,0,3,0,0,0,0,0,0,0,1,0,0,0,0,0,0,0.0,0.22727272727272727,3,0
263,32,61,3,5,5,7,1,4,0,2,58,1,0,1,0,0,1,0,0,0,0.22053231939163498,0.12547528517110265,3,1
23,10,1,1,0,0,3,0,0,0,0,3,0,0,1,1,0,0,0,0,0,0.13043478260869565,0.2608695652173913,2,1
34,16,10,2,0,0,6,0,0,0,0,1,1,0,1,0,0,0,0,0,0,0.029411764705882353,0.2647058823529412,3,0
113,15,76,2,0,1,7,1,1,0,0,7,1,0,1,0,0,0,0,1,0,0.061946902654867256,0.11504424778761062,3,1
34,12,14,2,1,0,4,0,0,0,0,0,1,0,1,0,0,0,0,0,0,0.0,0.23529411764705882,2,0
78,14,57,1,1,0,6,0,0,0,0,18,0,0,0,0,0,1,0,0,0,0.23076923076923078,0.11538461538461539,2,1
35,17,10,2,0,0,6,0,0,0,0,1,1,0,1,0,0,0,0,0,0,0.02857142857142857,0.2571428571428571,3,0
244,19,52,2,1,1,7,1,3,0,2,96,0,0,0,0,0,0,1,0,0,0.39344262295081966,0.08196721311475409,3,1
65,12,46,2,1,0,6,0,0,0,0,0,0,0,0,0,0,0,0,0,0,0.0,0.15384615384615385,2,1
30,7,15,1,1,0,3,0,0,0,0,0,0,0,1,0,0,0,1,0,0,0.0,0.2,3,0
37,14,15,2,0,0,4,0,0,0,0,4,1,0,1,0,0,0,0,0,0,0.10810810810810811,0.1891891891891892,3,0
39,16,15,2,0,0,4,0,0,0,0,0,0,0,1,0,0,0,0,0,0,0.0,0.1794871794871795,3,1
112,15,76,2,2,2,8,1,1,0,0,12,1,0,1,0,0,0,0,1,0,0.10714285714285714,0.15178571428571427,3,1
45,37,1,1,0,0,3,0,0,0,0,0,0,0,0,0,0,0,0,0,0,0.0,0.1111111111111111,5,1
103,10,86,2,11,0,4,0,0,0,0,13,0,0,0,0,0,0,0,0,0,0.1262135922330097,0.17475728155339806,2,0
21,7,6,1,0,0,3,0,0,0,0,0,0,0,1,0,0,0,0,0,0,0.0,0.23809523809523808,2,1
79,15,43,4,1,0,6,1,0,0,1,17,2,1,0,0,0,0,0,1,0,0.21518987341772153,0.189873417721519,3,1
29,21,1,1,0,0,3,0,0,0,0,0,0,0,0,0,0,0,0,0,0,0.0,0.1724137931034483,3,1
22,8,6,1,0,0,3,0,0,0,0,0,0,0,1,0,0,0,0,0,0,0.0,0.22727272727272727,3,0
61,14,40,2,0,1,6,0,0,0,0,0,0,0,0,0,0,0,0,0,0,0.0,0.16393442622950818,3,1
148,15,15,7,0,0,4,1,2,0,1,9,1,0,1,0,0,0,1,0,0,0.060810810810810814,0.14189189189189189,3,1
40,17,15,2,0,0,4,0,0,0,0,4,1,0,1,0,0,0,0,0,0,0.1,0.175,3,0
59,13,38,1,1,0,8,0,0,0,0,0,0,0,1,0,0,0,1,0,0,0.0,0.1864406779661017,3,1
26,18,0,2,0,0,2,0,0,0,0,0,1,0,1,0,0,0,0,0,0,0.0,0.19230769230769232,3,0
56,16,32,2,3,0,5,0,0,0,0,0,1,0,1,0,0,0,0,1,0,0.0,0.19642857142857142,3,0
131,13,111,2,0,0,9,0,0,0,1,6,0,0,0,0,0,0,2,0,0,0.04580152671755725,0.09923664122137404,3,1
37,15,14,2,1,0,4,0,0,0,0,0,1,0,1,0,0,0,0,0,0,0.0,0.21621621621621623,3,0
24,13,4,1,0,0,4,0,0,0,0,0,0,0,0,0,0,0,0,0,0,0.0,0.25,3,1
39,31,1,2,0,0,3,0,0,0,0,0,1,0,0,0,0,0,0,0,0,0.0,0.15384615384615385,4,1
30,14,8,2,0,0,3,0,0,0,0,0,1,0,1,0,0,0,0,0,0,0.0,0.2,3,0
58,17,33,2,0,2,6,0,1,0,0,5,1,0,1,0,0,0,0,0,0,0.08620689655172414,0.20689655172413793,3,0
39,17,14,2,1,0,4,0,0,0,0,0,1,0,1,0,0,0,0,0,0,0.0,0.20512820512820512,3,0
53,12,33,1,0,0,8,0,0,0,0,0,0,0,1,0,0,0,0,0,0,0.0,0.18867924528301888,2,1
44,14,22,3,0,0,5,0,0,0,0,1,1,0,1,0,0,0,0,1,0,0.022727272727272728,0.20454545454545456,3,0
39,16,15,2,0,0,4,0,0,0,0,4,1,0,1,0,0,0,0,0,0,0.10256410256410256,0.1794871794871795,3,0
41,16,6,2,0,0,3,1,1,0,0,3,1,0,1,0,0,0,0,0,0,0.07317073170731707,0.1951219512195122,3,0
49,21,20,2,0,0,5,0,0,0,0,0,1,0,1,0,0,0,0,0,0,0.0,0.16326530612244897,3,0
106,12,79,2,0,11,5,1,1,0,0,8,0,0,0,0,0,0,0,0,0,0.07547169811320754,0.19811320754716982,3,0
43,25,10,2,0,0,6,0,0,0,0,1,1,0,1,0,0,0,0,0,0,0.023255813953488372,0.20930232558139536,3,0
43,15,21,2,1,0,4,0,0,0,0,0,0,0,0,0,0,0,0,0,0,0.0,0.18604651162790697,3,1
53,12,33,2,0,2,6,0,1,0,0,5,1,0,1,0,0,0,1,0,0,0.09433962264150944,0.22641509433962265,3,0
103,14,82,1,7,0,8,0,0,0,0,8,0,0,0,0,0,0,0,0,0,0.07766990291262135,0.1650485436893204,3,0
28,14,6,2,0,0,3,0,0,0,0,0,1,0,1,0,0,0,0,0,0,0.0,0.21428571428571427,3,0
37,17,12,2,0,0,4,0,0,0,0,0,1,0,1,0,0,0,0,0,0,0.0,0.1891891891891892,3,0
73,27,39,1,0,0,6,0,0,0,0,6,0,0,0,0,0,0,0,1,0,0.0821917808219178,0.1095890410958904,2,1
48,29,12,2,2,0,5,0,0,0,0,0,1,0,0,0,0,1,0,1,0,0.0,0.20833333333333334,3,1
39,14,6,2,0,0,3,1,1,0,0,3,1,0,1,0,0,0,0,0,0,0.07692307692307693,0.20512820512820512,3,0
47,17,22,2,0,1,4,0,0,0,0,0,1,0,1,0,0,0,0,0,0,0.0,0.1702127659574468,2,0
25,7,10,1,0,0,6,0,0,0,0,1,0,0,1,0,0,0,0,0,0,0.04,0.32,3,0
25,6,12,1,0,0,3,0,0,0,0,5,0,0,0,0,0,0,0,1,0,0.2,0.2,4,1
35,13,14,2,1,0,4,0,0,0,0,0,1,0,1,0,0,0,0,0,0,0.0,0.22857142857142856,3,0
39,16,15,2,0,0,4,0,0,0,0,4,1,0,1,0,0,0,0,0,0,0.10256410256410256,0.1794871794871795,3,0
23,10,5,1,0,0,3,0,0,0,0,0,0,0,1,0,0,0,0,0,0,0.0,0.21739130434782608,3,0
32,24,1,1,0,0,3,0,0,0,0,0,0,0,0,0,0,0,0,0,0,0.0,0.15625,3,1
100,6,87,1,2,0,9,0,0,0,0,1,0,0,0,0,0,0,0,0,0,0.01,0.13,2,0
28,13,7,2,0,0,3,0,0,0,0,0,1,0,1,0,0,0,0,0,0,0.0,0.21428571428571427,3,0
37,18,11,2,0,0,3,0,0,0,0,0,0,0,1,0,0,0,0,0,0,0.0,0.16216216216216217,3,1
28,15,5,2,0,0,3,0,0,0,0,0,1,0,1,0,0,0,0,0,0,0.0,0.21428571428571427,3,0
61,29,25,2,2,0,5,0,0,0,0,7,0,0,0,0,0,1,3,1,0,0.11475409836065574,0.16393442622950818,3,1
73,14,52,1,0,0,6,0,1,0,0,25,0,0,0,0,0,0,0,0,0,0.3424657534246575,0.1232876712328767,3,1
114,43,17,4,4,0,6,1,2,1,1,15,1,0,1,0,0,1,0,0,0,0.13157894736842105,0.18421052631578946,3,1
55,14,33,2,0,2,6,0,1,0,0,5,1,0,1,0,0,0,0,0,0,0.09090909090909091,0.21818181818181817,3,0
51,15,28,1,1,0,5,0,0,0,0,4,0,0,1,0,0,0,0,0,0,0.0784313725490196,0.1568627450980392,2,1
38,15,15,2,1,0,3,0,0,0,0,0,1,0,1,0,0,0,1,0,0,0.0,0.18421052631578946,3,0
85,6,72,2,3,0,8,0,0,0,0,1,0,0,0,0,0,0,0,0,0,0.011764705882352941,0.16470588235294117,2,0
47,17,22,2,0,1,4,0,0,0,0,0,1,0,1,0,0,0,0,0,0,0.0,0.1702127659574468,3,0
36,14,14,1,0,0,3,0,0,0,0,0,0,0,1,0,0,0,0,0,0,0.0,0.1388888888888889,2,1
36,22,7,1,0,0,4,0,0,0,0,0,0,0,0,0,0,0,0,0,0,0.0,0.16666666666666666,3,1
40,15,6,2,0,0,3,1,1,0,0,3,1,0,1,0,0,0,0,0,0,0.075,0.2,3,0
27,12,7,2,0,0,3,0,0,0,0,0,1,0,1,0,0,0,0,0,0,0.0,0.2222222222222222,3,0
39,17,14,2,1,0,4,0,0,0,0,0,1,0,1,0,0,0,0,0,0,0.0,0.20512820512820512,3,0
42,17,6,1,0,0,3,1,1,0,0,3,0,0,1,0,0,0,0,1,0,0.07142857142857142,0.16666666666666666,3,0
27,12,7,2,0,0,3,0,0,0,0,0,1,0,1,0,0,0,0,0,0,0.0,0.2222222222222222,3,0
54,13,33,1,0,0,8,0,0,0,0,0,0,0,1,0,0,0,0,0,0,0.0,0.18518518518518517,3,1
31,14,9,2,0,0,3,0,0,0,0,0,1,0,1,0,0,0,0,0,0,0.0,0.1935483870967742,3,0
38,16,14,2,1,0,4,0,0,0,0,0,1,0,1,0,0,0,0,1,0,0.0,0.21052631578947367,3,0
36,28,1,2,1,0,3,0,0,0,0,0,1,0,0,0,0,1,0,0,0,0.0,0.19444444444444445,2,1
30,12,10,2,0,0,6,0,0,0,0,1,1,0,1,0,0,0,0,0,0,0.03333333333333333,0.3,2,0
84,6,71,1,4,0,7,0,0,0,0,8,0,0,0,0,0,0,0,0,0,0.09523809523809523,0.15476190476190477,2,0
38,18,12,2,0,0,4,0,0,0,0,0,1,0,1,0,0,0,0,1,0,0.0,0.18421052631578946,3,0
33,17,8,2,0,0,3,0,0,0,0,0,1,0,1,0,0,0,0,0,0,0.0,0.18181818181818182,3,0
74,26,21,5,1,0,5,1,1,1,0,0,2,0,1,0,0,1,1,0,0,0.0,0.20270270270270271,3,1
31,6,4,1,0,0,3,1,1,0,0,8,0,0,0,0,0,0,0,0,0,0.25806451612903225,0.22580645161290322,2,1
57,17,32,2,3,0,5,0,0,0,0,0,1,0,1,0,0,0,0,1,0,0.0,0.19298245614035087,3,0
98,12,79,1,5,0,7,0,0,0,0,0,0,0,0,0,0,0,1,1,0,0.0,0.14285714285714285,3,0
52,22,22,3,0,0,5,0,0,0,0,1,1,0,1,0,0,0,0,1,0,0.019230769230769232,0.17307692307692307,3,0
461,12,86,3,3,0,10,1,0,0,0,240,1,0,1,0,0,0,1,0,0,0.5206073752711496,0.039045553145336226,3,1
84,37,39,2,1,0,9,0,0,0,0,0,1,0,1,0,0,0,1,0,0,0.0,0.15476190476190477,3,1
33,19,6,1,1,0,3,0,0,0,0,0,0,0,1,0,0,1,1,0,0,0.0,0.18181818181818182,3,1
92,6,79,1,6,0,5,0,0,0,0,8,0,0,0,0,0,0,0,0,0,0.08695652173913043,0.14130434782608695,2,0
91,13,71,1,0,0,9,0,0,0,0,24,0,0,0,0,0,0,1,0,0,0.26373626373626374,0.12087912087912088,3,1
52,12,32,2,3,0,5,0,0,0,0,0,1,0,1,0,0,0,0,0,0,0.0,0.21153846153846154,3,0
41,16,6,2,0,0,3,1,1,0,0,3,1,0,1,0,0,0,0,0,0,0.07317073170731707,0.1951219512195122,3,0
52,8,37,2,3,0,4,0,0,0,0,5,0,0,0,0,0,0,0,0,0,0.09615384615384616,0.19230769230769232,2,1
103,13,83,2,1,1,9,0,0,0,0,5,1,0,0,0,0,0,1,0,0,0.04854368932038835,0.13592233009708737,2,1
25,12,5,2,0,0,3,0,0,0,0,0,1,0,1,0,0,0,0,1,0,0.0,0.24,3,0
40,12,21,2,1,1,4,0,0,0,0,0,1,0,0,0,0,0,0,0,0,0.0,0.225,3,1
167,16,53,6,1,0,6,1,2,1,5,32,0,0,1,0,0,1,0,0,0,0.19161676646706588,0.1377245508982036,3,1
32,10,15,2,1,0,5,0,0,0,0,0,1,0,0,0,0,1,0,0,0,0.0,0.28125,2,1
64,17,15,4,0,0,4,1,1,1,0,0,0,0,1,0,0,0,0,0,0,0.0,0.1875,3,1
83,59,16,2,3,0,4,0,0,0,0,0,1,0,1,0,0,1,0,0,0,0.0,0.12048192771084337,3,1
96,18,33,5,0,0,5,1,1,1,0,2,1,0,0,0,0,0,1,0,0,0.020833333333333332,0.15625,3,1
84,9,67,1,6,0,5,0,0,0,0,5,0,0,1,0,0,0,0,0,0,0.05952380952380952,0.15476190476190477,3,0
80,16,56,1,0,0,6,0,0,0,0,22,0,0,1,0,0,0,0,0,0,0.275,0.1,3,1
17,8,1,1,0,0,3,0,0,0,0,0,0,0,1,0,0,0,0,0,0,0.0,0.29411764705882354,3,0
191,21,28,3,11,0,6,1,3,0,2,27,1,0,1,0,0,1,0,1,0,0.14136125654450263,0.1518324607329843,3,1
67,22,37,3,0,0,5,0,0,0,0,3,1,0,1,0,0,0,0,1,0,0.04477611940298507,0.13432835820895522,3,1
30,16,6,2,0,0,3,0,0,0,0,0,1,0,1,0,0,0,1,0,0,0.0,0.2,3,0
96,23,66,4,1,0,10,0,0,0,0,1,2,0,0,0,0,0,3,1,0,0.010416666666666666,0.16666666666666666,2,1
38,19,11,2,0,0,5,0,0,0,0,2,1,0,1,0,0,0,0,0,0,0.05263157894736842,0.21052631578947367,3,1
67,34,25,1,2,0,5,0,0,0,0,0,0,0,1,0,0,1,0,0,0,0.0,0.13432835820895522,3,1
100,15,12,3,1,3,4,1,5,0,4,22,1,0,0,0,0,0,0,0,0,0.22,0.22,2,0
68,60,1,7,1,0,3,0,0,0,0,0,6,0,0,0,0,1,3,1,0,0.0,0.17647058823529413,3,1
37,14,15,2,1,0,3,0,0,0,0,0,1,0,1,0,0,0,1,0,0,0.0,0.1891891891891892,3,0
65,33,24,3,0,1,4,0,0,0,0,0,2,0,1,0,0,0,0,0,0,0.0,0.13846153846153847,3,1
39,11,20,1,0,0,5,0,0,0,0,0,0,0,1,0,0,0,0,0,0,0.0,0.1794871794871795,3,0
52,21,24,1,0,0,5,0,0,0,0,0,0,0,0,0,0,0,0,0,0,0.0,0.1346153846153846,3,1
102,15,80,1,1,0,9,0,0,0,0,20,0,0,0,0,0,0,0,0,0,0.19607843137254902,0.11764705882352941,3,1
20,12,0,1,0,0,2,0,0,0,0,0,0,0,1,0,0,0,0,0,0,0.0,0.2,3,0
112,10,15,2,0,0,4,1,9,0,8,5,0,0,0,0,0,0,0,0,0,0.044642857142857144,0.22321428571428573,3,0
53,24,22,1,1,0,5,0,0,0,0,0,0,0,0,0,0,0,1,0,0,0.0,0.1509433962264151,3,1
55,12,36,2,0,1,7,0,0,0,0,0,1,0,0,0,0,0,0,0,0,0.0,0.2,2,1
320,23,60,3,5,5,9,1,5,0,4,77,1,0,1,0,0,1,0,0,0,0.240625,0.1375,3,1
38,15,15,2,1,0,3,0,0,0,0,0,1,0,1,0,0,0,1,0,0,0.0,0.18421052631578946,3,0
56,11,38,2,1,0,8,0,0,0,0,0,1,0,0,0,0,1,0,0,0,0.0,0.21428571428571427,2,1
28,15,5,2,0,0,3,0,0,0,0,0,1,0,1,0,0,0,0,0,0,0.0,0.21428571428571427,3,0
69,20,41,2,0,0,3,0,0,0,0,27,1,0,1,0,0,0,0,0,0,0.391304347826087,0.08695652173913043,3,1
42,14,20,2,0,0,5,0,0,0,0,0,1,0,1,0,0,0,0,0,0,0.0,0.19047619047619047,3,0
31,8,15,1,1,0,3,0,0,0,0,0,0,0,1,0,0,0,1,0,0,0.0,0.1935483870967742,3,0
53,15,15,2,0,0,6,1,0,0,0,0,0,0,1,0,0,0,0,1,0,0.0,0.18867924528301888,3,1
18,10,1,1,0,0,3,0,0,0,0,0,0,0,0,0,0,0,0,0,0,0.0,0.2777777777777778,4,1
379,43,329,4,1,0,14,0,0,0,0,187,2,0,0,0,0,0,0,0,0,0.49340369393139843,0.052770448548812667,3,1
166,11,148,2,1,0,4,0,0,0,0,24,1,0,0,0,0,0,0,0,0,0.14457831325301204,0.04819277108433735,2,1
35,17,10,2,0,0,6,0,0,0,0,1,1,0,1,0,0,0,0,0,0,0.02857142857142857,0.2571428571428571,3,0
155,15,61,2,2,1,8,2,3,0,2,21,1,0,1,0,0,0,1,0,0,0.13548387096774195,0.16774193548387098,3,1
50,31,12,3,0,0,3,0,0,0,0,0,1,0,0,0,0,0,0,0,0,0.0,0.14,3,1
26,18,0,2,0,0,2,0,0,0,0,0,1,0,1,0,0,0,0,1,0,0.0,0.19230769230769232,3,0
222,19,196,2,2,0,23,0,0,0,0,35,1,0,0,0,0,0,4,0,0,0.15765765765765766,0.12612612612612611,3,1
37,14,15,2,0,0,4,0,0,0,0,4,1,0,1,0,0,0,0,0,0,0.10810810810810811,0.1891891891891892,3,0
40,17,15,2,1,0,3,0,0,0,0,0,1,0,1,0,0,0,1,0,0,0.0,0.175,3,0
91,26,57,2,2,0,8,0,0,0,0,0,0,0,1,0,0,0,0,0,0,0.0,0.14285714285714285,3,1
30,22,1,2,0,0,3,0,0,0,0,6,1,0,0,0,0,0,0,0,0,0.2,0.2,4,1
46,16,22,3,0,0,5,0,0,0,0,1,1,0,1,0,0,0,0,0,0,0.021739130434782608,0.1956521739130435,3,0
80,14,58,1,2,0,6,0,0,0,0,10,0,0,1,0,0,1,0,1,0,0.125,0.1375,2,1
34,18,8,2,0,0,3,0,0,0,0,0,1,0,1,0,0,0,0,0,0,0.0,0.17647058823529413,3,0
202,14,55,4,12,0,8,1,3,0,2,51,2,0,0,0,0,0,0,0,0,0.2524752475247525,0.15346534653465346,2,1
26,18,0,2,0,0,2,0,0,0,0,0,1,0,1,0,0,0,0,0,0,0.0,0.19230769230769232,3,0
127,26,84,2,1,2,7,1,1,0,0,11,1,0,1,0,0,1,0,0,0,0.08661417322834646,0.13385826771653545,3,1
94,13,74,3,12,0,4,0,0,0,0,7,1,0,0,0,0,0,0,0,0,0.07446808510638298,0.2127659574468085,2,0
25,17,0,2,0,0,2,0,0,0,0,0,1,0,1,0,0,0,0,0,0,0.0,0.2,3,0
33,11,14,2,0,0,3,1,0,0,0,0,0,0,0,0,0,0,0,0,0,0.0,0.21212121212121213,2,1
79,7,65,1,1,0,9,0,0,0,0,0,0,0,0,0,0,0,0,0,0,0.0,0.1518987341772152,2,1
35,17,10,1,1,0,4,0,0,0,0,0,0,0,1,0,0,1,0,0,0,0.0,0.2,3,1
50,37,6,2,0,0,3,0,0,0,0,4,1,0,0,0,0,0,0,0,0,0.08,0.12,3,1
24,9,7,1,0,0,3,0,0,0,0,0,0,0,1,0,0,0,1,0,0,0.0,0.20833333333333334,3,0
86,10,57,1,0,0,5,1,2,0,1,36,0,0,0,0,0,0,0,0,0,0.4186046511627907,0.12790697674418605,3,0
20,11,1,1,0,0,3,0,0,0,0,0,0,0,1,0,0,0,0,0,0,0.0,0.25,3,1
45,15,22,2,0,1,4,0,0,0,0,0,1,0,1,0,0,0,0,0,0,0.0,0.17777777777777778,3,0
113,15,76,2,0,2,7,1,1,0,0,8,1,0,1,0,0,0,0,1,0,0.07079646017699115,0.12389380530973451,3,1
53,28,18,4,0,0,5,0,0,0,0,9,3,0,0,0,0,0,0,0,0,0.16981132075471697,0.18867924528301888,2,1
101,14,80,2,8,0,5,0,0,0,0,0,1,0,0,0,0,0,0,0,0,0.0,0.15841584158415842,2,0
108,17,61,3,1,4,10,1,1,1,0,0,0,0,0,0,0,0,0,0,0,0.0,0.2037037037037037,2,1
39,16,15,2,0,0,4,0,0,0,0,4,1,0,1,0,0,0,0,0,0,0.10256410256410256,0.1794871794871795,3,0
84,11,66,1,11,0,3,0,0,0,0,10,0,0,0,0,0,0,0,0,0,0.11904761904761904,0.19047619047619047,3,0
37,12,6,2,0,0,3,1,1,0,0,3,1,0,1,0,0,0,0,0,0,0.08108108108108109,0.21621621621621623,3,0
42,17,6,2,0,0,3,1,1,0,0,3,1,0,1,0,0,0,0,0,0,0.07142857142857142,0.19047619047619047,3,0
24,7,9,1,0,0,3,0,0,0,0,7,0,0,1,0,0,0,0,0,0,0.2916666666666667,0.20833333333333334,2,1
138,13,77,1,7,3,5,1,3,0,2,8,0,0,0,0,0,0,0,0,0,0.057971014492753624,0.16666666666666666,2,0
22,6,8,1,0,0,3,0,0,0,0,2,0,0,1,0,0,0,0,0,1,0.09090909090909091,0.22727272727272727,2,1
63,13,43,5,2,0,6,0,0,0,0,18,2,1,0,0,0,0,0,1,0,0.2857142857142857,0.2222222222222222,3,1
132,91,34,2,4,0,4,0,0,0,0,32,1,0,0,0,0,1,0,0,0,0.24242424242424243,0.08333333333333333,3,1
141,36,88,2,2,3,7,1,1,0,0,7,1,0,1,0,0,1,0,0,0,0.04964539007092199,0.1347517730496454,3,1
28,12,8,1,0,0,3,0,0,0,0,0,0,0,1,0,0,0,0,1,0,0.0,0.17857142857142858,3,0
60,15,37,2,4,0,5,0,0,0,0,4,1,0,1,0,0,0,0,0,0,0.06666666666666667,0.2,3,0
120,19,94,1,2,1,12,0,0,0,0,5,0,0,0,0,0,0,2,0,0,0.041666666666666664,0.14166666666666666,3,1
72,17,47,2,2,0,7,0,0,0,0,1,0,0,1,0,0,0,1,0,0,0.013888888888888888,0.16666666666666666,3,1
41,32,1,2,0,0,3,0,0,0,0,0,1,0,1,0,0,0,0,0,0,0.0,0.14634146341463414,3,1
40,18,14,2,1,0,4,0,0,0,0,0,1,0,1,0,0,0,0,1,0,0.0,0.2,3,0
237,17,38,14,0,0,7,2,6,0,10,63,0,0,0,0,0,0,1,0,0,0.26582278481012656,0.16877637130801687,3,1
36,14,14,2,1,0,4,0,0,0,0,0,1,0,1,0,0,0,0,0,0,0.0,0.2222222222222222,3,0
97,19,71,3,0,0,9,0,0,0,0,19,1,0,0,0,0,0,1,1,0,0.1958762886597938,0.13402061855670103,2,1
18,10,0,2,0,0,2,0,0,0,0,0,1,0,1,0,0,0,0,0,0,0.0,0.2777777777777778,2,0
54,11,30,2,1,0,8,1,1,0,0,5,1,0,0,0,0,1,0,0,0,0.09259259259259259,0.25925925925925924,2,1
86,13,66,1,8,0,5,0,0,0,0,6,0,0,0,0,0,0,0,0,0,0.06976744186046512,0.1744186046511628,3,0
65,19,39,1,1,0,6,0,0,0,0,0,0,0,0,0,0,0,0,0,0,0.0,0.13846153846153847,3,1
84,12,65,1,4,0,8,0,0,0,0,8,0,0,0,0,0,0,0,0,0,0.09523809523809523,0.16666666666666666,3,0
33,13,12,2,0,0,4,0,0,0,0,0,1,0,1,0,0,0,0,0,0,0.0,0.21212121212121213,3,0
75,15,53,2,0,0,8,0,0,0,0,0,0,0,0,0,0,0,1,1,0,0.0,0.14666666666666667,3,1
23,14,1,2,0,0,3,0,0,0,0,0,1,0,1,0,0,0,0,0,0,0.0,0.2608695652173913,3,0
33,7,19,2,0,0,5,0,0,0,0,0,0,0,0,0,0,0,0,0,0,0.0,0.24242424242424243,2,1
62,17,37,2,4,0,5,0,0,0,0,4,1,0,1,0,0,0,0,0,0,0.06451612903225806,0.1935483870967742,2,0
87,15,65,1,0,0,12,0,0,0,0,20,0,0,0,0,0,0,0,0,0,0.22988505747126436,0.16091954022988506,3,0
30,17,5,2,0,0,3,0,0,0,0,0,1,0,1,0,0,0,0,0,0,0.0,0.2,2,0
28,15,5,2,0,0,3,0,0,0,0,0,1,0,1,0,0,0,0,0,0,0.0,0.21428571428571427,3,0
32,12,13,1,0,0,4,0,0,0,0,2,0,0,0,0,0,0,0,0,0,0.0625,0.1875,2,1
44,25,11,2,0,0,5,0,0,0,0,3,1,0,1,0,0,0,0,0,0,0.06818181818181818,0.18181818181818182,3,1
23,15,0,1,1,0,2,0,0,0,0,0,0,0,1,0,0,1,0,0,0,0.0,0.21739130434782608,3,1
56,28,21,2,0,0,5,0,0,0,0,7,1,0,0,0,0,0,0,0,0,0.125,0.14285714285714285,3,1
117,13,69,2,0,0,8,1,1,1,0,0,0,0,0,0,0,0,1,0,0,0.0,0.11965811965811966,3,1
42,19,15,2,0,0,4,0,0,0,0,4,1,0,1,0,0,0,0,0,0,0.09523809523809523,0.16666666666666666,3,0
34,14,12,2,0,0,4,0,0,0,0,0,1,0,1,0,0,0,0,0,0,0.0,0.20588235294117646,3,0
46,21,18,3,0,0,3,0,0,0,0,0,1,0,0,0,0,0,0,0,0,0.0,0.15217391304347827,3,1
90,15,25,2,0,0,4,1,2,0,1,7,0,0,0,0,0,0,0,0,0,0.07777777777777778,0.12222222222222222,2,0
45,15,22,2,1,0,5,0,0,0,0,1,0,0,1,0,0,1,0,0,0,0.022222222222222223,0.2,3,1
27,15,4,2,0,0,3,0,0,0,0,0,1,0,1,0,0,0,0,0,0,0.0,0.2222222222222222,3,1
117,10,85,1,11,1,4,1,1,1,0,12,0,0,1,0,0,0,0,0,0,0.10256410256410256,0.1794871794871795,3,0
99,15,76,2,0,1,7,0,0,0,0,14,1,0,1,0,0,0,0,1,0,0.1414141414141414,0.1111111111111111,3,1
56,15,33,2,0,2,6,0,1,0,0,5,1,0,1,0,0,0,0,0,0,0.08928571428571429,0.21428571428571427,3,0
30,17,5,2,0,0,3,0,0,0,0,0,1,0,1,0,0,0,0,1,0,0.0,0.2,3,0
114,68,39,6,1,0,5,0,0,0,0,57,5,0,0,0,0,0,1,1,0,0.5,0.11403508771929824,2,1
117,41,11,3,0,2,4,1,3,0,2,15,2,0,0,0,0,0,3,0,0,0.1282051282051282,0.13675213675213677,3,1
282,31,67,3,1,4,7,1,3,0,2,60,1,0,1,0,0,1,0,0,0,0.2127659574468085,0.11347517730496454,3,1
35,15,12,2,0,0,4,0,0,0,0,0,1,0,1,0,0,0,0,0,0,0.0,0.2,3,0
19,10,0,1,1,0,2,1,0,0,0,0,0,0,1,0,0,1,0,0,0,0.0,0.3157894736842105,2,1
44,25,12,5,0,0,3,0,0,0,0,3,3,0,0,0,0,0,0,0,0,0.06818181818181818,0.20454545454545456,3,1
105,7,91,1,13,0,5,0,0,0,0,6,0,0,0,0,0,0,0,0,0,0.05714285714285714,0.19047619047619047,3,0
32,15,9,2,0,0,3,0,0,0,0,0,1,0,1,0,0,0,0,0,0,0.0,0.1875,3,0
82,12,63,1,1,0,10,0,0,0,0,0,0,0,0,0,0,1,0,1,0,0.0,0.15853658536585366,3,1
38,30,0,2,0,0,2,0,0,0,0,9,1,0,1,0,0,0,0,0,0,0.23684210526315788,0.13157894736842105,3,1
33,19,6,1,1,0,3,0,0,0,0,0,0,0,1,0,0,1,0,0,0,0.0,0.18181818181818182,3,1
445,12,12,9,0,7,3,1,2,0,1,214,0,0,1,0,0,0,0,0,0,0.48089887640449436,0.12359550561797752,3,0
41,29,5,1,2,0,4,0,0,0,0,0,0,0,0,0,0,1,0,0,0,0.0,0.1951219512195122,3,1
482,34,60,3,14,4,7,1,5,0,4,92,1,0,0,0,0,1,0,0,0,0.1908713692946058,0.09336099585062241,3,1
81,27,46,3,2,0,8,0,0,0,0,0,1,0,1,0,0,1,0,0,0,0.0,0.1728395061728395,3,1
29,4,11,1,0,0,3,1,1,0,0,1,0,0,1,0,0,0,0,0,1,0.034482758620689655,0.2413793103448276,2,1
237,18,46,3,0,1,5,1,3,0,2,109,1,0,0,0,0,0,1,0,0,0.459915611814346,0.0759493670886076,2,1
25,11,6,2,0,0,3,0,0,0,0,0,1,0,1,0,0,0,0,0,0,0.0,0.24,3,0
111,24,80,2,1,4,3,0,0,0,0,22,1,0,0,0,0,0,1,0,0,0.1981981981981982,0.0990990990990991,3,1
27,11,8,2,0,0,3,0,0,0,0,0,1,0,1,0,0,0,0,0,0,0.0,0.2222222222222222,3,0
27,13,7,1,0,0,4,0,0,0,0,0,0,0,0,0,0,0,0,0,0,0.0,0.2222222222222222,3,1
84,21,55,1,0,0,6,0,0,0,0,25,0,0,1,0,0,0,0,0,0,0.2976190476190476,0.09523809523809523,3,1
87,21,59,2,0,1,6,0,0,0,0,20,1,0,0,0,0,0,0,0,0,0.22988505747126436,0.11494252873563218,2,1
43,13,22,2,0,0,5,0,0,0,0,1,0,0,1,0,0,0,0,0,0,0.023255813953488372,0.18604651162790697,3,0
58,13,37,2,4,0,5,0,0,0,0,4,1,0,1,0,0,0,0,0,0,0.06896551724137931,0.20689655172413793,3,0
22,14,1,1,0,0,3,0,0,0,0,0,0,0,0,0,0,0,0,0,0,0.0,0.22727272727272727,3,1
72,18,47,2,0,0,4,0,0,0,0,16,0,0,0,0,0,0,0,0,0,0.2222222222222222,0.09722222222222222,3,1
60,16,37,2,1,0,6,0,0,0,0,0,0,0,0,0,0,0,1,0,0,0.0,0.16666666666666666,3,1
63,15,40,2,1,0,6,0,0,0,0,0,0,0,1,0,0,0,1,0,0,0.0,0.15873015873015872,3,1
45,15,22,2,0,1,4,0,0,0,0,0,1,0,1,0,0,0,0,0,0,0.0,0.17777777777777778,3,0
36,13,15,2,1,0,3,0,0,0,0,0,1,0,1,0,0,0,1,0,0,0.0,0.19444444444444445,3,0
28,13,7,2,0,0,3,0,0,0,0,0,1,0,1,0,0,0,0,0,0,0.0,0.21428571428571427,3,0
133,45,4,5,0,1,3,1,3,0,2,25,4,0,0,0,0,0,1,1,0,0.18796992481203006,0.13533834586466165,3,1
39,26,6,2,0,0,3,0,0,0,0,2,1,0,0,0,0,0,0,0,0,0.05128205128205128,0.15384615384615385,3,1
22,13,1,2,0,0,3,0,0,0,0,0,1,0,1,0,0,0,0,0,0,0.0,0.2727272727272727,3,0
170,18,9,1,0,0,4,0,6,0,6,58,0,0,1,0,0,0,0,0,0,0.3411764705882353,0.1411764705882353,3,1
88,11,69,1,1,0,8,0,1,0,0,20,0,0,1,0,0,0,1,0,0,0.22727272727272727,0.13636363636363635,3,1
115,17,91,1,8,0,7,0,0,0,0,0,0,0,0,0,0,0,0,0,0,0.0,0.14782608695652175,3,0
55,13,34,1,0,0,8,0,0,0,0,0,0,0,1,0,0,0,0,0,0,0.0,0.18181818181818182,3,1
26,17,1,2,0,0,3,0,0,0,0,0,1,0,1,0,0,0,0,0,0,0.0,0.23076923076923078,3,0
29,13,8,2,0,0,3,0,0,0,0,0,1,0,1,0,0,0,0,0,0,0.0,0.20689655172413793,3,0
29,15,6,2,0,0,3,0,0,0,0,0,1,0,1,0,0,0,1,1,0,0.0,0.20689655172413793,3,0
56,12,37,1,1,0,7,0,0,0,0,3,0,0,0,0,0,0,0,1,0,0.05357142857142857,0.17857142857142858,3,1
38,18,12,3,0,0,4,0,0,0,0,0,2,0,1,0,0,0,0,1,0,0.0,0.21052631578947367,3,0
39,11,20,2,0,0,5,0,0,0,0,0,1,0,1,0,0,0,0,0,0,0.0,0.20512820512820512,3,0
49,19,22,3,0,1,4,0,0,0,0,0,2,0,1,0,0,0,0,1,0,0.0,0.1836734693877551,3,0
123,15,15,2,2,0,6,1,6,0,1,2,0,0,0,0,0,0,0,1,0,0.016260162601626018,0.16260162601626016,3,1
73,22,44,1,1,0,8,0,0,0,0,3,0,0,0,0,0,0,3,1,0,0.0410958904109589,0.1506849315068493,3,1
91,47,36,2,7,0,7,0,0,0,0,0,1,0,1,0,0,1,0,0,0,0.0,0.18681318681318682,3,1
44,22,15,3,1,0,5,0,0,0,0,1,1,0,0,0,0,0,0,0,0,0.022727272727272728,0.22727272727272727,3,1
37,10,20,2,0,0,5,0,0,0,0,0,0,0,0,0,0,0,0,0,0,0.0,0.21621621621621623,2,1
38,15,15,2,0,0,4,0,0,0,0,4,1,0,1,0,0,0,0,0,0,0.10526315789473684,0.18421052631578946,3,0
37,15,14,2,1,0,4,0,0,0,0,0,1,0,1,0,0,0,0,0,0,0.0,0.21621621621621623,3,0
26,17,1,2,0,0,3,0,0,0,0,0,1,0,1,0,0,0,0,1,0,0.0,0.23076923076923078,3,0
26,13,5,2,0,0,3,0,0,0,0,0,1,0,1,0,0,0,0,0,0,0.0,0.23076923076923078,3,0
38,13,6,2,0,0,3,1,1,0,0,3,1,0,1,0,0,0,0,0,0,0.07894736842105263,0.21052631578947367,3,0
51,21,22,3,0,0,5,0,0,0,0,1,1,0,1,0,0,0,0,0,0,0.0196078431372549,0.17647058823529413,3,0
21,12,1,1,0,0,3,0,0,0,0,1,0,0,1,0,0,0,0,0,0,0.047619047619047616,0.23809523809523808,3,1
32,19,5,2,0,0,3,0,0,0,0,0,1,0,1,0,0,0,0,0,0,0.0,0.1875,3,0
30,14,8,2,0,0,3,0,0,0,0,0,1,0,1,0,0,0,0,0,0,0.0,0.2,3,0
267,11,5,2,1,0,3,1,1,0,0,75,0,0,1,0,0,0,0,0,0,0.2808988764044944,0.27340823970037453,3,0
72,12,52,1,2,1,6,0,0,0,0,5,0,0,1,0,0,0,1,1,0,0.06944444444444445,0.1527777777777778,3,1
35,21,6,2,0,0,3,0,0,0,0,0,1,0,1,0,0,0,1,0,0,0.0,0.17142857142857143,3,0
160,15,15,2,2,0,6,1,11,0,1,4,0,0,0,0,0,0,0,1,0,0.025,0.15625,3,1
82,27,47,3,0,0,7,0,0,0,0,25,2,0,1,0,0,0,0,0,0,0.3048780487804878,0.13414634146341464,2,1
22,14,1,2,1,0,3,0,0,0,0,1,1,0,0,0,0,1,0,0,0,0.045454545454545456,0.3181818181818182,2,1
22,7,7,1,0,0,3,0,0,0,0,0,0,0,1,0,0,0,0,0,0,0.0,0.22727272727272727,3,0
150,22,121,2,0,1,9,0,1,0,0,17,0,0,0,0,0,0,1,0,0,0.11333333333333333,0.09333333333333334,3,1
31,14,9,2,0,0,3,0,0,0,0,0,1,0,1,0,0,0,0,0,0,0.0,0.1935483870967742,3,0
76,10,33,1,0,0,3,1,1,0,0,22,0,0,0,0,0,0,0,0,0,0.2894736842105263,0.10526315789473684,3,1
34,12,14,1,1,0,4,0,0,0,0,0,0,0,1,0,0,0,0,0,0,0.0,0.20588235294117646,3,0
41,21,12,2,0,0,4,0,0,0,0,0,1,0,1,0,0,0,0,0,0,0.0,0.17073170731707318,3,0
32,19,6,2,0,0,4,0,0,0,0,0,1,0,0,0,0,0,0,0,0,0.0,0.21875,3,1
47,23,17,2,1,0,4,0,0,0,0,3,1,0,0,0,0,1,0,1,0,0.06382978723404255,0.1702127659574468,4,1
32,14,10,2,0,0,6,0,0,0,0,1,1,0,1,0,0,0,0,0,0,0.03125,0.28125,3,0
35,17,10,2,0,0,6,0,0,0,0,1,1,0,1,0,0,0,0,0,0,0.02857142857142857,0.2571428571428571,3,0
70,16,46,2,1,1,6,0,0,0,0,5,1,0,1,0,0,0,0,1,0,0.07142857142857142,0.15714285714285714,3,1
61,24,30,4,0,0,5,0,0,0,0,1,2,0,0,0,0,0,0,0,0,0.01639344262295082,0.16393442622950818,2,1
92,16,69,5,2,0,9,0,0,0,0,3,1,0,0,0,0,0,3,0,0,0.03260869565217391,0.18478260869565216,2,1
44,36,1,2,3,0,3,0,0,0,0,0,1,0,0,0,0,1,1,1,0,0.0,0.20454545454545456,3,1
49,21,20,2,0,0,5,0,0,0,0,0,1,0,1,0,0,0,0,0,0,0.0,0.16326530612244897,3,0
100,24,68,2,1,0,7,0,0,0,0,5,1,0,1,0,0,0,0,1,0,0.05,0.11,3,1
280,31,55,3,1,4,7,1,4,0,3,61,1,0,1,0,0,1,0,0,0,0.21785714285714286,0.11428571428571428,3,1
29,16,5,2,0,0,3,0,0,0,0,0,1,0,1,0,0,0,0,0,0,0.0,0.20689655172413793,3,0
43,21,14,2,1,0,4,0,0,0,0,0,1,0,1,0,0,0,0,1,0,0.0,0.18604651162790697,3,0
114,9,18,2,0,1,5,1,2,0,1,18,0,0,0,0,0,0,0,0,0,0.15789473684210525,0.2894736842105263,3,0
29,15,6,2,0,0,3,0,0,0,0,0,1,0,1,0,0,0,1,0,0,0.0,0.20689655172413793,3,0
22,14,0,2,0,0,2,0,0,0,0,0,1,0,1,0,0,0,0,0,0,0.0,0.22727272727272727,3,0
103,13,83,1,1,0,6,0,0,0,0,26,0,0,0,0,0,1,0,0,0,0.2524271844660194,0.2912621359223301,3,0
46,38,1,1,0,0,3,0,0,0,0,0,0,0,0,0,0,0,0,0,0,0.0,0.10869565217391304,4,1
100,10,82,2,6,0,5,0,0,0,0,0,1,0,1,0,0,0,0,0,0,0.0,0.14,2,0
81,20,10,3,0,0,3,1,2,0,1,2,0,0,1,0,0,0,1,0,0,0.024691358024691357,0.16049382716049382,3,1
25,6,12,1,0,0,3,0,0,0,0,4,0,0,0,0,0,0,0,0,0,0.16,0.2,2,1
471,15,48,4,14,4,5,1,2,0,1,81,0,0,0,0,0,1,0,0,0,0.17197452229299362,0.07006369426751592,3,1
27,18,1,2,0,0,3,0,0,0,0,0,1,0,1,0,0,0,0,0,0,0.0,0.2222222222222222,3,0
42,22,12,2,0,0,4,0,0,0,0,0,1,0,1,0,0,0,0,0,0,0.0,0.16666666666666666,3,0
39,14,6,2,0,0,3,1,1,0,0,3,1,0,1,0,0,0,0,0,0,0.07692307692307693,0.20512820512820512,3,0
26,11,7,2,0,0,3,0,0,0,0,0,1,0,1,0,0,0,0,0,0,0.0,0.23076923076923078,3,0
33,17,8,2,0,0,3,0,0,0,0,0,1,0,1,0,0,0,0,0,0,0.0,0.18181818181818182,3,0
29,17,4,2,0,0,4,0,0,0,0,0,1,0,1,0,0,0,0,0,0,0.0,0.2413793103448276,3,1
37,14,15,2,0,0,4,0,0,0,0,4,1,0,1,0,0,0,0,0,0,0.10810810810810811,0.1891891891891892,3,0
65,24,34,3,0,0,7,0,0,0,0,0,1,0,0,0,0,0,1,1,0,0.0,0.16923076923076924,2,1
42,12,22,2,0,1,4,0,0,0,0,0,1,0,1,0,0,0,0,0,0,0.0,0.19047619047619047,3,0
51,11,26,1,1,0,6,1,0,0,0,0,0,0,1,0,0,0,1,0,0,0.0,0.19607843137254902,3,1
52,15,30,2,0,0,5,0,0,0,0,8,0,0,0,0,0,0,0,0,0,0.15384615384615385,0.15384615384615385,3,1
234,21,85,1,2,2,12,1,3,0,4,44,0,0,0,0,0,0,1,0,0,0.18803418803418803,0.1282051282051282,3,1
37,14,15,1,0,0,6,0,0,0,0,0,0,0,1,0,0,0,0,0,0,0.0,0.21621621621621623,3,1
83,14,33,3,1,0,6,1,1,1,0,0,1,0,0,0,0,0,0,0,0,0.0,0.1686746987951807,2,1
25,11,6,2,0,0,3,0,0,0,0,0,1,0,1,0,0,0,1,0,0,0.0,0.24,3,0
69,15,47,3,0,0,8,0,0,0,0,0,1,0,0,0,0,0,0,0,0,0.0,0.17391304347826086,2,1
69,11,7,4,0,0,7,1,1,0,0,3,0,0,0,0,0,0,0,0,0,0.043478260869565216,0.21739130434782608,2,1
55,48,0,2,5,0,2,0,0,0,0,2,1,0,0,0,0,1,0,0,0,0.03636363636363636,0.18181818181818182,2,1
26,13,6,1,0,0,4,0,0,0,0,0,0,0,0,0,0,0,0,0,0,0.0,0.23076923076923078,3,1
95,10,35,1,3,2,7,1,1,0,0,16,0,0,0,0,0,0,0,0,0,0.16842105263157894,0.21052631578947367,2,0
55,15,32,2,3,0,5,0,0,0,0,0,1,0,1,0,0,0,0,0,0,0.0,0.2,3,0
123,7,66,2,1,0,12,1,1,0,1,5,0,0,0,0,0,0,0,0,0,0.04065040650406504,0.16260162601626016,2,1
27,15,5,2,0,0,4,0,0,0,0,2,1,0,0,0,0,0,0,0,0,0.07407407407407407,0.25925925925925924,3,1
227,11,33,14,1,0,6,2,6,0,10,62,0,0,1,0,0,0,0,0,0,0.27312775330396477,0.1762114537444934,3,1
42,12,22,3,0,0,5,0,0,0,0,1,1,0,1,0,0,0,0,0,0,0.023809523809523808,0.21428571428571427,3,0
36,16,12,2,0,0,4,0,0,0,0,0,1,0,1,0,0,0,0,0,0,0.0,0.19444444444444445,3,0
24,15,1,2,0,0,3,0,0,0,0,0,1,0,1,0,0,0,0,0,0,0.0,0.25,3,0
19,11,0,2,0,0,2,0,0,0,0,0,1,0,1,0,0,0,0,0,0,0.0,0.2631578947368421,3,0
219,21,32,2,0,1,5,1,3,0,2,84,0,0,1,0,0,0,1,0,0,0.3835616438356164,0.0684931506849315,3,1
30,15,7,2,0,0,3,0,0,0,0,0,1,0,1,0,0,0,0,0,0,0.0,0.2,3,0
105,27,43,4,2,1,8,1,2,0,1,8,0,0,0,0,0,1,4,1,0,0.0761904761904762,0.19047619047619047,3,1
274,31,67,3,1,4,7,1,3,0,2,60,1,0,1,0,0,1,0,0,0,0.21897810218978103,0.10948905109489052,3,1
53,13,32,2,3,0,5,0,0,0,0,0,1,0,1,0,0,0,0,1,0,0.0,0.20754716981132076,3,0
120,20,93,1,0,3,10,0,1,0,0,5,0,0,0,0,0,0,2,0,0,0.041666666666666664,0.13333333333333333,3,1
47,15,25,3,1,0,5,0,0,0,0,0,1,0,0,0,0,0,0,0,0,0.0,0.2127659574468085,3,1
28,14,6,2,0,0,3,0,0,0,0,0,1,0,1,0,0,0,1,0,0,0.0,0.21428571428571427,3,0
32,18,6,2,0,0,3,0,0,0,0,0,1,0,1,0,0,0,1,0,0,0.0,0.1875,3,0
25,17,0,2,0,0,2,0,0,0,0,0,1,0,1,0,0,0,0,0,0,0.0,0.2,3,0
131,124,0,4,3,0,2,0,0,0,0,0,3,0,0,0,0,1,1,0,0,0.0,0.07633587786259542,3,1
188,15,67,2,2,0,8,1,5,1,2,19,0,0,1,0,0,0,1,0,0,0.10106382978723404,0.1276595744680851,3,1
38,15,15,2,1,0,3,0,0,0,0,0,1,0,1,0,0,0,1,0,0,0.0,0.18421052631578946,3,0
25,12,5,2,0,0,3,0,0,0,0,0,1,0,1,0,0,0,0,0,0,0.0,0.24,3,0
87,18,55,3,0,0,5,1,1,0,0,26,0,0,0,0,0,0,0,0,0,0.2988505747126437,0.12643678160919541,3,1
229,26,38,3,0,1,6,1,3,0,2,72,1,0,0,0,0,0,1,0,0,0.314410480349345,0.07423580786026202,3,1
34,11,15,2,0,0,4,0,0,0,0,4,1,0,1,0,0,0,0,0,0,0.11764705882352941,0.20588235294117646,3,0
54,31,15,2,0,0,4,0,0,0,0,1,0,0,1,0,0,0,0,0,0,0.018518518518518517,0.12962962962962962,3,1
32,18,6,3,0,0,3,0,0,0,0,0,2,0,1,0,0,0,1,1,0,0.0,0.21875,3,0
68,18,43,1,1,1,6,0,0,0,0,0,0,0,0,0,0,0,1,0,0,0.0,0.14705882352941177,3,1
30,15,7,2,0,0,3,0,0,0,0,0,1,0,1,0,0,0,0,0,0,0.0,0.2,3,0
43,13,23,4,1,0,4,0,0,0,0,10,2,1,0,0,0,0,0,0,0,0.23255813953488372,0.23255813953488372,3,1
276,8,261,1,0,9,5,0,0,0,0,99,0,0,0,0,0,0,0,0,0,0.358695652173913,0.3115942028985507,2,0
22,4,11,1,0,0,3,0,0,0,0,1,0,0,0,0,0,0,0,0,1,0.045454545454545456,0.22727272727272727,2,1
39,16,15,2,1,0,3,0,0,0,0,0,1,0,1,0,0,0,1,0,0,0.0,0.1794871794871795,3,0
39,11,20,2,0,0,5,0,0,0,0,0,1,0,1,0,0,0,0,0,0,0.0,0.20512820512820512,2,0
263,20,78,5,0,1,10,1,3,0,2,84,1,0,0,0,0,0,1,0,0,0.3193916349809886,0.08745247148288973,3,1
74,25,41,3,1,0,7,0,0,0,0,2,1,0,1,0,0,0,0,0,0,0.02702702702702703,0.16216216216216217,3,1
89,25,33,3,1,0,6,1,1,1,0,1,1,0,0,0,0,1,1,0,0,0.011235955056179775,0.15730337078651685,2,1
75,45,22,2,3,0,4,0,0,0,0,3,1,0,1,0,0,1,0,0,0,0.04,0.13333333333333333,3,1
49,21,21,3,3,0,4,0,0,0,0,6,0,0,0,0,0,1,0,0,0,0.12244897959183673,0.22448979591836735,3,1
24,15,1,2,0,0,3,0,0,0,0,0,1,0,1,0,0,0,0,0,0,0.0,0.25,3,0
86,14,65,2,2,0,8,0,0,0,0,0,0,0,0,0,0,0,1,0,0,0.0,0.1511627906976744,3,1
101,19,75,1,5,0,6,0,0,0,0,0,0,0,0,0,0,0,1,1,0,0.0,0.12871287128712872,3,1
54,17,30,2,2,0,4,0,0,0,0,5,1,0,0,0,0,0,0,0,0,0.09259259259259259,0.16666666666666666,3,1
72,13,26,4,0,0,4,1,1,1,0,1,1,0,1,0,0,0,0,0,0,0.013888888888888888,0.16666666666666666,2,1
66,27,32,3,3,0,4,0,0,0,0,21,2,0,0,0,0,0,0,0,0,0.3181818181818182,0.16666666666666666,2,1
20,6,6,1,0,0,3,0,0,0,0,2,0,0,1,0,0,0,0,0,0,0.1,0.25,2,1
26,13,5,2,0,0,3,0,0,0,0,0,1,0,1,0,0,0,0,1,0,0.0,0.23076923076923078,3,0
50,42,1,3,3,0,3,0,0,0,0,1,2,0,0,0,0,1,0,1,0,0.02,0.2,3,1
199,15,176,2,1,0,4,0,0,0,0,28,1,0,1,0,0,0,0,0,0,0.1407035175879397,0.04020100502512563,3,1
273,30,65,3,1,5,7,1,3,0,2,62,1,0,1,0,0,1,0,0,0,0.2271062271062271,0.11721611721611722,3,1
41,12,22,2,0,0,4,0,0,0,0,2,0,0,0,0,0,0,0,0,0,0.04878048780487805,0.17073170731707318,3,1
53,19,26,1,2,0,6,0,0,0,0,0,0,0,1,0,0,1,0,0,0,0.0,0.18867924528301888,3,1
113,19,18,3,0,3,3,1,1,0,0,11,0,0,0,0,0,0,0,0,0,0.09734513274336283,0.10619469026548672,2,1
31,13,10,2,0,0,6,0,0,0,0,1,1,0,1,0,0,0,0,0,0,0.03225806451612903,0.2903225806451613,3,0
64,36,20,2,1,1,5,0,0,0,0,0,1,0,1,0,0,1,0,0,0,0.0,0.15625,3,1
326,22,25,2,0,0,6,1,7,0,6,106,0,0,0,0,0,0,0,0,0,0.32515337423312884,0.08895705521472393,3,1
23,11,5,1,0,0,4,0,0,0,0,0,0,0,0,0,0,0,0,0,0,0.0,0.2608695652173913,4,1
38,13,6,2,0,0,3,1,1,0,0,3,1,0,1,0,0,0,0,0,0,0.07894736842105263,0.21052631578947367,3,0
42,23,12,1,0,0,4,0,0,0,0,0,0,0,0,0,0,0,1,0,0,0.0,0.14285714285714285,3,1
28,11,9,1,0,0,3,0,0,0,0,0,0,0,1,0,0,0,0,0,0,0.0,0.17857142857142858,3,0
55,15,32,2,3,0,5,0,0,0,0,0,1,0,1,0,0,0,0,0,0,0.0,0.2,3,0
21,13,0,2,0,0,2,0,0,0,0,0,1,0,1,0,0,0,0,0,0,0.0,0.23809523809523808,3,0
60,19,33,2,0,2,6,0,1,0,0,5,1,0,1,0,0,0,0,0,0,0.08333333333333333,0.2,3,0
50,32,10,1,0,0,3,0,0,0,0,0,0,0,1,0,0,0,0,0,0,0.0,0.1,3,1
56,22,26,3,0,0,4,0,0,0,0,0,1,0,1,0,0,0,0,1,0,0.0,0.14285714285714285,3,1
73,18,48,3,1,0,6,0,0,0,1,21,2,0,0,0,0,0,0,0,0,0.2876712328767123,0.1643835616438356,2,1
243,41,125,2,18,1,7,1,1,0,0,37,1,0,1,0,0,1,0,0,0,0.1522633744855967,0.12757201646090535,3,1
30,14,8,2,0,0,3,0,0,0,0,0,1,0,1,0,0,0,0,0,0,0.0,0.2,3,0
28,13,8,1,0,0,4,0,0,0,0,1,0,0,0,0,0,0,0,0,0,0.03571428571428571,0.21428571428571427,3,1
118,11,100,2,17,0,5,0,0,0,0,1,0,0,0,0,0,0,0,0,0,0.00847457627118644,0.211864406779661,3,0
98,9,82,2,12,0,4,0,0,0,0,20,0,0,0,0,0,0,0,0,0,0.20408163265306123,0.19387755102040816,2,0
409,24,9,3,17,1,4,1,1,0,0,72,2,0,1,0,0,0,0,0,0,0.17603911980440098,0.06845965770171149,3,1
79,14,58,1,1,0,7,0,0,0,0,22,0,0,0,0,0,1,0,0,0,0.27848101265822783,0.12658227848101267,2,1
44,21,15,2,0,0,4,0,0,0,0,4,1,0,1,0,0,0,0,0,0,0.09090909090909091,0.1590909090909091,3,0
23,15,0,2,0,0,2,0,0,0,0,0,1,0,1,0,0,0,0,0,0,0.0,0.21739130434782608,3,0
92,15,70,1,3,1,8,0,0,0,0,0,0,0,0,0,0,0,1,1,0,0.0,0.15217391304347827,2,0
34,11,15,2,1,0,3,0,0,0,0,0,1,0,1,0,0,0,1,0,0,0.0,0.20588235294117646,3,0
29,11,10,1,0,0,6,0,0,0,0,1,0,0,1,0,0,0,0,0,0,0.034482758620689655,0.27586206896551724,3,0
33,17,8,2,0,0,3,0,0,0,0,0,1,0,1,0,0,0,0,0,0,0.0,0.18181818181818182,3,0
19,11,1,3,0,0,3,0,0,0,0,8,2,1,0,0,0,0,0,0,0,0.42105263157894735,0.3684210526315789,2,1
58,17,33,4,0,0,7,0,0,0,0,0,1,0,1,0,0,0,1,0,0,0.0,0.20689655172413793,3,1
84,17,60,2,1,1,7,0,0,0,0,6,0,0,0,0,0,0,1,0,0,0.07142857142857142,0.14285714285714285,2,1
85,18,23,5,1,0,4,1,1,1,0,0,2,0,0,0,0,0,0,0,0,0.0,0.16470588235294117,2,1
54,45,1,2,0,0,3,0,0,0,0,12,1,0,1,0,0,0,1,0,0,0.2222222222222222,0.1111111111111111,3,1
188,21,25,3,11,0,6,1,3,0,2,9,1,0,1,0,0,1,0,1,0,0.047872340425531915,0.15425531914893617,3,1
45,15,22,3,0,0,5,0,0,0,0,1,1,0,1,0,0,0,0,0,0,0.022222222222222223,0.2,3,0
57,22,27,3,0,0,4,0,0,0,0,0,1,0,1,0,0,0,0,1,0,0.0,0.14035087719298245,3,1
113,15,76,2,1,3,7,1,1,0,0,11,1,0,1,0,0,0,0,1,0,0.09734513274336283,0.1415929203539823,3,1
27,11,8,2,0,0,3,0,0,0,0,0,1,0,1,0,0,0,0,0,0,0.0,0.2222222222222222,3,0
28,15,5,2,0,0,3,0,0,0,0,0,1,0,1,0,0,0,0,0,0,0.0,0.21428571428571427,3,0
23,4,11,1,0,0,3,0,0,0,0,2,0,0,1,0,0,0,0,0,1,0.08695652173913043,0.21739130434782608,2,1
119,23,88,2,1,5,7,0,0,0,0,13,1,0,1,0,0,1,0,0,0,0.1092436974789916,0.15126050420168066,3,1
38,20,10,2,0,0,6,0,0,0,0,1,1,0,1,0,0,0,0,0,0,0.02631578947368421,0.23684210526315788,3,0
48,18,22,2,0,1,4,0,0,0,0,0,1,0,1,0,0,0,0,0,0,0.0,0.16666666666666666,3,0
55,22,25,1,0,0,6,0,0,0,0,0,0,0,1,0,0,0,2,1,0,0.0,0.14545454545454545,3,1
39,18,14,2,1,0,5,0,0,0,0,0,1,0,0,0,0,0,0,0,0,0.0,0.23076923076923078,4,1
276,31,72,4,0,1,8,1,3,0,2,118,1,0,0,0,0,0,1,0,0,0.427536231884058,0.07971014492753623,3,1
26,12,6,1,0,0,3,0,0,0,0,0,0,0,1,0,0,0,1,1,0,0.0,0.19230769230769232,3,0
40,12,20,1,0,0,5,0,0,0,0,0,0,0,1,0,0,0,0,1,0,0.0,0.175,3,0
26,9,10,1,0,0,5,0,0,0,0,1,0,0,0,0,0,0,0,0,0,0.038461538461538464,0.2692307692307692,2,1
102,9,86,7,0,0,7,0,0,0,0,15,0,0,0,0,0,0,0,0,0,0.14705882352941177,0.14705882352941177,2,1
57,8,42,2,1,0,7,0,0,0,0,1,0,0,0,0,0,0,1,0,0,0.017543859649122806,0.19298245614035087,3,1
38,15,15,2,0,0,4,0,0,0,0,4,1,0,1,0,0,0,0,0,0,0.10526315789473684,0.18421052631578946,3,0
53,20,26,3,0,1,5,0,0,0,0,0,1,0,0,0,0,0,0,0,0,0.0,0.18867924528301888,2,1
37,13,17,1,0,1,4,0,0,0,0,3,0,0,0,0,0,0,0,0,0,0.08108108108108109,0.1891891891891892,3,1
53,33,12,5,0,0,3,0,0,0,0,3,3,0,1,0,0,0,0,0,0,0.05660377358490566,0.16981132075471697,3,1
59,17,35,4,0,0,5,0,0,0,0,0,1,0,0,0,0,0,0,0,0,0.0,0.1694915254237288,3,1
41,19,14,2,1,0,4,0,0,0,0,0,1,0,1,0,0,0,0,0,0,0.0,0.1951219512195122,3,0
30,13,9,2,0,0,3,0,0,0,0,0,1,0,1,0,0,0,0,0,0,0.0,0.2,3,0
66,25,33,2,0,2,6,0,1,0,0,5,1,0,1,0,0,0,0,0,0,0.07575757575757576,0.18181818181818182,3,0
56,15,33,2,0,2,6,0,1,0,0,5,1,0,1,0,0,0,0,0,0,0.08928571428571429,0.21428571428571427,3,0
214,37,12,6,0,1,4,1,3,0,2,81,4,0,0,0,0,0,3,0,0,0.37850467289719625,0.08411214953271028,2,1
157,15,135,1,1,0,9,0,0,0,0,63,0,0,0,0,0,0,0,0,0,0.4012738853503185,0.07643312101910828,3,1
34,26,1,2,0,0,3,0,0,0,0,0,1,0,0,0,0,0,0,0,0,0.0,0.17647058823529413,3,1
55,15,32,2,3,0,5,0,0,0,0,0,1,0,1,0,0,0,0,0,0,0.0,0.2,3,0
50,18,24,2,0,0,5,0,0,0,0,0,1,0,1,0,0,0,0,0,0,0.0,0.16,2,1
22,14,0,1,0,0,2,0,0,0,0,0,0,0,1,0,0,0,0,0,0,0.0,0.18181818181818182,2,1
53,12,33,2,0,2,6,0,1,0,0,5,1,0,1,0,0,0,0,0,0,0.09433962264150944,0.22641509433962265,3,0
139,9,123,1,4,1,5,0,0,0,0,43,0,0,0,0,0,0,0,0,0,0.30935251798561153,0.302158273381295,3,0
137,12,57,9,0,0,4,1,1,0,0,28,0,0,0,0,0,0,0,0,0,0.20437956204379562,0.13138686131386862,3,0
46,25,13,3,0,0,3,0,0,0,0,8,1,0,1,0,0,0,0,0,0,0.17391304347826086,0.15217391304347827,2,1
29,15,6,2,0,0,3,0,0,0,0,0,1,0,1,0,0,0,1,0,0,0.0,0.20689655172413793,3,0
73,14,52,1,1,0,10,0,0,0,0,0,0,0,0,0,0,1,0,0,0,0.0,0.1780821917808219,3,1
33,13,13,1,0,0,5,0,0,0,0,3,0,0,0,0,0,0,0,0,0,0.09090909090909091,0.21212121212121213,4,1
35,18,9,2,0,0,3,0,0,0,0,0,1,0,1,0,0,0,0,0,0,0.0,0.17142857142857143,3,0
31,17,6,2,0,0,3,0,0,0,0,0,1,0,1,0,0,0,0,1,0,0.0,0.1935483870967742,3,0
28,15,5,2,0,0,3,0,0,0,0,0,1,0,1,0,0,0,0,0,0,0.0,0.21428571428571427,3,0
99,15,76,2,0,0,7,0,0,0,0,5,1,0,1,0,0,0,0,1,0,0.050505050505050504,0.10101010101010101,3,1
37,21,8,2,0,0,3,0,0,0,0,0,1,0,1,0,0,0,0,0,0,0.0,0.16216216216216217,3,0
34,16,10,2,0,0,6,0,0,0,0,1,1,0,1,0,0,0,0,0,0,0.029411764705882353,0.2647058823529412,3,0
58,17,34,2,1,0,8,0,0,0,0,9,1,0,0,0,0,0,0,0,0,0.15517241379310345,0.20689655172413793,2,1
53,11,35,3,1,0,6,0,0,0,0,15,2,1,0,0,0,0,0,0,0,0.2830188679245283,0.22641509433962265,3,1
44,19,6,3,0,0,3,1,1,0,0,3,2,0,1,0,0,0,0,1,0,0.06818181818181818,0.20454545454545456,3,0
110,14,89,1,13,0,7,0,0,0,0,9,0,0,0,0,0,0,0,1,0,0.08181818181818182,0.2,3,0
27,14,6,1,0,0,3,0,0,0,0,0,0,0,0,0,0,0,0,0,0,0.0,0.18518518518518517,3,1
29,16,5,2,0,0,3,0,0,0,0,0,1,0,1,0,0,0,0,0,0,0.0,0.20689655172413793,3,0
33,24,1,2,0,0,3,0,0,0,0,0,1,0,1,0,0,0,0,1,0,0.0,0.18181818181818182,3,1
33,19,6,2,0,0,3,0,0,0,0,0,1,0,1,0,0,0,0,0,0,0.0,0.18181818181818182,3,0
46,18,21,1,1,0,4,0,0,0,0,3,0,0,0,0,0,0,0,0,0,0.06521739130434782,0.15217391304347827,3,1
52,12,32,2,3,0,5,0,0,0,0,0,1,0,1,0,0,0,0,0,0,0.0,0.21153846153846154,3,0
39,14,6,2,0,0,3,1,1,0,0,3,1,0,1,0,0,0,0,0,0,0.07692307692307693,0.20512820512820512,3,0
39,20,12,2,0,0,5,0,0,0,0,0,1,0,0,0,0,0,0,0,0,0.0,0.20512820512820512,2,1
33,18,7,2,0,0,3,0,0,0,0,0,1,0,1,0,0,0,0,1,0,0.0,0.18181818181818182,3,0
29,11,10,2,0,0,6,0,0,0,0,1,1,0,1,0,0,0,0,0,0,0.034482758620689655,0.3103448275862069,3,0
18,4,6,1,0,0,3,0,0,0,0,2,0,0,1,0,0,0,0,0,0,0.1111111111111111,0.2777777777777778,2,1
54,15,31,3,0,0,4,0,0,0,0,0,0,0,1,0,0,0,2,1,0,0.0,0.14814814814814814,3,1
33,10,15,2,1,0,3,0,0,0,0,0,1,0,1,0,0,0,1,0,0,0.0,0.21212121212121213,2,0
99,17,11,3,6,0,3,1,1,0,0,10,0,0,0,0,0,0,1,0,0,0.10101010101010101,0.1717171717171717,3,0
70,20,43,2,1,0,8,0,0,0,0,0,0,0,0,0,0,0,0,0,0,0.0,0.17142857142857143,3,1
128,20,101,4,1,9,5,0,0,0,0,19,2,0,0,0,0,0,0,0,0,0.1484375,0.15625,2,1
33,8,18,1,0,0,5,0,0,0,0,0,0,0,0,0,0,0,0,0,0,0.0,0.21212121212121213,3,1
41,18,15,2,0,0,4,0,0,0,0,4,1,0,1,0,0,0,0,1,0,0.0975609756097561,0.17073170731707318,3,0
29,16,5,2,0,0,3,0,0,0,0,0,1,0,1,0,0,0,0,0,0,0.0,0.20689655172413793,3,0
94,19,67,5,0,0,7,0,0,0,0,0,0,0,1,0,0,0,1,0,0,0.0,0.13829787234042554,2,1
29,15,6,2,0,0,3,0,0,0,0,0,1,0,1,0,0,0,0,0,0,0.0,0.20689655172413793,3,0
56,11,37,1,4,0,5,0,0,0,0,4,0,0,1,0,0,0,0,0,0,0.07142857142857142,0.19642857142857142,3,0
55,14,33,2,0,2,6,0,1,0,0,5,1,0,1,0,0,0,0,0,0,0.09090909090909091,0.21818181818181817,3,0
111,15,76,2,0,1,7,1,1,0,0,10,1,0,1,0,0,0,0,1,0,0.09009009009009009,0.11711711711711711,3,1
96,22,66,2,2,1,8,0,0,0,0,8,1,0,1,0,0,0,0,0,0,0.08333333333333333,0.14583333333333334,3,1
29,13,8,1,0,0,4,0,0,0,0,1,0,0,1,0,0,0,0,0,0,0.034482758620689655,0.20689655172413793,3,1
39,9,22,2,0,0,5,0,0,0,0,1,0,0,1,0,0,0,0,0,0,0.02564102564102564,0.20512820512820512,2,0
91,10,74,1,10,0,5,0,0,0,0,10,0,0,0,0,0,0,0,0,0,0.10989010989010989,0.18681318681318682,3,0
40,18,15,1,0,1,4,0,0,0,0,0,0,0,0,0,0,0,0,0,0,0.0,0.175,3,1
38,16,15,2,1,0,4,0,0,0,0,0,1,0,0,0,0,0,0,0,0,0.0,0.21052631578947367,6,1
116,12,97,4,2,0,8,0,0,0,0,26,0,0,0,0,0,0,1,1,0,0.22413793103448276,0.15517241379310345,3,1
130,14,108,1,0,0,4,0,0,0,0,58,0,0,1,0,0,0,0,0,0,0.4461538461538462,0.046153846153846156,3,1
27,11,9,1,0,0,4,0,0,0,0,0,0,0,0,0,0,0,0,0,0,0.0,0.2222222222222222,3,1
26,17,1,2,0,0,3,0,0,0,0,0,1,0,1,0,0,0,0,0,0,0.0,0.23076923076923078,3,0
39,16,15,2,1,0,3,0,0,0,0,0,1,0,1,0,0,0,1,0,0,0.0,0.1794871794871795,3,0
27,12,7,2,0,0,3,0,0,0,0,0,1,0,1,0,0,0,0,0,0,0.0,0.2222222222222222,2,0
91,15,69,1,3,2,6,0,0,0,0,7,0,0,0,0,0,0,0,0,0,0.07692307692307693,0.14285714285714285,3,0
30,15,7,2,0,0,3,0,0,0,0,0,1,0,1,0,0,0,0,0,0,0.0,0.2,3,0
92,10,46,6,2,0,8,1,1,1,0,0,0,0,1,0,0,0,0,0,0,0.0,0.22826086956521738,2,1
46,23,15,2,0,0,4,0,0,0,0,4,1,0,1,0,0,0,0,0,0,0.08695652173913043,0.15217391304347827,3,0
189,21,11,2,20,0,4,1,2,0,2,37,0,0,1,0,0,1,0,0,0,0.19576719576719576,0.20105820105820105,3,1
31,15,8,2,0,0,3,0,0,0,0,0,1,0,1,0,0,0,0,0,0,0.0,0.1935483870967742,3,0
34,11,15,2,0,0,4,0,0,0,0,4,1,0,1,0,0,0,0,0,0,0.11764705882352941,0.20588235294117646,3,0
107,13,65,8,5,0,8,1,1,0,0,13,0,0,0,0,0,1,0,0,0,0.12149532710280374,0.22429906542056074,3,0
55,18,29,2,1,1,3,0,0,0,0,0,0,0,1,0,0,1,0,0,0,0.0,0.14545454545454545,3,1
32,18,6,2,0,0,3,0,0,0,0,0,1,0,1,0,0,0,0,0,0,0.0,0.1875,3,0
40,17,15,2,0,0,4,0,0,0,0,4,1,0,1,0,0,0,0,1,0,0.1,0.175,3,0
68,23,38,3,0,0,5,0,0,0,0,21,2,0,0,0,0,0,0,0,0,0.3088235294117647,0.1323529411764706,3,1
174,39,101,2,2,5,7,1,2,0,1,19,1,0,1,1,0,1,0,0,0,0.10919540229885058,0.14942528735632185,3,1
115,17,91,1,11,0,7,0,0,0,0,0,0,0,0,0,0,0,0,0,0,0.0,0.17391304347826086,3,0
20,11,1,2,0,0,3,0,0,0,0,0,1,0,1,0,0,0,0,0,0,0.0,0.3,3,0
34,25,1,2,0,0,3,0,0,0,0,0,1,0,1,0,0,0,0,0,0,0.0,0.17647058823529413,3,0
60,10,43,2,0,0,8,0,0,0,0,2,0,0,0,0,0,0,0,1,0,0.03333333333333333,0.18333333333333332,3,1
140,10,52,4,2,1,8,1,2,0,1,34,1,0,0,0,0,0,1,0,0,0.24285714285714285,0.15,2,1
59,18,33,2,0,2,6,0,1,0,0,5,1,0,1,0,0,0,0,0,0,0.0847457627118644,0.2033898305084746,3,0
109,14,87,3,2,2,11,0,0,0,0,9,0,0,1,0,0,0,1,0,0,0.08256880733944955,0.1743119266055046,3,1
124,17,100,3,2,0,3,0,1,1,0,9,0,0,0,0,0,1,2,0,0,0.07258064516129033,0.08870967741935484,2,1
36,11,6,2,0,0,3,1,1,0,0,3,1,0,1,0,0,0,0,0,0,0.08333333333333333,0.2222222222222222,3,0
50,21,22,3,1,0,5,0,0,0,0,1,1,0,0,0,0,1,0,0,0,0.02,0.2,2,1
174,27,13,1,9,0,5,1,2,0,2,17,0,0,1,0,1,0,0,0,0,0.09770114942528736,0.13218390804597702,3,1
120,14,99,2,10,0,8,0,0,0,0,10,0,0,0,0,0,0,0,0,0,0.08333333333333333,0.175,3,0
44,16,20,2,0,0,5,0,0,0,0,0,1,0,1,0,0,0,0,0,0,0.0,0.18181818181818182,3,0
255,10,105,3,4,4,10,1,3,0,2,48,0,0,0,0,0,0,3,0,0,0.18823529411764706,0.11764705882352941,3,1
36,12,16,2,1,0,6,0,0,0,0,1,0,0,1,0,0,1,0,0,0,0.027777777777777776,0.2777777777777778,3,1
47,14,25,3,0,0,4,0,0,0,0,0,1,0,1,0,0,0,0,0,0,0.0,0.1702127659574468,2,1
52,29,16,3,2,0,4,0,0,0,0,1,1,0,0,0,0,1,0,0,0,0.019230769230769232,0.19230769230769232,2,1
35,15,12,2,0,0,4,0,0,0,0,0,1,0,1,0,0,0,0,0,0,0.0,0.2,3,0
415,16,392,2,1,0,4,0,0,0,0,51,1,0,0,0,0,0,0,0,0,0.12289156626506025,0.01927710843373494,3,1
71,18,39,2,1,0,8,1,1,0,0,0,1,0,1,0,0,0,0,0,0,0.0,0.19718309859154928,3,1
74,33,20,3,2,0,4,1,1,0,0,9,1,0,0,0,0,1,0,0,0,0.12162162162162163,0.16216216216216217,3,1
72,22,43,1,1,0,7,0,0,0,0,3,0,0,0,0,0,0,3,1,0,0.041666666666666664,0.1388888888888889,3,1
37,12,6,1,0,0,3,1,1,0,0,3,0,0,1,0,0,0,0,1,0,0.08108108108108109,0.1891891891891892,3,0
49,16,26,2,0,0,5,0,0,0,0,0,0,0,0,0,0,0,0,0,0,0.0,0.16326530612244897,3,1
30,14,8,2,0,0,3,0,0,0,0,0,1,0,1,0,0,0,0,0,0,0.0,0.2,3,0
50,26,17,2,2,0,5,0,0,0,0,0,1,0,0,0,0,1,0,0,0,0.0,0.2,2,1
253,29,8,3,1,1,3,1,1,0,0,46,1,0,0,0,0,0,0,0,0,0.18181818181818182,0.043478260869565216,3,1
38,19,12,2,0,0,5,0,0,0,0,0,1,0,0,0,0,0,0,0,0,0.0,0.21052631578947367,2,1
36,13,15,2,0,0,4,0,0,0,0,4,1,0,1,0,0,0,0,0,0,0.1111111111111111,0.19444444444444445,3,0
37,17,12,2,0,0,4,0,0,0,0,0,1,0,1,0,0,0,0,0,0,0.0,0.1891891891891892,3,0
25,17,0,2,0,0,2,0,0,0,0,0,1,0,1,0,0,0,0,1,0,0.0,0.2,3,0
44,21,16,1,0,0,4,0,0,0,0,0,0,0,0,0,0,0,0,0,0,0.0,0.13636363636363635,3,1
28,14,6,2,0,0,3,0,0,0,0,0,1,0,1,0,0,0,0,0,0,0.0,0.21428571428571427,3,0
59,14,37,2,4,0,5,0,0,0,0,4,1,0,1,0,0,0,0,1,0,0.06779661016949153,0.2033898305084746,3,0
111,15,76,2,2,1,7,1,1,0,0,11,1,0,1,0,0,0,0,1,0,0.0990990990990991,0.13513513513513514,3,1
54,13,33,2,0,2,6,0,1,0,0,5,1,0,1,0,0,0,0,0,0,0.09259259259259259,0.2222222222222222,3,0
43,22,13,2,0,0,4,0,0,0,0,1,1,0,1,0,0,0,0,0,0,0.023255813953488372,0.16279069767441862,3,1
43,13,22,2,0,1,4,0,0,0,0,0,1,0,1,0,0,0,0,0,0,0.0,0.18604651162790697,3,0
50,20,22,3,0,0,5,0,0,0,0,1,1,0,1,0,0,0,0,0,0,0.02,0.18,3,0
37,14,15,2,0,0,4,0,0,0,0,4,1,0,1,0,0,0,0,0,0,0.10810810810810811,0.1891891891891892,3,0
43,13,22,2,0,1,4,0,0,0,0,0,1,0,1,0,0,0,0,0,0,0.0,0.18604651162790697,3,0
27,12,7,2,0,0,3,0,0,0,0,0,1,0,1,0,0,0,0,0,0,0.0,0.2222222222222222,3,0
35,13,15,1,0,0,5,0,0,0,0,0,0,0,0,0,0,0,1,0,0,0.0,0.2,3,1
38,18,13,3,0,0,3,0,0,0,0,0,1,0,0,0,0,0,1,0,0,0.0,0.18421052631578946,2,1
26,13,5,2,0,0,3,0,0,0,0,0,1,0,1,0,0,0,0,0,0,0.0,0.23076923076923078,3,0
55,12,36,1,0,0,6,0,0,0,0,0,0,0,0,0,0,0,0,0,0,0.0,0.14545454545454545,3,1
43,20,15,2,0,0,4,0,0,0,0,4,1,0,1,0,0,0,0,0,0,0.09302325581395349,0.16279069767441862,3,0
37,23,6,2,0,0,3,0,0,0,0,0,1,0,1,0,0,0,1,0,0,0.0,0.16216216216216217,3,0
53,12,33,2,0,2,6,0,1,0,0,5,1,0,1,0,0,0,0,0,0,0.09433962264150944,0.22641509433962265,3,0
39,11,20,2,0,0,5,0,0,0,0,0,1,0,1,0,0,0,0,0,0,0.0,0.20512820512820512,3,0
87,15,65,1,9,1,3,0,0,0,0,5,0,0,0,0,0,0,0,0,0,0.05747126436781609,0.1724137931034483,3,0
25,11,6,2,0,0,3,0,0,0,0,0,1,0,1,0,0,0,1,0,0,0.0,0.24,3,0
97,9,81,1,0,0,5,0,0,0,0,25,0,0,0,0,0,0,0,0,0,0.25773195876288657,0.31958762886597936,2,0
59,18,33,2,0,2,6,0,1,0,0,5,1,0,1,0,0,0,0,0,0,0.0847457627118644,0.2033898305084746,3,0
34,17,9,2,0,0,3,0,0,0,0,0,1,0,1,0,0,0,0,0,0,0.0,0.17647058823529413,3,0
29,16,5,2,0,0,3,0,0,0,0,0,1,0,1,0,0,0,0,0,0,0.0,0.20689655172413793,3,0
41,11,22,3,0,0,5,0,0,0,0,1,1,0,1,0,0,0,0,0,0,0.024390243902439025,0.21951219512195122,3,0
32,18,6,2,0,0,3,0,0,0,0,0,1,0,1,0,0,0,1,0,0,0.0,0.1875,3,0
159,18,133,7,1,0,3,0,0,0,0,101,1,0,1,0,0,1,3,1,0,0.6352201257861635,0.07547169811320754,2,1
23,15,0,2,0,0,2,0,0,0,0,0,1,0,1,0,0,0,0,0,0,0.0,0.21739130434782608,3,0
285,34,77,5,3,1,7,1,3,0,2,92,0,0,1,0,0,0,3,1,0,0.32280701754385965,0.08771929824561403,3,1
31,13,10,2,0,0,6,0,0,0,0,1,1,0,1,0,0,0,0,1,0,0.03225806451612903,0.2903225806451613,3,0
25,11,6,2,0,0,3,0,0,0,0,0,1,0,1,0,0,0,0,0,0,0.0,0.24,3,0
88,12,69,1,12,0,4,0,0,0,0,10,0,0,0,0,0,0,1,0,0,0.11363636363636363,0.20454545454545456,3,0
62,17,37,2,4,0,5,0,0,0,0,4,1,0,1,0,0,0,0,0,0,0.06451612903225806,0.1935483870967742,3,0
60,17,35,1,1,0,8,0,0,0,0,0,0,0,1,0,0,0,0,0,0,0.0,0.18333333333333332,3,1
84,7,35,1,0,1,4,1,2,0,1,10,0,0,1,0,0,0,0,0,0,0.11904761904761904,0.15476190476190477,2,1
48,9,32,2,0,0,5,0,0,0,0,0,0,0,0,0,0,0,0,1,0,0.0,0.16666666666666666,3,1
56,25,24,1,0,1,5,0,0,0,0,0,0,0,0,0,0,0,0,0,0,0.0,0.14285714285714285,3,1
184,15,23,8,1,3,5,1,2,0,0,53,2,0,1,0,0,0,1,0,0,0.28804347826086957,0.13043478260869565,2,1
40,12,20,1,0,0,5,0,0,0,0,0,0,0,1,0,0,0,0,0,0,0.0,0.175,3,0
45,15,22,3,0,0,5,0,0,0,0,1,1,0,1,0,0,0,0,0,0,0.022222222222222223,0.2,3,0
289,40,57,3,5,5,7,1,4,0,3,45,1,0,1,0,0,1,0,0,0,0.15570934256055363,0.12110726643598616,3,1
42,14,20,2,0,0,5,0,0,0,0,0,1,0,1,0,0,0,0,0,0,0.0,0.19047619047619047,3,0
47,17,22,2,0,1,4,0,0,0,0,0,1,0,1,0,0,0,0,0,0,0.0,0.1702127659574468,3,0
299,11,5,2,1,0,3,1,1,0,0,96,0,0,0,0,0,0,0,0,0,0.3210702341137124,0.2842809364548495,3,0
35,20,8,3,0,0,4,0,0,0,0,3,2,0,0,0,0,0,0,0,0,0.08571428571428572,0.22857142857142856,2,1
70,23,38,3,1,0,7,1,1,0,0,0,1,0,0,0,0,0,1,0,0,0.0,0.2,3,1
41,16,6,2,0,0,3,1,1,0,0,3,1,0,1,0,0,0,0,1,0,0.07317073170731707,0.1951219512195122,3,0
24,11,5,1,0,0,3,0,0,0,0,0,0,0,1,0,0,0,0,0,0,0.0,0.20833333333333334,3,0
119,17,1,2,0,0,3,1,5,0,4,27,1,0,1,0,0,0,0,0,0,0.226890756302521,0.15126050420168066,3,1
81,64,9,6,0,0,5,0,0,0,0,9,5,0,1,0,0,0,0,0,0,0.1111111111111111,0.14814814814814814,2,1
30,13,9,2,0,0,3,0,0,0,0,0,1,0,1,0,0,0,0,0,0,0.0,0.2,3,0
41,11,22,2,0,1,4,0,0,0,0,0,1,0,1,0,0,0,0,0,0,0.0,0.1951219512195122,3,0
97,56,1,2,9,0,3,1,3,0,0,3,1,0,1,0,0,1,0,0,0,0.030927835051546393,0.1958762886597938,3,1
31,18,5,2,0,0,3,0,0,0,0,0,1,0,1,0,0,0,0,0,0,0.0,0.1935483870967742,3,0
36,20,9,2,0,0,4,0,0,0,0,0,1,0,0,0,0,0,0,0,0,0.0,0.19444444444444445,3,1
26,13,5,2,0,0,3,0,0,0,0,0,1,0,1,0,0,0,0,0,0,0.0,0.23076923076923078,3,0
58,7,43,1,0,0,6,0,0,0,0,19,0,0,1,0,0,0,0,0,0,0.3275862068965517,0.13793103448275862,2,1
27,13,6,2,0,0,3,0,0,0,0,0,1,0,1,0,0,0,0,0,0,0.0,0.2222222222222222,3,0
171,26,22,2,18,0,5,1,2,0,2,34,0,0,1,0,0,1,0,1,0,0.19883040935672514,0.21052631578947367,3,1
75,15,53,4,3,0,5,0,0,0,0,0,0,0,0,0,0,0,1,1,0,0.0,0.17333333333333334,3,1
468,13,287,16,2,15,14,1,8,1,7,6,0,0,0,0,0,0,0,0,0,0.01282051282051282,0.15384615384615385,3,1
96,17,55,2,2,1,8,1,1,0,0,1,0,0,0,0,0,0,1,0,0,0.010416666666666666,0.16666666666666666,3,1
29,16,5,2,0,0,3,0,0,0,0,0,1,0,1,0,0,0,0,0,0,0.0,0.20689655172413793,3,0
34,22,5,1,0,0,4,0,0,0,0,0,0,0,0,0,0,0,0,0,0,0.0,0.17647058823529413,3,1
59,14,37,2,4,0,5,0,0,0,0,4,1,0,1,0,0,0,0,0,0,0.06779661016949153,0.2033898305084746,3,0
46,15,16,3,2,0,4,1,1,0,0,4,2,0,0,0,0,0,0,0,0,0.08695652173913043,0.2608695652173913,2,1
43,21,14,2,2,0,5,0,0,0,0,0,1,0,1,0,0,1,0,1,0,0.0,0.23255813953488372,3,1
38,13,6,2,0,0,3,1,1,0,0,3,1,0,1,0,0,0,0,0,0,0.07894736842105263,0.21052631578947367,3,0
99,17,75,1,7,0,7,0,0,0,0,0,0,0,0,0,0,0,0,0,0,0.0,0.16161616161616163,3,0
35,10,6,1,0,0,3,1,1,0,0,3,0,0,1,0,0,0,0,0,0,0.08571428571428572,0.2,3,0
41,24,9,3,0,0,3,0,0,0,0,3,1,0,1,0,0,0,0,0,0,0.07317073170731707,0.17073170731707318,3,1
34,21,5,2,0,0,3,0,0,0,0,0,1,0,1,0,0,0,0,0,0,0.0,0.17647058823529413,3,0
32,11,13,1,0,0,4,0,0,0,0,1,0,0,1,0,0,0,0,0,0,0.03125,0.1875,3,1
17,9,1,1,0,0,3,0,0,0,0,0,0,0,0,0,0,0,0,0,0,0.0,0.29411764705882354,3,1
267,39,79,3,1,4,4,1,2,0,1,106,1,0,1,0,0,0,0,0,0,0.3970037453183521,0.06367041198501873,3,1
39,11,21,2,0,0,5,0,0,0,0,0,0,0,0,0,0,0,0,0,0,0.0,0.20512820512820512,3,1
255,26,55,2,0,1,5,1,3,0,2,100,0,0,1,0,0,0,1,0,0,0.39215686274509803,0.06666666666666667,3,1
33,20,6,1,0,0,4,0,0,0,0,0,0,0,0,0,0,0,0,0,0,0.0,0.18181818181818182,3,1
58,13,37,2,4,0,5,0,0,0,0,4,1,0,1,0,0,0,0,0,0,0.06896551724137931,0.20689655172413793,3,0
69,16,13,4,0,0,7,2,1,0,0,0,0,0,0,0,0,0,1,0,0,0.0,0.21739130434782608,3,1
21,12,2,1,0,0,3,0,0,0,0,0,0,0,0,0,0,0,0,0,0,0.0,0.23809523809523808,2,1
99,22,69,4,3,0,5,0,0,0,0,18,1,0,1,0,0,0,0,1,0,0.18181818181818182,0.1919191919191919,3,1
261,20,17,2,0,0,4,1,2,0,1,34,0,0,0,0,0,0,0,1,0,0.13026819923371646,0.04597701149425287,5,1
85,26,52,3,1,1,6,0,0,0,0,7,1,0,0,0,0,0,1,0,0,0.08235294117647059,0.1411764705882353,3,1
107,9,1,1,0,0,3,1,1,0,0,36,0,0,0,0,0,0,0,0,0,0.3364485981308411,0.3177570093457944,2,0
39,9,22,3,0,0,5,0,0,0,0,1,1,0,1,0,0,0,0,0,0,0.02564102564102564,0.23076923076923078,3,0
20,8,5,1,0,0,3,0,0,0,0,5,0,0,0,0,0,0,0,0,0,0.25,0.25,2,1
91,10,74,1,5,2,8,0,0,0,0,4,0,0,0,0,0,0,0,0,0,0.04395604395604396,0.18681318681318682,3,0
32,15,9,2,0,0,3,0,0,0,0,0,1,0,1,0,0,0,0,0,0,0.0,0.1875,3,0
154,25,73,2,1,2,7,1,1,0,4,23,0,0,0,0,0,0,1,0,0,0.14935064935064934,0.14935064935064934,3,1
41,13,20,2,0,0,5,0,0,0,0,0,1,0,1,0,0,0,0,0,0,0.0,0.1951219512195122,3,0
32,20,5,2,0,0,4,0,0,0,0,0,1,0,0,0,0,0,0,0,0,0.0,0.21875,3,1
254,29,8,3,1,1,3,1,1,0,0,46,1,0,1,0,0,0,0,0,0,0.18110236220472442,0.04330708661417323,3,1
36,13,15,2,1,0,3,0,0,0,0,0,1,0,1,0,0,0,1,0,0,0.0,0.19444444444444445,3,0
40,10,22,2,0,0,5,0,0,0,0,1,0,0,1,0,0,0,0,0,0,0.025,0.2,3,0
49,19,22,3,0,0,5,0,0,0,0,1,1,0,1,0,0,0,0,0,0,0.02040816326530612,0.1836734693877551,3,0
43,13,22,1,0,1,4,0,0,0,0,0,0,0,1,0,0,0,0,0,0,0.0,0.16279069767441862,3,0
123,15,15,2,2,0,6,1,6,0,1,0,0,0,0,0,0,0,0,1,0,0.0,0.16260162601626016,3,1
35,26,1,4,0,0,3,0,0,0,0,3,3,0,1,0,0,0,0,0,0,0.08571428571428572,0.22857142857142856,3,1
58,18,32,2,3,0,5,0,0,0,0,0,1,0,1,0,0,0,0,0,0,0.0,0.1896551724137931,3,0
60,15,37,2,4,0,5,0,0,0,0,4,1,0,1,0,0,0,0,0,0,0.06666666666666667,0.2,3,0
273,23,52,3,1,4,7,1,4,0,3,67,1,0,1,0,0,1,0,0,0,0.2454212454212454,0.12454212454212454,3,1
59,20,26,2,1,0,4,1,1,0,0,1,0,0,1,0,0,1,0,0,0,0.01694915254237288,0.1694915254237288,3,1
31,18,1,2,1,0,3,0,0,0,0,3,1,0,1,1,0,1,0,0,0,0.0967741935483871,0.25806451612903225,2,1
35,9,18,1,0,0,3,0,0,0,0,3,0,0,1,0,0,0,0,0,0,0.08571428571428572,0.14285714285714285,3,1
51,26,18,2,1,0,5,0,0,0,0,3,1,0,0,0,0,1,0,1,0,0.058823529411764705,0.17647058823529413,4,1
229,17,39,2,1,1,7,1,3,0,2,69,0,0,0,0,0,0,2,0,0,0.30131004366812225,0.08733624454148471,3,1
32,9,15,1,0,0,4,0,0,0,0,4,0,0,1,0,0,0,0,0,0,0.125,0.1875,3,0
255,10,105,3,4,4,10,1,3,0,2,49,0,0,0,0,0,0,3,0,0,0.19215686274509805,0.11764705882352941,3,1
39,17,14,2,1,0,4,0,0,0,0,0,1,0,1,0,0,0,0,0,0,0.0,0.20512820512820512,3,0
103,14,82,1,0,2,7,0,0,0,0,30,0,0,0,0,0,0,0,0,0,0.2912621359223301,0.32038834951456313,2,0
227,16,37,2,1,1,6,1,3,0,2,75,0,0,1,0,0,0,1,0,0,0.3303964757709251,0.08370044052863436,4,1
33,24,1,2,0,0,3,0,0,0,0,4,1,0,1,0,0,0,0,0,0,0.12121212121212122,0.18181818181818182,3,1
113,15,76,2,2,1,7,1,1,0,0,8,1,0,1,0,0,0,0,1,0,0.07079646017699115,0.13274336283185842,3,1
53,29,17,1,0,0,5,0,0,0,0,0,0,0,0,0,0,0,0,2,0,0.0,0.1320754716981132,3,1
28,14,6,2,0,0,3,0,0,0,0,0,1,0,1,0,0,0,0,0,0,0.0,0.21428571428571427,3,0
33,13,12,2,0,0,4,0,0,0,0,0,1,0,1,0,0,0,0,0,0,0.0,0.21212121212121213,3,0
28,15,5,2,0,0,3,0,0,0,0,0,1,0,1,0,0,0,0,0,0,0.0,0.21428571428571427,3,0
58,18,32,2,3,0,5,0,0,0,0,0,1,0,1,0,0,0,0,0,0,0.0,0.1896551724137931,3,0
26,17,1,2,1,0,3,0,0,0,0,0,1,0,1,0,0,1,0,0,0,0.0,0.2692307692307692,4,1
29,15,6,2,0,0,3,0,0,0,0,0,1,0,1,0,0,0,0,0,0,0.0,0.20689655172413793,3,0
52,12,32,2,3,0,5,0,0,0,0,0,1,0,1,0,0,0,0,0,0,0.0,0.21153846153846154,3,0
38,15,15,2,1,0,3,0,0,0,0,0,1,0,1,0,0,0,1,0,0,0.0,0.18421052631578946,3,0
271,27,62,3,1,4,7,1,3,0,2,58,1,0,1,0,0,1,0,0,0,0.2140221402214022,0.12177121771217712,3,1
252,14,65,2,2,1,8,1,3,0,2,88,0,0,0,0,0,0,1,0,0,0.3492063492063492,0.0873015873015873,3,1
90,11,72,2,9,0,7,0,0,0,0,15,1,0,0,0,0,0,0,0,0,0.16666666666666666,0.2111111111111111,2,0
41,18,15,2,1,0,3,0,0,0,0,0,1,0,1,0,0,0,1,0,0,0.0,0.17073170731707318,3,0
183,24,119,4,0,2,9,1,3,0,1,34,1,0,1,0,0,0,3,0,0,0.18579234972677597,0.12021857923497267,2,1
25,17,0,2,0,0,2,0,0,0,0,0,1,0,1,0,0,0,0,0,0,0.0,0.2,3,0
56,29,20,2,3,1,3,0,0,0,0,11,0,0,0,0,0,1,2,0,0,0.19642857142857142,0.17857142857142858,2,1
28,14,6,2,0,0,3,0,0,0,0,0,1,0,1,0,0,0,1,0,0,0.0,0.21428571428571427,3,0
63,23,32,2,3,0,5,0,0,0,0,0,1,0,1,0,0,0,0,0,0,0.0,0.1746031746031746,3,0
46,16,22,2,0,1,4,0,0,0,0,0,1,0,1,0,0,0,0,0,0,0.0,0.17391304347826086,3,0
41,18,15,2,0,0,4,0,0,0,0,4,1,0,1,0,0,0,0,0,0,0.0975609756097561,0.17073170731707318,3,0
27,11,8,1,0,0,3,0,0,0,0,0,0,0,1,0,0,0,0,0,0,0.0,0.18518518518518517,3,0
35,16,11,2,0,0,4,0,0,0,0,0,1,0,1,0,0,0,0,1,0,0.0,0.2,2,1
54,14,32,2,3,0,5,0,0,0,0,0,1,0,1,0,0,0,0,0,0,0.0,0.2037037037037037,3,0
23,11,4,1,1,0,3,0,0,0,0,0,0,0,1,0,0,1,0,0,0,0.0,0.2608695652173913,3,1
36,14,14,2,1,0,4,0,0,0,0,0,1,0,1,0,0,0,0,0,0,0.0,0.2222222222222222,3,0
30,16,6,2,0,0,3,0,0,0,0,0,1,0,1,0,0,0,0,0,0,0.0,0.2,3,0
77,15,55,1,0,2,8,0,0,0,0,0,0,0,0,0,0,0,2,0,0,0.0,0.15584415584415584,3,1
30,12,10,2,0,0,6,0,0,0,0,1,1,0,1,0,0,0,0,1,0,0.03333333333333333,0.3,3,0
33,11,14,1,1,0,4,0,0,0,0,0,0,0,1,0,0,0,0,0,0,0.0,0.21212121212121213,3,0
46,11,28,1,0,0,7,0,0,0,0,0,0,0,0,0,0,0,2,1,0,0.0,0.1956521739130435,3,1
35,19,8,2,0,0,3,0,0,0,0,0,1,0,1,0,0,0,0,0,0,0.0,0.17142857142857143,3,0
31,16,7,2,0,0,3,0,0,0,0,0,1,0,1,0,0,0,0,0,0,0.0,0.1935483870967742,3,0
91,12,72,2,0,7,5,0,0,0,0,7,0,0,0,0,0,0,0,0,0,0.07692307692307693,0.16483516483516483,3,0
30,16,6,2,0,0,3,0,0,0,0,0,1,0,1,0,0,0,1,0,0,0.0,0.2,3,0
40,26,6,2,0,0,3,0,0,0,0,0,1,0,1,0,0,0,1,0,0,0.0,0.15,3,0
38,19,12,3,0,0,4,0,0,0,0,0,1,0,0,0,0,0,0,0,0,0.0,0.21052631578947367,3,1
38,13,6,2,0,0,3,1,1,0,0,3,1,0,1,0,0,0,0,0,0,0.07894736842105263,0.21052631578947367,3,0
38,15,15,2,1,0,3,0,0,0,0,0,1,0,1,0,0,0,1,0,0,0.0,0.18421052631578946,3,0
27,7,12,1,0,0,4,0,0,0,0,0,0,0,1,0,0,0,0,0,0,0.0,0.2222222222222222,3,0
37,14,15,2,1,0,3,0,0,0,0,0,1,0,1,0,0,0,1,0,0,0.0,0.1891891891891892,3,0
39,11,20,1,0,0,5,0,0,0,0,0,0,0,1,0,0,0,0,0,0,0.0,0.1794871794871795,3,0
57,16,33,2,0,2,6,0,1,0,0,5,1,0,1,0,0,0,0,0,0,0.08771929824561403,0.21052631578947367,3,0
33,24,1,2,1,0,3,0,0,0,0,0,1,0,1,0,0,1,0,0,0,0.0,0.21212121212121213,3,1
104,28,69,4,1,0,6,0,0,0,0,24,2,0,0,0,0,1,1,0,0,0.23076923076923078,0.11538461538461539,3,1
76,23,26,2,0,0,4,1,1,0,0,10,0,0,1,0,0,0,0,0,0,0.13157894736842105,0.11842105263157894,3,1
28,13,7,2,0,0,3,0,0,0,0,0,1,0,1,0,0,0,0,0,0,0.0,0.21428571428571427,3,0
36,14,14,2,1,0,4,0,0,0,0,0,1,0,1,0,0,0,0,0,0,0.0,0.2222222222222222,3,0
27,14,5,2,0,0,3,0,0,0,0,0,1,0,1,0,0,0,0,1,0,0.0,0.2222222222222222,3,0
51,10,33,2,0,2,6,0,1,0,0,5,1,0,1,0,0,0,0,0,0,0.09803921568627451,0.23529411764705882,3,0
480,34,59,3,13,4,7,1,5,0,4,89,1,0,0,0,0,1,0,0,0,0.18541666666666667,0.09166666666666666,3,1
48,18,22,2,0,1,4,0,0,0,0,0,1,0,1,0,0,0,0,0,0,0.0,0.16666666666666666,3,0
84,18,17,2,1,0,3,1,4,0,3,3,0,0,0,0,0,0,0,0,0,0.03571428571428571,0.17857142857142858,4,0
82,36,20,5,3,0,4,1,2,0,0,9,3,0,1,0,0,1,0,0,0,0.10975609756097561,0.1951219512195122,3,1
46,15,20,2,0,0,4,1,1,0,0,3,0,0,1,0,0,0,0,0,0,0.06521739130434782,0.1956521739130435,3,1
83,16,46,2,0,0,7,1,1,0,0,7,1,0,1,0,0,0,0,1,0,0.08433734939759036,0.14457831325301204,3,1
81,10,63,1,1,0,8,0,0,0,0,4,0,0,1,0,0,0,1,1,0,0.04938271604938271,0.13580246913580246,2,1
19,6,5,1,0,0,3,0,0,0,0,1,0,0,1,0,0,0,0,0,0,0.05263157894736842,0.2631578947368421,2,1
113,15,76,2,1,2,7,1,1,0,0,8,1,0,1,0,0,0,0,1,0,0.07079646017699115,0.13274336283185842,3,1
43,18,6,2,0,0,3,1,1,0,0,3,1,0,1,0,0,0,0,0,0,0.06976744186046512,0.18604651162790697,3,0
35,17,11,1,0,0,4,0,0,0,0,0,0,0,0,0,0,0,0,1,0,0.0,0.17142857142857143,3,1
105,15,62,2,0,3,6,1,1,0,0,6,1,0,1,0,0,0,0,1,0,0.05714285714285714,0.13333333333333333,3,1
19,10,1,1,0,0,3,0,0,0,0,0,0,0,1,0,0,0,0,0,0,0.0,0.2631578947368421,3,0
45,15,22,2,0,1,4,0,0,0,0,0,1,0,1,0,0,0,0,0,0,0.0,0.17777777777777778,3,0
30,14,8,2,0,0,3,0,0,0,0,0,1,0,1,0,0,0,0,0,0,0.0,0.2,2,0
170,11,4,2,6,3,3,1,3,0,2,29,0,0,0,0,0,0,0,0,0,0.17058823529411765,0.16470588235294117,2,0
59,29,23,1,2,0,6,0,0,0,0,0,0,0,0,0,0,1,0,0,0,0.0,0.1694915254237288,2,1
46,16,22,2,0,1,4,0,0,0,0,0,1,0,1,0,0,0,0,0,0,0.0,0.17391304347826086,3,0
72,16,48,1,1,0,10,0,0,0,0,0,0,0,1,0,0,0,0,1,0,0.0,0.18055555555555555,3,1
104,10,63,1,5,0,4,1,1,1,0,9,0,0,1,0,0,0,0,0,0,0.08653846153846154,0.1346153846153846,3,0
36,14,14,2,1,0,4,0,0,0,0,0,1,0,1,0,0,0,0,0,0,0.0,0.2222222222222222,3,0
22,6,8,1,0,0,3,0,0,0,0,2,0,0,1,0,0,0,0,0,0,0.09090909090909091,0.22727272727272727,2,1
37,21,8,1,0,0,5,0,0,0,0,0,0,0,1,0,0,0,0,0,0,0.0,0.1891891891891892,3,1
29,16,6,2,0,0,4,0,0,0,0,0,1,0,0,0,0,0,0,0,0,0.0,0.2413793103448276,2,1
40,17,15,2,1,0,3,0,0,0,0,0,1,0,1,0,0,0,1,0,0,0.0,0.175,3,0
104,10,7,5,0,0,10,2,1,0,1,1,0,0,0,0,0,0,1,0,0,0.009615384615384616,0.22115384615384615,3,1
213,25,23,2,0,1,5,1,3,0,2,92,0,0,0,0,0,0,1,0,0,0.431924882629108,0.07042253521126761,3,1
27,13,6,2,0,0,3,0,0,0,0,0,1,0,1,0,0,0,0,0,0,0.0,0.2222222222222222,3,0
42,19,15,1,1,0,3,0,0,0,0,0,0,0,1,0,0,0,1,0,0,0.0,0.14285714285714285,3,0
31,23,1,2,0,0,3,0,0,0,0,2,1,0,0,0,0,0,0,1,0,0.06451612903225806,0.1935483870967742,3,1
39,16,15,2,1,0,3,0,0,0,0,0,1,0,1,0,0,0,1,0,0,0.0,0.1794871794871795,3,0
83,16,46,2,0,1,7,1,1,0,0,5,1,0,1,0,0,0,0,1,0,0.060240963855421686,0.1566265060240964,3,1
26,13,5,1,0,0,3,0,0,0,0,0,0,0,1,0,0,0,0,0,0,0.0,0.19230769230769232,3,0
31,11,12,2,0,0,4,0,0,0,0,0,1,0,1,0,0,0,0,0,0,0.0,0.22580645161290322,3,0
156,15,134,1,1,0,8,0,0,0,0,59,0,0,0,0,0,0,0,0,0,0.3782051282051282,0.07051282051282051,3,1
31,22,1,2,0,0,3,0,0,0,0,0,1,0,1,0,0,0,0,0,0,0.0,0.1935483870967742,3,1
26,17,1,1,0,0,3,0,0,0,0,0,0,0,1,0,0,0,0,1,0,0.0,0.19230769230769232,3,0
44,35,1,2,2,0,3,0,0,0,0,0,1,0,1,0,0,1,0,0,0,0.0,0.18181818181818182,2,1
129,73,48,5,1,0,6,0,0,0,0,41,3,0,1,0,0,1,0,0,0,0.3178294573643411,0.10077519379844961,3,1
28,11,9,1,0,0,3,0,0,0,0,1,0,0,1,0,0,0,0,0,1,0.03571428571428571,0.17857142857142858,3,1
41,21,12,2,0,0,4,0,0,0,0,0,1,0,1,0,0,0,0,0,0,0.0,0.17073170731707318,3,0
290,11,5,2,1,0,3,1,1,0,0,95,0,0,1,0,0,0,0,0,0,0.3275862068965517,0.2827586206896552,3,0
50,23,20,4,0,0,5,0,0,0,0,2,2,0,0,0,0,0,0,0,0,0.04,0.2,3,1
127,61,10,3,4,2,3,1,1,0,0,45,1,0,1,0,0,1,0,0,0,0.3543307086614173,0.11811023622047244,3,1
28,20,1,3,0,0,3,0,0,0,0,4,2,0,0,0,0,0,0,0,0,0.14285714285714285,0.25,2,1
100,8,85,1,12,0,4,0,0,0,0,0,0,0,0,0,0,0,0,0,0,0.0,0.18,3,0
24,8,8,1,0,0,3,0,0,0,0,0,0,0,1,0,0,0,0,0,0,0.0,0.20833333333333334,3,0
94,9,78,1,7,0,4,0,0,0,0,1,0,0,0,0,0,0,0,0,0,0.010638297872340425,0.13829787234042554,3,0
134,19,75,2,2,0,8,1,2,0,1,18,0,0,0,0,0,0,1,0,0,0.13432835820895522,0.13432835820895522,3,1
188,15,67,2,2,0,8,1,5,1,2,17,0,0,1,0,0,0,1,0,0,0.09042553191489362,0.1276595744680851,3,1
47,17,22,2,0,1,4,0,0,0,0,0,1,0,1,0,0,0,0,0,0,0.0,0.1702127659574468,3,0
80,26,46,3,1,0,4,0,1,0,0,21,2,0,1,0,0,1,2,0,0,0.2625,0.175,2,1
18,10,0,1,0,0,2,0,0,0,0,0,0,0,1,0,0,0,0,0,0,0.0,0.2222222222222222,3,0
222,41,49,7,2,3,6,1,1,0,3,38,1,0,1,0,0,0,1,0,0,0.17117117117117117,0.11711711711711711,2,1
223,12,70,2,3,4,8,1,3,0,2,52,0,0,1,0,0,0,4,1,0,0.23318385650224216,0.11659192825112108,3,1
38,30,1,2,0,0,3,0,0,0,0,3,1,0,0,0,0,0,0,0,0,0.07894736842105263,0.15789473684210525,3,1
25,11,6,2,0,0,3,0,0,0,0,0,1,0,1,0,0,0,1,0,0,0.0,0.24,3,0
19,11,0,2,0,0,2,0,0,0,0,0,1,0,1,0,0,0,0,0,0,0.0,0.2631578947368421,3,0
41,18,15,2,0,0,4,0,0,0,0,4,1,0,1,0,0,0,0,0,0,0.0975609756097561,0.17073170731707318,3,0
84,25,52,2,3,0,8,0,0,0,0,0,1,0,0,0,0,0,0,0,0,0.0,0.16666666666666666,2,1
201,18,176,2,0,1,4,0,0,0,0,24,1,0,0,0,0,0,0,0,0,0.11940298507462686,0.03980099502487562,3,1
138,15,47,1,2,2,5,1,2,0,1,2,0,0,0,0,0,0,0,0,0,0.014492753623188406,0.15942028985507245,3,0
36,18,10,2,0,0,4,0,0,0,0,3,1,0,1,0,0,0,0,0,0,0.08333333333333333,0.19444444444444445,3,1
35,15,12,2,0,0,4,0,0,0,0,0,1,0,1,0,0,0,0,0,0,0.0,0.2,3,0
43,26,10,2,0,0,4,0,0,0,0,0,1,0,0,0,0,0,0,0,0,0.0,0.16279069767441862,4,1
41,18,15,3,0,0,4,0,0,0,0,4,2,0,1,0,0,0,0,1,0,0.0975609756097561,0.1951219512195122,3,0
33,17,8,2,0,0,3,0,0,0,0,0,1,0,1,0,0,0,0,0,0,0.0,0.18181818181818182,3,0
31,23,1,2,1,0,3,0,0,0,0,2,1,0,0,0,0,1,0,1,0,0.06451612903225806,0.22580645161290322,2,1
123,7,66,2,1,0,12,1,1,0,1,6,0,0,0,0,0,0,0,0,0,0.04878048780487805,0.16260162601626016,2,1
37,28,1,2,0,0,3,0,0,0,0,2,1,0,1,0,0,0,1,0,0,0.05405405405405406,0.16216216216216217,3,1
33,17,8,2,1,0,5,0,0,0,0,0,1,0,1,0,1,1,0,0,0,0.0,0.2727272727272727,3,1
38,15,15,2,0,0,4,0,0,0,0,4,1,0,1,0,0,0,0,0,0,0.10526315789473684,0.18421052631578946,3,0
55,15,32,2,3,0,5,0,0,0,0,0,1,0,1,0,0,0,0,0,0,0.0,0.2,3,0
60,44,9,5,0,0,4,0,0,0,0,0,4,0,0,0,0,0,0,1,0,0.0,0.16666666666666666,3,1
41,18,15,2,1,0,3,0,0,0,0,0,1,0,1,0,0,0,1,0,0,0.0,0.17073170731707318,3,0
38,18,12,2,0,0,4,0,0,0,0,0,1,0,1,0,0,0,0,0,0,0.0,0.18421052631578946,3,0
116,13,96,1,17,0,5,0,0,0,0,6,0,0,0,0,0,0,0,0,0,0.05172413793103448,0.20689655172413793,3,0
99,15,76,2,2,1,7,0,0,0,0,7,1,0,1,0,0,0,0,1,0,0.0707070707070707,0.13131313131313133,3,1
35,22,5,2,0,0,3,0,0,0,0,0,1,0,1,0,0,0,0,0,0,0.0,0.17142857142857143,3,0
55,15,32,2,3,0,5,0,0,0,0,0,1,0,1,0,0,0,0,1,0,0.0,0.2,3,0
50,20,23,3,0,0,5,0,0,0,0,0,1,0,0,0,0,0,0,0,0,0.0,0.18,3,1
202,27,61,2,10,0,8,1,1,1,0,52,1,0,1,0,0,1,0,0,0,0.25742574257425743,0.14356435643564355,3,1
278,21,49,3,0,1,7,1,8,0,7,59,2,0,1,0,0,0,0,0,0,0.21223021582733814,0.12589928057553956,3,1
43,13,22,3,0,0,5,0,0,0,0,1,1,0,1,0,0,0,0,0,0,0.023255813953488372,0.20930232558139536,3,0
43,18,6,2,0,0,3,1,1,0,0,3,1,0,1,0,0,0,0,0,0,0.06976744186046512,0.18604651162790697,3,0
261,15,17,2,1,2,5,1,1,0,0,64,0,0,1,0,0,0,0,0,0,0.24521072796934865,0.05363984674329502,3,1
44,21,15,2,1,0,3,0,0,0,0,0,1,0,1,0,0,0,1,1,0,0.0,0.1590909090909091,3,0
17,8,1,1,0,0,3,0,0,0,0,0,0,0,1,0,0,0,0,0,0,0.0,0.29411764705882354,3,0
42,23,12,3,0,0,4,0,0,0,0,0,1,0,0,0,0,0,0,0,0,0.0,0.19047619047619047,3,1
45,15,22,2,0,1,4,0,0,0,0,0,1,0,1,0,0,0,0,0,0,0.0,0.17777777777777778,3,0
45,15,22,2,0,1,4,0,0,0,0,0,1,0,1,0,0,0,0,0,0,0.0,0.17777777777777778,3,0
96,11,78,1,2,2,9,0,0,0,0,0,0,0,0,0,0,0,1,1,0,0.0,0.15625,2,0
45,17,20,2,0,0,5,0,0,0,0,0,1,0,1,0,0,0,0,0,0,0.0,0.17777777777777778,3,0
46,18,20,2,0,0,5,0,0,0,0,0,1,0,1,0,0,0,0,0,0,0.0,0.17391304347826086,3,0
106,25,43,4,0,0,4,1,1,0,0,34,2,0,0,0,0,0,0,0,0,0.32075471698113206,0.10377358490566038,2,1
22,14,0,2,0,0,2,0,0,0,0,0,1,0,1,0,0,0,0,0,0,0.0,0.22727272727272727,3,0
122,15,73,1,12,1,4,1,1,0,1,12,0,0,0,0,0,0,0,0,0,0.09836065573770492,0.18032786885245902,3,0
92,10,75,1,12,0,5,0,0,0,0,10,0,0,0,0,0,0,0,0,0,0.10869565217391304,0.20652173913043478,3,0
64,19,37,2,4,0,5,0,0,0,0,4,1,0,1,0,0,0,0,0,0,0.0625,0.1875,3,0
73,20,23,4,2,0,4,1,1,1,0,0,1,0,0,0,0,1,0,0,0,0.0,0.1917808219178082,3,1
94,10,77,1,0,8,6,0,0,0,0,5,0,0,0,0,0,0,0,0,0,0.05319148936170213,0.1702127659574468,3,0
29,13,8,2,0,0,3,0,0,0,0,0,1,0,1,0,0,0,0,0,0,0.0,0.20689655172413793,3,0
229,11,211,1,24,0,11,0,0,0,0,28,0,0,0,0,0,0,0,0,0,0.1222707423580786,0.1615720524017467,3,0
73,17,49,3,1,1,4,0,0,0,0,9,1,0,0,0,0,0,0,0,0,0.1232876712328767,0.136986301369863,3,1
23,15,0,2,0,0,2,0,0,0,0,0,1,0,1,0,0,0,0,0,0,0.0,0.21739130434782608,3,0
114,25,81,3,1,2,10,0,0,0,0,0,2,0,1,0,0,0,0,0,0,0.0,0.14912280701754385,2,1
51,16,28,2,0,0,4,0,0,0,0,0,0,0,0,0,0,0,0,0,0,0.0,0.13725490196078433,3,1
62,7,47,1,1,0,5,0,1,0,0,19,0,0,1,0,0,0,1,0,0,0.3064516129032258,0.14516129032258066,2,1
101,11,83,1,14,0,7,0,0,0,0,8,0,0,0,0,0,0,0,0,0,0.07920792079207921,0.22772277227722773,3,0
29,11,10,2,0,0,6,0,0,0,0,1,1,0,1,0,0,0,0,0,0,0.034482758620689655,0.3103448275862069,3,0
69,53,1,6,0,0,3,1,0,0,0,0,5,0,1,0,0,0,3,1,0,0.0,0.15942028985507245,3,1
44,20,17,3,0,0,4,0,0,0,0,0,2,0,0,0,0,0,0,0,0,0.0,0.18181818181818182,2,1
88,21,29,5,1,0,5,1,1,1,0,0,2,0,0,0,0,0,0,0,0,0.0,0.17045454545454544,2,1
55,19,29,3,1,0,6,0,0,0,0,0,1,0,0,0,0,1,1,1,0,0.0,0.2,2,1
39,19,12,1,0,0,4,0,0,0,0,0,0,0,1,0,0,0,0,0,0,0.0,0.15384615384615385,3,0
44,33,4,1,0,0,4,0,0,0,0,0,0,0,0,0,0,0,0,0,0,0.0,0.13636363636363635,3,1
20,12,0,1,0,0,2,0,0,0,0,0,0,0,1,0,0,0,0,0,0,0.0,0.2,3,0
47,19,20,1,1,0,5,0,0,0,0,0,0,0,1,0,0,0,0,0,0,0.0,0.1702127659574468,3,1
58,14,36,4,0,0,5,0,0,0,0,4,2,0,1,0,0,0,1,0,0,0.06896551724137931,0.20689655172413793,2,1
95,12,76,3,1,0,10,0,0,0,0,0,1,0,0,0,0,0,0,0,0,0.0,0.15789473684210525,2,1
21,14,0,1,0,0,2,0,0,0,0,0,0,0,0,0,0,0,0,0,0,0.0,0.19047619047619047,3,1
30,8,14,1,1,0,4,0,0,0,0,0,0,0,1,0,0,0,0,0,0,0.0,0.23333333333333334,3,0
73,22,44,1,1,0,8,0,0,0,0,3,0,0,0,0,0,0,3,1,0,0.0410958904109589,0.1506849315068493,3,1
32,12,12,2,0,0,4,0,0,0,0,0,1,0,1,0,0,0,0,0,0,0.0,0.21875,3,0
52,12,32,2,3,0,5,0,0,0,0,0,1,0,1,0,0,0,0,0,0,0.0,0.21153846153846154,3,0
47,17,22,2,0,1,4,0,0,0,0,0,1,0,1,0,0,0,0,0,0,0.0,0.1702127659574468,3,0
59,14,37,2,4,0,5,0,0,0,0,4,1,0,1,0,0,0,0,0,0,0.06779661016949153,0.2033898305084746,3,0
77,29,27,3,0,0,6,1,1,0,0,17,2,0,1,0,0,0,1,0,0,0.22077922077922077,0.15584415584415584,2,1
214,14,4,4,1,3,7,2,4,0,3,47,1,0,1,0,0,0,0,1,0,0.21962616822429906,0.18691588785046728,3,1
49,19,22,3,0,0,5,0,0,0,0,1,1,0,1,0,0,0,0,0,0,0.02040816326530612,0.1836734693877551,3,0
49,29,12,2,2,0,5,0,0,0,0,0,1,0,1,0,0,1,0,1,0,0.0,0.20408163265306123,3,1
47,19,20,2,0,0,5,0,0,0,0,0,1,0,1,0,0,0,0,0,0,0.0,0.1702127659574468,3,0
94,11,76,1,8,0,8,0,0,0,0,0,0,0,0,0,0,0,0,0,0,0.0,0.19148936170212766,3,0
58,12,39,1,4,0,5,0,0,0,0,2,0,0,0,0,0,0,0,0,0,0.034482758620689655,0.20689655172413793,3,1
43,13,22,2,0,1,4,0,0,0,0,0,1,0,1,0,0,0,0,0,0,0.0,0.18604651162790697,3,0
26,11,7,2,0,0,3,0,0,0,0,0,1,0,1,0,0,0,0,0,0,0.0,0.23076923076923078,3,0
30,17,5,2,0,0,3,0,0,0,0,0,1,0,1,0,0,0,0,0,0,0.0,0.2,3,0
32,15,9,2,0,0,3,0,0,0,0,0,1,0,1,0,0,0,0,0,0,0.0,0.1875,3,0
34,14,12,2,0,0,4,0,0,0,0,0,1,0,1,0,0,0,0,0,0,0.0,0.20588235294117646,3,0
72,13,13,2,0,0,5,1,1,1,0,0,0,0,0,0,0,0,0,0,0,0.0,0.1527777777777778,3,1
60,15,37,2,4,0,5,0,0,0,0,4,1,0,1,0,0,0,0,0,0,0.06666666666666667,0.2,3,0
45,15,22,3,0,0,5,0,0,0,0,1,1,0,1,0,0,0,0,0,0,0.022222222222222223,0.2,3,0
29,14,7,2,0,0,3,0,0,0,0,0,1,0,1,0,0,0,0,0,0,0.0,0.20689655172413793,3,0
71,24,40,2,1,0,8,0,0,0,0,4,1,0,0,0,0,0,0,0,0,0.056338028169014086,0.16901408450704225,3,1
25,17,0,1,0,0,2,0,0,0,0,0,0,0,1,0,0,0,0,0,0,0.0,0.16,2,1
55,15,32,2,3,0,5,0,0,0,0,0,1,0,1,0,0,0,0,0,0,0.0,0.2,3,0
42,33,1,4,1,0,3,0,0,0,0,0,3,0,1,0,0,1,0,0,0,0.0,0.21428571428571427,2,1
46,16,22,3,0,0,5,0,0,0,0,1,1,0,1,0,0,0,0,0,0,0.021739130434782608,0.1956521739130435,3,0
32,10,14,1,1,0,4,0,0,0,0,0,0,0,1,0,0,0,0,0,0,0.0,0.21875,3,0
64,19,28,2,1,0,5,1,1,0,0,0,0,0,0,0,0,0,1,0,0,0.0,0.171875,3,1
29,15,6,2,0,0,3,0,0,0,0,0,1,0,1,0,0,0,1,0,0,0.0,0.20689655172413793,3,0
40,18,14,2,1,0,4,0,0,0,0,0,1,0,1,0,0,0,0,1,0,0.0,0.2,3,0
59,14,37,2,4,0,5,0,0,0,0,4,1,0,1,0,0,0,0,0,0,0.06779661016949153,0.2033898305084746,3,0
34,19,7,2,0,0,3,0,0,0,0,0,1,0,1,0,0,0,0,0,0,0.0,0.17647058823529413,3,0
33,15,10,2,0,0,6,0,0,0,0,1,1,0,1,0,0,0,0,0,0,0.030303030303030304,0.2727272727272727,3,0
39,14,17,1,0,0,5,0,0,0,0,0,0,0,1,0,0,0,0,0,0,0.0,0.1794871794871795,3,1
27,11,8,1,0,0,3,0,0,0,0,0,0,0,1,0,0,0,0,0,0,0.0,0.18518518518518517,3,0
27,18,1,1,1,0,3,0,0,0,0,0,0,0,1,0,0,1,0,0,0,0.0,0.2222222222222222,3,1
36,14,14,2,1,0,4,0,0,0,0,0,1,0,1,0,0,0,0,0,0,0.0,0.2222222222222222,3,0
40,17,15,2,1,0,3,0,0,0,0,0,1,0,1,0,0,0,1,0,0,0.0,0.175,3,0
35,8,19,1,0,0,5,0,0,0,0,2,0,0,1,0,0,0,0,0,0,0.05714285714285714,0.2,2,1
21,7,6,1,0,0,3,0,0,0,0,0,0,0,1,0,0,0,1,0,0,0.0,0.23809523809523808,3,0
35,24,4,1,0,0,4,0,0,0,0,0,0,0,0,0,0,0,0,0,0,0.0,0.17142857142857143,3,1
21,12,1,2,0,0,3,0,0,0,0,0,1,0,1,0,0,0,1,0,0,0.0,0.2857142857142857,3,0
53,11,35,1,0,0,8,0,0,0,0,2,0,0,0,0,0,0,1,1,0,0.03773584905660377,0.18867924528301888,3,1
233,14,53,2,0,1,7,1,3,0,2,112,0,0,1,0,0,0,1,1,0,0.48068669527896996,0.07296137339055794,3,1
29,11,10,2,0,0,6,0,0,0,0,1,1,0,1,0,0,0,0,0,0,0.034482758620689655,0.3103448275862069,3,0
22,12,3,2,0,0,4,0,0,0,0,0,1,0,0,0,0,0,0,0,0,0.0,0.3181818181818182,2,1
32,14,10,2,0,0,3,0,0,0,0,0,0,0,1,0,0,0,0,0,0,0.0,0.1875,3,1
15,7,0,1,0,0,2,0,0,0,0,0,0,0,1,0,0,0,0,0,0,0.0,0.26666666666666666,3,0
38,15,15,2,1,0,3,0,0,0,0,0,1,0,1,0,0,0,1,0,0,0.0,0.18421052631578946,3,0
49,19,22,4,0,0,5,0,0,0,0,1,2,0,1,0,0,0,0,1,0,0.02040816326530612,0.20408163265306123,3,0
105,25,73,2,1,1,7,0,0,0,0,18,0,0,0,0,0,0,1,0,0,0.17142857142857143,0.11428571428571428,3,1
110,15,67,2,2,0,10,1,1,0,0,5,0,0,0,0,0,0,0,0,0,0.045454545454545456,0.15454545454545454,4,1
57,17,32,2,3,0,5,0,0,0,0,0,1,0,1,0,0,0,0,0,0,0.0,0.19298245614035087,3,0
47,17,22,3,0,0,5,0,0,0,0,1,1,0,1,0,0,0,0,0,0,0.02127659574468085,0.19148936170212766,3,0
59,15,37,1,0,0,9,0,0,0,0,0,0,0,0,0,0,0,1,0,0,0.0,0.1864406779661017,3,1
86,12,67,2,2,5,3,0,0,0,0,5,0,0,0,0,0,0,0,0,0,0.05813953488372093,0.1511627906976744,2,0
269,32,61,3,1,5,7,1,3,0,2,64,1,0,1,0,0,1,0,0,0,0.2379182156133829,0.11524163568773234,3,1
48,8,32,1,3,0,5,0,0,0,0,0,0,0,1,0,0,0,0,0,0,0.0,0.20833333333333334,3,0
38,11,20,3,0,0,5,0,0,0,0,0,1,0,0,0,0,0,0,0,0,0.0,0.23684210526315788,2,1
38,17,13,2,0,0,4,0,0,0,0,0,0,0,1,0,0,0,1,0,0,0.0,0.18421052631578946,2,1
42,19,15,2,1,0,3,0,0,0,0,0,1,0,1,0,0,0,1,0,0,0.0,0.16666666666666666,3,0
24,10,6,1,0,0,3,0,0,0,0,0,0,0,1,0,0,0,1,0,0,0.0,0.20833333333333334,3,0
98,17,73,6,2,0,5,0,0,0,0,0,1,0,1,0,0,0,0,0,0,0.0,0.14285714285714285,2,1
95,6,82,1,6,0,6,0,0,0,0,8,0,0,0,0,0,0,0,0,0,0.08421052631578947,0.14736842105263157,2,0
37,17,12,1,0,0,5,0,0,0,0,0,0,0,1,0,0,0,0,1,0,0.0,0.1891891891891892,3,1
108,7,33,1,0,0,4,1,1,0,0,31,0,0,1,0,0,0,0,0,0,0.28703703703703703,0.1388888888888889,2,1
76,32,36,3,1,0,6,0,0,0,0,0,1,0,1,0,0,0,0,0,0,0.0,0.14473684210526316,3,1
25,16,1,2,0,0,3,0,0,0,0,0,1,0,1,0,0,0,0,1,0,0.0,0.24,3,0
28,15,5,2,0,0,3,0,0,0,0,0,1,0,1,0,0,0,0,0,0,0.0,0.21428571428571427,3,0
98,10,81,2,3,2,7,0,0,0,0,19,0,0,0,0,0,0,0,0,0,0.19387755102040816,0.15306122448979592,2,0
152,14,130,1,1,0,7,0,0,0,0,17,0,0,1,0,0,1,0,0,0,0.1118421052631579,0.06578947368421052,3,1
151,30,91,2,1,2,7,1,2,0,1,12,1,0,1,0,0,1,1,0,0,0.07947019867549669,0.1390728476821192,3,1
156,12,57,13,0,0,4,1,1,0,0,30,0,0,0,0,0,0,0,0,0,0.19230769230769232,0.14102564102564102,3,0
36,19,10,2,1,0,4,0,0,0,0,0,1,0,0,0,0,1,0,0,0,0.0,0.2222222222222222,2,1
22,14,0,2,0,0,2,0,0,0,0,0,1,0,1,0,0,0,0,0,0,0.0,0.22727272727272727,3,0
65,25,32,2,3,0,5,0,0,0,0,0,1,0,1,0,0,0,0,0,0,0.0,0.16923076923076924,3,0
219,18,36,3,0,1,7,1,3,0,2,81,1,0,0,0,0,0,1,0,0,0.3698630136986301,0.0867579908675799,2,1
27,15,4,1,0,0,4,0,0,0,0,0,0,0,1,0,0,0,0,0,0,0.0,0.2222222222222222,3,1
58,29,21,3,1,0,4,0,0,0,0,0,1,0,1,0,0,0,0,0,0,0.0,0.15517241379310345,3,1
34,23,4,2,0,0,4,0,0,0,0,0,1,0,0,0,0,0,0,0,0,0.0,0.20588235294117646,3,1
91,12,71,1,0,0,9,0,0,0,0,0,0,0,1,0,0,0,0,0,0,0.0,0.12087912087912088,3,1
43,25,10,3,0,0,3,0,0,0,0,3,1,0,1,0,0,0,1,0,0,0.06976744186046512,0.16279069767441862,3,1
49,9,32,1,3,0,5,0,0,0,0,0,0,0,1,0,0,0,0,0,0,0.0,0.20408163265306123,2,0
43,13,22,3,0,0,5,0,0,0,0,1,1,0,1,0,0,0,0,0,0,0.023255813953488372,0.20930232558139536,3,0
32,17,7,2,0,0,3,0,0,0,0,0,1,0,1,0,0,0,0,0,0,0.0,0.1875,3,0
43,24,12,2,0,0,4,0,0,0,0,1,1,0,0,0,0,0,0,0,0,0.023255813953488372,0.16279069767441862,3,1
92,13,72,2,13,0,5,0,0,0,0,7,0,0,0,0,0,0,0,0,0,0.07608695652173914,0.22826086956521738,2,0
26,18,0,2,0,0,2,0,0,0,0,0,1,0,1,0,0,0,0,0,0,0.0,0.19230769230769232,3,0
33,17,8,2,0,0,3,0,0,0,0,0,1,0,1,0,0,0,0,0,0,0.0,0.18181818181818182,3,0
26,12,6,1,0,0,3,0,0,0,0,0,0,0,1,0,0,0,0,1,0,0.0,0.19230769230769232,3,0
55,14,33,2,0,2,6,0,1,0,0,5,1,0,1,0,0,0,0,0,0,0.09090909090909091,0.21818181818181817,3,0
38,21,9,2,0,0,3,0,0,0,0,0,1,0,1,0,0,0,0,0,0,0.0,0.15789473684210525,3,0
227,21,32,2,0,1,5,1,3,0,2,88,0,0,1,0,0,0,1,0,0,0.3876651982378855,0.07488986784140969,3,1
95,15,73,3,14,0,4,0,0,0,0,9,1,0,0,0,0,0,0,0,0,0.09473684210526316,0.23157894736842105,2,0
154,25,73,2,1,2,7,1,1,0,4,23,0,0,0,0,0,0,1,0,0,0.14935064935064934,0.14935064935064934,3,1
29,15,6,2,0,0,3,0,0,0,0,0,1,0,1,0,0,0,0,0,0,0.0,0.20689655172413793,3,0
79,14,58,1,1,0,7,0,0,0,0,25,0,0,0,0,0,1,0,0,0,0.31645569620253167,0.12658227848101267,2,1
28,19,1,2,0,0,3,0,0,0,0,1,1,0,1,0,0,0,0,0,0,0.03571428571428571,0.21428571428571427,3,1
106,10,88,1,10,0,4,0,0,0,0,9,0,0,1,0,0,0,0,0,0,0.08490566037735849,0.1509433962264151,3,0
229,17,39,2,1,1,7,1,3,0,2,77,0,0,0,0,0,0,2,0,0,0.33624454148471616,0.08733624454148471,3,1
29,13,8,2,0,0,3,0,0,0,0,0,1,0,1,0,0,0,0,0,0,0.0,0.20689655172413793,3,0
37,15,14,2,1,0,4,0,0,0,0,0,1,0,1,0,0,0,0,0,0,0.0,0.21621621621621623,3,0
26,12,6,2,0,0,3,0,0,0,0,0,1,0,1,0,0,0,1,0,0,0.0,0.23076923076923078,2,0
41,11,22,2,0,1,4,0,0,0,0,0,1,0,1,0,0,0,0,0,0,0.0,0.1951219512195122,3,0
99,15,77,1,5,2,6,0,0,0,0,8,0,0,0,0,0,0,0,0,0,0.08080808080808081,0.15151515151515152,3,0
42,24,10,1,1,0,4,0,0,0,0,0,0,0,1,0,0,1,0,0,0,0.0,0.16666666666666666,6,1
51,43,1,3,2,0,3,0,0,0,0,5,2,0,0,0,0,1,0,1,0,0.09803921568627451,0.17647058823529413,2,1
104,23,74,3,2,0,11,0,0,0,0,3,2,0,0,0,0,1,1,0,0,0.028846153846153848,0.16346153846153846,2,1
39,25,6,2,0,0,3,0,0,0,0,0,1,0,1,0,0,0,0,0,0,0.0,0.15384615384615385,3,0
84,6,71,1,7,0,6,0,0,0,0,0,0,0,0,0,0,0,0,0,0,0.0,0.17857142857142858,3,0
42,12,22,3,0,0,5,0,0,0,0,0,0,0,1,0,0,0,1,0,0,0.0,0.21428571428571427,3,1
47,9,4,1,0,0,4,1,1,0,0,5,0,0,0,0,0,0,0,0,0,0.10638297872340426,0.19148936170212766,2,1
31,16,7,2,0,0,3,0,0,0,0,0,1,0,1,0,0,0,0,0,0,0.0,0.1935483870967742,3,0
24,11,5,2,0,0,3,0,0,0,0,0,1,0,1,0,0,0,0,0,0,0.0,0.25,3,0
61,16,37,2,4,0,5,0,0,0,0,4,1,0,1,0,0,0,0,0,0,0.06557377049180328,0.19672131147540983,3,0
39,18,14,1,0,0,4,0,0,0,0,0,0,0,0,0,0,0,0,0,0,0.0,0.15384615384615385,3,1
30,13,9,1,0,0,3,0,0,0,0,0,0,0,1,0,0,0,0,0,0,0.0,0.16666666666666666,3,0
38,16,14,2,1,0,4,0,0,0,0,0,1,0,1,0,0,0,0,0,0,0.0,0.21052631578947367,3,0
58,13,37,2,4,0,5,0,0,0,0,4,1,0,1,0,0,0,0,0,0,0.06896551724137931,0.20689655172413793,3,0
87,10,70,1,9,0,4,0,0,0,0,6,0,0,0,0,0,0,0,0,0,0.06896551724137931,0.1724137931034483,3,0
42,19,15,3,0,0,4,0,0,0,0,4,2,0,1,0,0,0,0,1,0,0.09523809523809523,0.19047619047619047,3,0
105,11,8,1,0,0,4,1,0,0,0,19,0,0,0,0,0,0,0,0,0,0.18095238095238095,0.3142857142857143,2,0
217,16,35,2,0,3,4,1,3,0,2,68,0,0,1,0,0,0,1,0,0,0.31336405529953915,0.07373271889400922,3,1
116,32,77,2,0,0,5,0,0,0,0,28,1,0,0,0,0,0,0,0,0,0.2413793103448276,0.06896551724137931,4,1
64,18,39,3,3,0,5,0,0,0,0,0,0,0,0,0,0,0,0,0,0,0.0,0.1875,3,1
65,15,8,4,0,0,9,2,0,0,0,3,1,0,0,0,0,0,1,0,0,0.046153846153846156,0.26153846153846155,3,1
41,33,0,4,2,0,2,0,0,0,0,0,3,0,1,0,0,1,0,0,0,0.0,0.21951219512195122,2,1
63,13,43,1,0,0,6,0,0,0,0,21,0,0,0,0,0,0,0,0,0,0.3333333333333333,0.12698412698412698,3,1
70,16,46,2,1,1,6,0,0,0,0,3,1,0,1,0,0,0,0,1,0,0.04285714285714286,0.15714285714285714,3,1
34,12,14,1,1,0,4,0,0,0,0,7,0,0,1,0,0,1,0,0,0,0.20588235294117646,0.20588235294117646,3,1
40,17,15,2,1,0,3,0,0,0,0,0,1,0,1,0,0,0,1,0,0,0.0,0.175,3,0
28,19,1,3,0,0,3,0,0,0,0,0,2,0,1,0,0,0,0,0,0,0.0,0.25,3,1
115,15,93,2,2,0,7,0,0,0,0,28,0,0,0,0,0,0,0,0,0,0.24347826086956523,0.2782608695652174,3,0
30,20,3,1,0,0,3,0,0,0,0,0,0,0,0,0,0,0,0,0,0,0.0,0.16666666666666666,3,1
83,6,70,2,4,0,8,0,0,0,0,1,0,0,0,0,0,0,0,0,0,0.012048192771084338,0.18072289156626506,2,0
58,44,6,4,0,0,5,0,0,0,0,1,3,0,1,0,0,0,0,0,0,0.017241379310344827,0.1724137931034483,3,1
108,16,84,2,4,0,7,0,0,0,0,44,1,0,1,0,0,0,0,0,0,0.4074074074074074,0.12962962962962962,3,1
54,13,33,2,0,2,6,0,1,0,0,5,1,0,1,0,0,0,0,0,0,0.09259259259259259,0.2222222222222222,3,0
33,17,8,2,0,0,3,0,0,0,0,0,1,0,1,0,0,0,0,0,0,0.0,0.18181818181818182,3,0
74,14,33,2,0,0,3,1,1,0,0,15,1,0,0,0,0,0,0,0,0,0.20270270270270271,0.12162162162162163,2,1
35,9,18,1,0,0,3,0,0,0,0,2,0,0,1,0,0,0,0,0,0,0.05714285714285714,0.14285714285714285,3,1
23,9,6,1,0,0,3,0,0,0,0,0,0,0,1,0,0,0,1,0,0,0.0,0.21739130434782608,3,0
28,20,0,1,1,0,2,0,0,0,0,1,0,0,1,0,0,1,1,0,0,0.03571428571428571,0.17857142857142858,3,1
43,18,6,2,0,0,3,1,1,0,0,3,1,0,1,0,0,0,0,0,0,0.06976744186046512,0.18604651162790697,3,0
237,20,44,2,2,1,7,1,3,0,2,76,0,0,0,0,0,0,1,0,0,0.3206751054852321,0.08860759493670886,3,1
38,10,20,1,0,0,5,0,0,0,0,0,0,0,1,0,0,0,0,0,0,0.0,0.18421052631578946,3,0
59,18,33,2,0,2,6,0,1,0,0,5,1,0,1,0,0,0,0,0,0,0.0847457627118644,0.2033898305084746,3,0
72,19,45,1,0,0,9,0,0,0,0,0,0,0,1,0,0,0,3,0,0,0.0,0.1527777777777778,2,1
484,37,58,3,13,3,7,1,5,0,4,107,1,0,0,0,0,1,0,0,0,0.22107438016528927,0.08884297520661157,3,1
37,15,14,2,1,0,4,0,0,0,0,0,1,0,1,0,0,0,0,0,0,0.0,0.21621621621621623,3,0
298,14,84,4,4,1,13,1,3,0,2,81,0,0,0,0,0,1,4,1,0,0.27181208053691275,0.09731543624161074,2,1
67,20,40,1,1,0,8,0,0,0,0,2,0,0,0,0,0,1,0,0,0,0.029850746268656716,0.1791044776119403,3,1
58,13,37,2,4,0,5,0,0,0,0,4,1,0,1,0,0,0,0,0,0,0.06896551724137931,0.20689655172413793,3,0
90,15,68,1,2,1,8,0,0,0,0,0,0,0,0,0,0,0,1,1,0,0.0,0.14444444444444443,2,0
132,12,57,9,0,0,4,1,1,0,0,35,0,0,0,0,0,0,0,0,0,0.26515151515151514,0.13636363636363635,3,0
46,25,14,2,0,0,4,0,0,0,0,12,1,0,0,0,0,0,0,0,0,0.2608695652173913,0.15217391304347827,6,1
34,9,6,1,0,0,3,1,1,0,0,3,0,0,1,0,0,0,0,0,0,0.08823529411764706,0.20588235294117646,2,0
36,14,14,2,1,0,4,0,0,0,0,0,1,0,1,0,0,0,0,0,0,0.0,0.2222222222222222,3,0
143,10,109,1,13,0,4,1,1,0,0,7,0,0,1,0,0,0,0,0,0,0.04895104895104895,0.14685314685314685,3,0
51,27,17,2,1,0,4,0,0,0,0,4,1,0,0,0,0,1,0,1,0,0.0784313725490196,0.1568627450980392,3,1
36,11,6,2,0,0,3,1,1,0,0,3,1,0,1,0,0,0,0,0,0,0.08333333333333333,0.2222222222222222,3,0
22,14,0,2,0,0,2,0,0,0,0,0,1,0,1,0,0,0,0,1,0,0.0,0.22727272727272727,3,0
59,24,27,3,0,0,6,0,0,0,0,0,1,0,1,0,0,0,0,0,0,0.0,0.1694915254237288,2,1
31,14,9,2,0,0,3,0,0,0,0,0,1,0,1,0,0,0,0,0,0,0.0,0.1935483870967742,3,0
53,23,22,3,0,0,5,0,0,0,0,1,1,0,1,0,0,0,0,0,0,0.018867924528301886,0.16981132075471697,3,0
79,19,52,1,0,0,6,0,0,0,0,20,0,0,1,0,0,0,0,0,0,0.25316455696202533,0.10126582278481013,3,1
38,12,19,3,0,0,4,0,0,0,0,0,1,0,0,0,0,0,1,0,0,0.0,0.21052631578947367,3,1
36,19,9,3,0,0,3,0,0,0,0,0,2,0,1,0,0,0,0,1,0,0.0,0.19444444444444445,3,0
106,9,90,1,1,0,6,0,0,0,0,31,0,0,0,0,0,0,0,0,0,0.29245283018867924,0.3113207547169811,3,0
20,11,1,1,0,0,3,0,0,0,0,0,0,0,1,0,0,0,0,0,0,0.0,0.25,3,1
44,14,22,2,0,1,4,0,0,0,0,0,1,0,1,0,0,0,0,0,0,0.0,0.18181818181818182,3,0
39,16,15,2,0,0,4,0,0,0,0,4,1,0,1,0,0,0,0,0,0,0.10256410256410256,0.1794871794871795,3,0
63,18,38,2,0,0,8,0,0,1,0,0,0,0,0,0,0,0,0,0,0,0.0,0.19047619047619047,2,1
28,14,6,2,0,0,3,0,0,0,0,0,1,0,1,0,0,0,0,0,0,0.0,0.21428571428571427,3,0
35,9,18,1,0,0,3,0,0,0,0,4,0,0,1,0,0,0,0,0,0,0.11428571428571428,0.14285714285714285,3,1
22,6,8,1,0,0,3,0,0,0,0,2,0,0,1,0,0,0,0,0,1,0.09090909090909091,0.22727272727272727,2,1
39,17,14,2,1,0,4,0,0,0,0,0,1,0,1,0,0,0,0,0,0,0.0,0.20512820512820512,3,0
37,14,15,2,0,0,4,0,0,0,0,4,1,0,1,0,0,0,0,0,0,0.10810810810810811,0.1891891891891892,3,0
38,10,20,2,0,0,5,0,0,0,0,0,1,0,1,0,0,0,0,0,0,0.0,0.21052631578947367,3,0
41,19,14,2,1,0,4,0,0,0,0,0,1,0,1,0,0,0,0,0,0,0.0,0.1951219512195122,3,0
37,20,9,2,0,0,3,0,0,0,0,0,1,0,1,0,0,0,0,0,0,0.0,0.16216216216216217,3,0
44,26,10,3,0,0,3,0,0,0,0,3,1,0,1,0,0,0,1,0,0,0.06818181818181818,0.1590909090909091,3,1
48,18,22,2,0,1,4,0,0,0,0,0,1,0,1,0,0,0,0,0,0,0.0,0.16666666666666666,3,0
113,24,81,1,1,0,5,0,0,0,0,8,0,0,1,0,0,1,0,0,0,0.07079646017699115,0.07079646017699115,2,1
36,28,1,3,0,0,3,0,0,0,0,0,2,0,0,0,0,0,1,1,0,0.0,0.19444444444444445,3,1
35,28,0,2,0,0,2,0,0,0,0,1,1,0,0,0,0,0,0,0,0,0.02857142857142857,0.14285714285714285,3,1
30,15,7,2,0,0,3,0,0,0,0,0,1,0,1,0,0,0,0,0,0,0.0,0.2,3,0
35,16,12,2,0,1,5,0,0,0,0,0,1,0,0,0,0,0,1,0,0,0.0,0.2571428571428571,3,1
27,13,6,2,0,0,3,0,0,0,0,0,1,0,1,0,0,0,1,0,0,0.0,0.2222222222222222,3,0
21,13,0,1,0,0,2,0,0,0,0,0,0,0,1,0,0,0,0,0,0,0.0,0.19047619047619047,3,0
24,10,6,2,0,0,3,0,0,0,0,0,1,0,1,0,0,0,1,0,0,0.0,0.25,3,0
41,18,15,2,1,0,3,0,0,0,0,0,1,0,1,0,0,0,1,1,0,0.0,0.17073170731707318,3,0
40,17,15,2,1,0,3,0,0,0,0,0,1,0,1,0,0,0,1,0,0,0.0,0.175,2,0
134,12,57,9,0,0,4,1,1,0,0,30,0,0,0,0,0,0,0,0,0,0.22388059701492538,0.13432835820895522,3,0
84,21,55,1,1,2,8,0,0,0,0,3,0,0,1,0,0,0,0,1,0,0.03571428571428571,0.15476190476190477,3,1
59,14,37,2,4,0,5,0,0,0,0,4,1,0,1,0,0,0,0,0,0,0.06779661016949153,0.2033898305084746,3,0
35,13,14,2,0,1,4,0,0,0,0,1,1,0,1,0,0,0,0,0,0,0.02857142857142857,0.22857142857142856,2,1
33,14,11,2,0,0,3,0,0,0,0,5,1,0,1,0,0,0,0,0,0,0.15151515151515152,0.18181818181818182,4,1
84,10,67,2,10,0,4,0,0,0,0,5,0,0,0,0,0,0,0,0,0,0.05952380952380952,0.20238095238095238,2,0
37,14,15,2,0,0,4,0,0,0,0,4,1,0,1,0,0,0,0,1,0,0.10810810810810811,0.1891891891891892,3,0
30,23,0,2,0,0,2,0,0,0,0,2,1,0,0,0,0,0,0,0,0,0.06666666666666667,0.16666666666666666,4,1
43,13,22,1,0,1,4,0,0,0,0,0,0,0,1,0,0,0,0,0,0,0.0,0.16279069767441862,3,0
37,28,1,1,0,0,3,0,0,0,0,0,0,0,1,0,0,0,1,0,0,0.0,0.13513513513513514,3,1
71,21,43,2,0,0,14,0,0,0,0,4,1,0,0,0,0,0,1,1,0,0.056338028169014086,0.23943661971830985,3,1
50,30,13,3,2,0,3,0,0,0,0,4,1,0,0,0,0,1,0,0,0,0.08,0.18,3,1
24,15,1,2,0,0,3,0,0,0,0,0,1,0,1,0,0,0,0,0,0,0.0,0.25,3,1
41,16,6,2,0,0,3,1,1,0,0,3,1,0,1,0,0,0,0,0,0,0.07317073170731707,0.1951219512195122,3,0
225,20,31,2,1,1,5,1,3,0,2,80,0,0,1,0,0,1,1,1,0,0.35555555555555557,0.08,3,1
26,18,1,1,0,0,3,0,0,0,0,0,0,0,0,0,0,0,0,0,0,0.0,0.19230769230769232,2,1
22,13,1,1,0,0,3,0,0,0,0,0,0,0,1,0,0,0,0,0,0,0.0,0.22727272727272727,3,0
17,6,4,1,0,0,3,0,0,0,0,1,0,0,0,0,0,0,0,0,0,0.058823529411764705,0.29411764705882354,2,1
76,17,43,4,1,0,6,1,0,0,0,5,2,0,0,0,0,0,0,1,0,0.06578947368421052,0.17105263157894737,2,1
66,32,26,2,1,0,6,0,0,0,0,0,1,0,1,0,0,0,0,0,0,0.0,0.15151515151515152,3,1
45,17,20,2,0,0,5,0,0,0,0,0,1,0,1,0,0,0,0,0,0,0.0,0.17777777777777778,3,0
38,15,15,2,1,0,3,0,0,0,0,0,1,0,1,0,0,0,1,0,0,0.0,0.18421052631578946,3,0
46,18,20,2,0,0,5,0,0,0,0,0,1,0,1,0,0,0,0,0,0,0.0,0.17391304347826086,3,0
62,21,33,2,0,2,6,0,1,0,0,5,1,0,1,0,0,0,0,0,0,0.08064516129032258,0.1935483870967742,3,0
33,15,10,2,0,0,6,0,0,0,0,1,1,0,1,0,0,0,0,0,0,0.030303030303030304,0.2727272727272727,3,0
40,17,15,2,0,0,4,0,0,0,0,4,1,0,1,0,0,0,0,0,0,0.1,0.175,3,0
25,17,0,2,0,0,2,0,0,0,0,0,1,0,1,0,0,0,0,0,0,0.0,0.2,3,0
30,16,6,2,0,0,3,0,0,0,0,0,1,0,1,0,0,0,1,0,0,0.0,0.2,3,0
129,13,28,2,0,2,4,1,5,0,4,27,0,0,0,0,0,0,0,0,0,0.20930232558139536,0.14728682170542637,3,0
34,26,0,2,1,0,2,0,0,0,0,1,1,0,1,0,0,1,0,0,0,0.029411764705882353,0.17647058823529413,2,1
110,7,20,1,0,6,5,1,8,0,7,15,0,0,0,0,0,0,0,0,0,0.13636363636363635,0.2636363636363636,2,0
126,13,106,1,14,0,5,0,0,0,0,4,0,0,0,0,0,0,0,0,0,0.031746031746031744,0.16666666666666666,3,0
53,23,22,3,0,0,5,0,0,0,0,1,1,0,1,0,0,0,0,0,0,0.018867924528301886,0.16981132075471697,3,0
44,14,23,2,0,0,5,0,0,0,0,0,0,0,0,0,0,0,0,0,0,0.0,0.18181818181818182,3,1
233,13,47,2,1,1,7,1,3,0,2,80,0,0,0,0,0,0,1,1,0,0.34334763948497854,0.08583690987124463,3,1
31,20,4,1,1,0,4,0,0,0,0,0,0,0,0,0,0,1,0,0,0,0.0,0.22580645161290322,3,1
165,26,38,4,0,1,4,1,11,0,2,8,2,0,0,0,0,0,1,0,0,0.048484848484848485,0.14545454545454545,4,1
38,10,20,2,0,0,5,0,0,0,0,0,1,0,1,0,0,0,0,0,0,0.0,0.21052631578947367,3,0
134,32,20,3,4,0,4,1,3,0,3,1,1,0,1,0,0,1,0,0,0,0.007462686567164179,0.17164179104477612,8,1
38,16,14,2,1,0,4,0,0,0,0,0,1,0,1,0,0,0,0,0,0,0.0,0.21052631578947367,3,0
84,15,62,1,6,0,5,0,0,0,0,6,0,0,0,0,0,0,0,0,0,0.07142857142857142,0.15476190476190477,3,0
31,23,1,1,2,0,3,0,0,0,0,0,0,0,0,0,0,1,1,0,0,0.0,0.22580645161290322,3,1
75,15,33,2,0,0,3,1,1,0,0,20,1,0,0,0,0,0,0,0,0,0.26666666666666666,0.12,3,1
57,7,33,1,0,0,4,1,1,0,0,7,0,0,1,0,0,0,0,0,0,0.12280701754385964,0.15789473684210525,2,1
33,10,15,1,1,0,3,0,0,0,0,0,0,0,1,0,0,0,1,0,0,0.0,0.18181818181818182,3,0
44,27,9,2,0,0,3,0,0,0,0,0,1,0,1,0,0,0,0,0,0,0.0,0.13636363636363635,3,0
120,15,98,2,1,0,10,0,0,0,0,18,0,0,0,0,0,0,1,0,0,0.15,0.11666666666666667,3,1
20,11,1,2,0,0,3,0,0,0,0,0,1,0,1,0,0,0,0,0,0,0.0,0.3,3,0
30,14,8,2,0,0,3,0,0,0,0,0,1,0,1,0,0,0,0,0,0,0.0,0.2,3,0
54,14,32,2,3,0,5,0,0,0,0,0,1,0,1,0,0,0,1,1,0,0.0,0.2037037037037037,3,0
56,15,33,2,0,2,6,0,1,0,0,5,1,0,1,0,0,0,0,0,0,0.08928571428571429,0.21428571428571427,3,0
45,25,13,1,0,0,4,0,0,0,0,0,0,0,0,0,0,0,0,0,0,0.0,0.13333333333333333,3,1
26,17,1,2,0,0,3,0,0,0,0,0,1,0,1,0,0,0,0,0,0,0.0,0.23076923076923078,3,0
31,22,1,2,0,0,3,0,0,0,0,0,1,0,1,0,0,0,0,0,0,0.0,0.1935483870967742,3,1
37,14,15,2,0,0,3,0,0,0,0,0,0,0,1,0,0,0,0,0,0,0.0,0.16216216216216217,3,1
40,33,0,3,1,0,2,0,0,0,0,0,2,0,0,0,0,1,1,0,0,0.0,0.175,3,1
84,6,71,1,1,0,9,0,0,0,0,0,0,0,0,0,0,0,0,0,0,0.0,0.14285714285714285,2,0
56,20,29,3,0,0,5,0,0,0,0,0,1,0,0,0,0,0,2,0,0,0.0,0.17857142857142858,2,1
59,11,40,2,1,0,8,0,0,0,0,0,0,0,1,0,0,0,0,0,0,0.0,0.2033898305084746,4,1
39,16,15,2,1,0,3,0,0,0,0,0,1,0,1,0,0,0,1,0,0,0.0,0.1794871794871795,3,0
22,6,8,1,0,0,3,0,0,0,0,2,0,0,1,0,0,0,0,0,1,0.09090909090909091,0.22727272727272727,2,1
38,29,1,2,0,0,3,0,0,0,0,0,1,0,1,0,0,0,1,0,0,0.0,0.15789473684210525,3,1
29,13,8,1,0,0,3,0,0,0,0,0,0,0,1,0,0,0,0,0,0,0.0,0.1724137931034483,3,0
61,16,37,2,4,0,5,0,0,0,0,4,1,0,1,0,0,0,0,0,0,0.06557377049180328,0.19672131147540983,3,0
41,13,20,2,0,0,5,0,0,0,0,0,1,0,1,0,0,0,0,0,0,0.0,0.1951219512195122,3,0
203,16,69,1,4,1,7,1,2,0,1,36,0,0,0,0,0,0,0,0,0,0.17733990147783252,0.09359605911330049,3,1
33,13,12,2,0,0,4,0,0,0,0,0,1,0,1,0,0,0,0,1,0,0.0,0.21212121212121213,3,0
80,16,57,4,1,1,7,0,0,0,0,0,1,0,0,0,0,0,1,0,0,0.0,0.175,3,1
25,14,4,3,0,0,3,0,0,0,0,11,2,1,0,0,0,0,0,0,0,0.44,0.28,3,1
73,19,47,1,0,0,5,0,0,0,0,25,0,0,0,0,0,0,0,0,0,0.3424657534246575,0.0958904109589041,3,1
27,18,1,1,0,0,3,0,0,0,0,0,0,0,1,0,0,0,0,0,0,0.0,0.18518518518518517,3,1
37,14,15,2,1,0,3,0,0,0,0,0,1,0,1,0,0,0,1,0,0,0.0,0.1891891891891892,3,0
31,18,5,2,0,0,3,0,0,0,0,0,1,0,1,0,0,0,0,1,0,0.0,0.1935483870967742,3,0
29,14,7,2,0,0,3,0,0,0,0,0,1,0,1,0,0,0,0,0,0,0.0,0.20689655172413793,3,0
43,20,15,2,0,0,4,0,0,0,0,4,1,0,1,0,0,0,0,0,0,0.09302325581395349,0.16279069767441862,3,0
37,14,15,2,0,0,4,0,0,0,0,4,1,0,1,0,0,0,0,0,0,0.10810810810810811,0.1891891891891892,3,0
76,22,46,4,1,0,6,0,0,0,1,0,1,0,1,0,0,0,1,0,0,0.0,0.18421052631578946,3,1
36,14,14,2,1,0,4,0,0,0,0,0,1,0,1,0,0,0,0,0,0,0.0,0.2222222222222222,3,0
31,13,10,2,0,0,3,0,0,0,0,0,0,0,1,0,0,0,0,0,0,0.0,0.1935483870967742,2,1
263,30,65,3,5,5,8,1,4,0,2,61,1,0,1,0,0,1,0,0,0,0.23193916349809887,0.12547528517110265,3,1
98,14,53,2,4,1,6,1,1,0,0,6,0,0,0,0,0,0,0,0,0,0.061224489795918366,0.16326530612244897,3,0
82,20,55,2,3,0,7,0,0,0,0,0,0,0,0,0,0,0,1,0,0,0.0,0.15853658536585366,3,1
36,17,11,1,0,0,4,0,0,0,0,3,0,0,1,0,0,0,1,1,0,0.08333333333333333,0.16666666666666666,3,1
56,16,32,2,3,0,5,0,0,0,0,0,1,0,1,0,0,0,0,0,0,0.0,0.19642857142857142,3,0
29,14,7,2,0,0,3,0,0,0,0,0,1,0,1,0,0,0,0,0,0,0.0,0.20689655172413793,3,0
23,14,1,1,0,0,3,0,0,0,0,0,0,0,1,0,0,0,0,0,0,0.0,0.21739130434782608,2,1
38,15,15,2,1,0,3,0,0,0,0,0,1,0,1,0,0,0,1,1,0,0.0,0.18421052631578946,3,0
24,15,1,2,0,0,3,0,0,0,0,0,1,0,1,0,0,0,0,0,0,0.0,0.25,3,0
257,23,54,3,1,4,7,1,3,0,2,67,1,0,1,0,0,1,0,0,0,0.2607003891050584,0.1245136186770428,3,1
83,75,1,2,0,0,3,0,0,0,0,12,1,0,0,0,0,0,2,0,0,0.14457831325301204,0.07228915662650602,3,1
53,24,21,2,0,0,5,0,0,0,0,0,0,0,1,0,0,0,0,0,0,0.0,0.1509433962264151,3,1
43,21,15,2,0,0,4,0,0,0,0,4,1,0,0,0,0,0,0,0,0,0.09302325581395349,0.16279069767441862,3,1
59,18,33,2,0,2,6,0,1,0,0,5,1,0,1,0,0,0,0,1,0,0.0847457627118644,0.2033898305084746,3,0
88,22,58,4,4,0,5,0,0,0,0,5,1,0,1,0,0,0,0,1,0,0.056818181818181816,0.2159090909090909,3,1
77,26,44,2,1,0,8,0,0,0,0,3,1,0,0,0,0,0,3,1,0,0.03896103896103896,0.15584415584415584,3,1
42,12,22,3,0,0,5,0,0,0,0,1,1,0,1,0,0,0,0,0,0,0.023809523809523808,0.21428571428571427,2,0
32,16,8,2,0,0,3,0,0,0,0,0,1,0,1,0,0,0,0,0,0,0.0,0.1875,3,0
285,32,61,3,1,5,7,1,4,0,3,63,1,0,1,0,0,1,0,0,0,0.22105263157894736,0.11228070175438597,3,1
54,13,33,2,0,2,6,0,1,0,0,5,1,0,1,0,0,0,0,0,0,0.09259259259259259,0.2222222222222222,3,0
31,13,10,2,0,0,6,0,0,0,0,1,1,0,1,0,0,0,0,0,0,0.03225806451612903,0.2903225806451613,3,0
105,10,88,2,11,0,4,0,0,0,0,6,0,0,0,0,0,0,0,0,0,0.05714285714285714,0.17142857142857143,2,0
37,12,6,2,0,0,3,1,1,0,0,3,1,0,1,0,0,0,0,0,0,0.08108108108108109,0.21621621621621623,2,0
55,14,33,2,0,2,6,0,1,0,0,5,1,0,1,0,0,0,0,1,0,0.09090909090909091,0.21818181818181817,3,0
31,22,1,2,0,0,3,0,0,0,0,2,1,0,1,0,0,0,0,0,0,0.06451612903225806,0.1935483870967742,3,1
58,37,13,4,4,0,3,0,0,0,0,11,2,0,1,0,0,1,1,0,0,0.1896551724137931,0.20689655172413793,3,1
33,15,10,2,0,0,6,0,0,0,0,1,1,0,1,0,0,0,0,0,0,0.030303030303030304,0.2727272727272727,3,0
22,14,0,2,0,0,2,0,0,0,0,0,1,0,1,0,0,0,0,0,0,0.0,0.22727272727272727,3,0
32,15,9,2,0,0,3,0,0,0,0,0,1,0,1,0,0,0,0,0,0,0.0,0.1875,3,0
68,14,3,4,0,0,6,1,0,0,0,3,1,0,0,0,0,0,2,0,0,0.04411764705882353,0.19117647058823528,2,1
48,18,22,2,0,0,5,0,0,0,0,0,0,0,1,0,0,0,0,0,0,0.0,0.16666666666666666,3,1
82,32,42,3,1,0,7,0,0,0,0,0,1,0,1,0,0,0,1,0,0,0.0,0.14634146341463414,3,1
31,11,12,2,0,0,4,0,0,0,0,0,1,0,1,0,0,0,0,0,0,0.0,0.22580645161290322,3,0
31,16,7,2,0,0,3,0,0,0,0,0,1,0,1,0,0,0,0,0,0,0.0,0.1935483870967742,3,0
38,15,15,2,1,0,3,0,0,0,0,0,1,0,1,0,0,0,1,0,0,0.0,0.18421052631578946,3,0
29,15,6,2,0,0,3,0,0,0,0,0,1,0,1,0,0,0,0,0,0,0.0,0.20689655172413793,3,0
35,18,9,2,0,0,3,0,0,0,0,0,1,0,1,0,0,0,0,0,0,0.0,0.17142857142857143,3,0
61,16,37,2,4,0,5,0,0,0,0,4,1,0,1,0,0,0,0,0,0,0.06557377049180328,0.19672131147540983,3,0
42,19,15,2,1,0,3,0,0,0,0,0,1,0,1,0,0,0,1,0,0,0.0,0.16666666666666666,3,0
46,19,20,2,0,1,4,0,0,0,0,1,0,0,0,0,0,0,0,0,0,0.021739130434782608,0.17391304347826086,3,1
27,14,5,2,0,0,3,0,0,0,0,0,1,0,1,0,0,0,0,0,0,0.0,0.2222222222222222,3,0
33,25,1,2,2,0,3,0,0,0,0,0,1,0,0,0,0,1,0,0,0,0.0,0.24242424242424243,3,1
30,22,1,3,0,0,3,0,0,0,0,0,2,0,0,0,0,0,0,1,0,0.0,0.23333333333333334,2,1
23,15,0,2,0,0,2,0,0,0,0,0,1,0,1,0,0,0,0,0,0,0.0,0.21739130434782608,2,1
21,13,0,2,0,0,2,0,0,0,0,0,1,0,1,0,0,0,0,0,0,0.0,0.23809523809523808,3,0
45,17,20,2,0,0,5,0,0,0,0,0,1,0,1,0,0,0,0,0,0,0.0,0.17777777777777778,2,0
48,18,22,2,0,1,4,0,0,0,0,0,1,0,1,0,0,0,0,0,0,0.0,0.16666666666666666,3,0
42,12,22,3,0,0,5,0,0,0,0,1,1,0,1,0,0,0,0,0,0,0.023809523809523808,0.21428571428571427,3,0
83,13,63,1,9,0,5,0,0,0,0,0,0,0,0,0,0,0,0,0,0,0.0,0.1927710843373494,3,0
75,34,33,3,0,0,7,0,0,0,0,3,2,0,1,0,0,0,0,0,0,0.04,0.14666666666666667,3,1
59,14,37,2,4,0,5,0,0,0,0,4,1,0,1,0,0,0,0,0,0,0.06779661016949153,0.2033898305084746,3,0
29,16,5,2,0,0,3,0,0,0,0,0,1,0,1,0,0,0,0,0,0,0.0,0.20689655172413793,3,0
27,14,5,2,0,0,3,0,0,0,0,0,1,0,1,0,0,0,0,0,0,0.0,0.2222222222222222,3,0
61,19,35,3,0,0,7,0,0,0,0,12,1,0,0,0,0,0,1,0,0,0.19672131147540983,0.18032786885245902,3,1
41,13,20,2,0,0,5,0,0,0,0,0,1,0,1,0,0,0,0,1,0,0.0,0.1951219512195122,3,0
282,26,62,3,5,4,9,1,5,0,3,53,1,0,1,0,0,1,0,0,0,0.1879432624113475,0.14184397163120568,3,1
145,15,123,2,2,1,5,0,0,0,0,24,0,0,0,0,0,0,0,0,0,0.16551724137931034,0.19310344827586207,2,0
43,15,20,2,0,0,5,0,0,0,0,0,1,0,1,0,0,0,0,0,0,0.0,0.18604651162790697,3,0
87,10,70,1,4,0,7,0,0,0,0,33,0,0,0,0,0,0,0,0,0,0.3793103448275862,0.14942528735632185,3,0
59,19,32,3,3,0,5,0,0,0,0,0,2,0,1,0,0,0,0,1,0,0.0,0.2033898305084746,3,0
35,9,18,1,0,0,3,0,0,0,0,1,0,0,1,0,0,0,0,0,0,0.02857142857142857,0.14285714285714285,3,1
36,28,0,2,1,0,2,0,0,0,0,0,1,0,1,0,0,1,0,0,0,0.0,0.16666666666666666,3,1
30,9,14,1,0,0,5,0,0,0,0,0,0,0,0,0,0,0,0,0,0,0.0,0.23333333333333334,2,1
61,15,38,2,0,2,4,0,0,0,0,5,1,0,1,0,0,0,0,0,0,0.08196721311475409,0.14754098360655737,3,1
34,12,14,1,1,0,4,0,0,0,0,0,0,0,1,0,0,0,0,0,0,0.0,0.20588235294117646,3,0
87,15,64,3,2,0,7,0,0,0,0,0,1,0,1,0,0,0,0,0,0,0.0,0.14942528735632185,2,1
39,16,15,2,1,0,3,0,0,0,0,0,1,0,1,0,0,0,1,0,0,0.0,0.1794871794871795,3,0
127,12,57,8,0,0,4,1,1,0,0,31,0,0,0,0,0,0,0,0,0,0.2440944881889764,0.13385826771653545,3,0
68,18,43,2,3,1,5,0,0,0,0,5,1,0,0,0,0,1,1,0,0,0.07352941176470588,0.17647058823529413,2,1
31,18,5,3,0,0,3,0,0,0,0,0,2,0,1,0,0,0,0,1,0,0.0,0.22580645161290322,3,0
37,19,10,2,0,0,6,0,0,0,0,1,1,0,1,0,0,0,0,0,0,0.02702702702702703,0.24324324324324326,3,0
67,14,45,2,1,0,7,0,0,0,0,0,1,0,1,0,0,0,0,0,0,0.0,0.16417910447761194,3,1
48,12,28,2,1,0,5,0,0,0,0,0,0,0,1,0,0,0,0,0,0,0.0,0.1875,3,1
57,16,33,2,0,0,5,0,0,0,0,0,1,0,1,0,0,0,0,1,0,0.0,0.14035087719298245,3,1
51,10,33,1,0,2,6,0,1,0,0,5,0,0,1,0,0,0,0,0,0,0.09803921568627451,0.21568627450980393,3,0
40,29,4,2,1,0,3,0,0,0,0,2,1,0,0,0,0,1,1,1,0,0.05,0.175,3,1
103,15,80,2,0,1,9,0,0,0,0,8,1,0,1,0,0,0,0,1,0,0.07766990291262135,0.1262135922330097,3,1
46,16,22,2,0,1,4,0,0,0,0,0,1,0,1,0,0,0,0,0,0,0.0,0.17391304347826086,3,0
28,11,9,2,0,0,3,0,0,0,0,0,1,0,1,0,0,0,0,0,0,0.0,0.21428571428571427,3,0
54,13,33,2,0,0,7,0,0,0,0,2,1,0,1,0,0,0,0,0,0,0.037037037037037035,0.2037037037037037,3,1
24,10,6,1,0,0,3,0,0,0,0,0,0,0,1,0,0,0,0,0,0,0.0,0.20833333333333334,3,0
93,17,68,1,0,0,6,0,0,0,0,24,0,0,1,0,0,0,0,0,0,0.25806451612903225,0.08602150537634409,3,1
34,14,12,2,0,0,4,0,0,0,0,0,1,0,1,0,0,0,0,0,0,0.0,0.20588235294117646,3,0
34,11,15,2,1,0,3,0,0,0,0,0,1,0,1,0,0,0,1,0,0,0.0,0.20588235294117646,3,0
35,28,0,1,0,0,2,0,0,0,0,0,0,0,0,0,0,0,0,0,0,0.0,0.11428571428571428,3,1
72,22,42,1,1,0,7,0,0,0,0,4,0,0,1,0,0,0,0,0,0,0.05555555555555555,0.1388888888888889,3,1
58,13,37,2,4,0,5,0,0,0,0,4,1,0,1,0,0,0,0,0,0,0.06896551724137931,0.20689655172413793,3,0
55,14,33,2,0,2,6,0,1,0,0,5,1,0,1,0,0,0,0,0,0,0.09090909090909091,0.21818181818181817,3,0
38,17,14,1,1,0,5,0,0,0,0,0,0,0,0,0,0,1,0,0,0,0.0,0.21052631578947367,2,1
24,16,0,2,0,0,2,0,0,0,0,0,1,0,1,0,0,0,0,0,0,0.0,0.20833333333333334,3,0
88,10,71,3,1,2,5,0,0,0,0,8,0,0,0,0,0,0,0,0,0,0.09090909090909091,0.13636363636363635,2,0
34,11,15,1,1,0,3,0,0,0,0,0,0,0,1,0,0,0,1,0,0,0.0,0.17647058823529413,3,0
95,9,79,2,15,0,4,0,0,0,0,8,0,0,0,0,0,0,0,0,0,0.08421052631578947,0.23157894736842105,2,0
30,15,7,2,0,0,3,0,0,0,0,0,1,0,1,0,0,0,0,0,0,0.0,0.2,3,0
28,20,1,2,0,0,3,0,0,0,0,0,1,0,0,0,0,0,0,0,0,0.0,0.21428571428571427,3,1
64,23,20,2,0,0,4,1,1,0,0,9,0,0,0,0,0,0,0,0,0,0.140625,0.140625,3,1
88,12,69,4,2,0,9,0,0,0,0,3,0,0,0,0,0,0,3,0,0,0.03409090909090909,0.18181818181818182,2,1
73,22,44,1,1,0,8,0,0,0,0,3,0,0,0,0,0,0,3,1,0,0.0410958904109589,0.1506849315068493,3,1
125,16,13,6,0,0,12,2,1,0,2,1,0,0,0,0,0,0,1,0,0,0.008,0.224,3,1
27,18,1,2,0,0,3,0,0,0,0,0,1,0,1,0,0,0,0,1,0,0.0,0.2222222222222222,3,0
26,17,1,2,0,0,3,0,0,0,0,0,1,0,1,0,0,0,0,0,0,0.0,0.23076923076923078,3,0
25,17,0,2,0,0,2,0,0,0,0,0,1,0,1,0,0,0,0,0,0,0.0,0.2,3,0
93,14,53,2,5,2,5,1,1,0,0,1,0,0,0,0,0,0,0,0,0,0.010752688172043012,0.1827956989247312,3,0
30,16,6,2,0,0,3,0,0,0,0,0,1,0,1,0,0,0,0,0,0,0.0,0.2,3,0
148,31,89,2,1,2,7,1,2,0,1,8,1,0,1,0,0,1,0,0,0,0.05405405405405406,0.14189189189189189,3,1
42,14,20,3,0,0,4,0,0,0,0,2,1,0,1,0,0,0,0,0,0,0.047619047619047616,0.19047619047619047,3,1
31,11,12,1,0,0,4,0,0,0,0,0,0,0,1,0,0,0,0,0,0,0.0,0.1935483870967742,3,0
132,23,34,1,0,0,4,1,2,0,1,27,0,0,1,0,0,0,2,1,0,0.20454545454545456,0.07575757575757576,3,1
99,14,48,2,1,0,7,1,1,1,0,4,0,0,1,0,0,0,0,0,0,0.04040404040404041,0.1414141414141414,3,1
37,14,15,2,1,0,3,0,0,0,0,0,1,0,1,0,0,0,1,1,0,0.0,0.1891891891891892,3,0
201,14,14,3,0,1,4,1,3,0,2,72,1,0,0,0,0,0,1,0,0,0.3582089552238806,0.0845771144278607,2,1
88,12,69,1,1,1,10,0,0,0,0,5,0,0,0,0,0,0,2,0,0,0.056818181818181816,0.1590909090909091,2,1
23,9,6,2,0,0,3,0,0,0,0,0,1,0,1,0,0,0,0,0,0,0.0,0.2608695652173913,3,0
35,26,1,4,0,0,3,0,0,0,0,0,3,0,1,0,0,0,0,0,0,0.0,0.22857142857142856,2,1
100,15,39,1,0,2,5,1,2,0,1,0,0,0,0,0,0,0,0,0,0,0.0,0.14,3,0
67,35,25,2,1,0,5,0,0,0,0,8,1,0,0,0,0,0,0,0,0,0.11940298507462686,0.13432835820895522,4,1
47,16,23,3,0,0,4,0,0,0,0,0,0,0,1,0,0,0,1,0,0,0.0,0.1702127659574468,3,1
73,22,44,1,1,0,8,0,0,0,0,3,0,0,0,0,0,0,3,1,0,0.0410958904109589,0.1506849315068493,3,1
38,18,12,2,0,0,4,0,0,0,0,0,1,0,1,0,0,0,0,1,0,0.0,0.18421052631578946,3,0
25,17,1,1,0,0,3,0,0,0,0,0,0,0,0,0,0,0,0,0,0,0.0,0.2,3,1
256,15,61,2,2,1,8,2,3,0,2,41,1,0,1,0,0,0,1,0,0,0.16015625,0.11328125,3,1
47,19,20,2,0,0,5,0,0,0,0,0,1,0,1,0,0,0,0,0,0,0.0,0.1702127659574468,3,0
26,13,5,2,0,0,3,0,0,0,0,0,1,0,1,0,0,0,0,0,0,0.0,0.23076923076923078,3,0
33,10,15,2,0,0,4,0,0,0,0,4,1,0,1,0,0,0,0,0,0,0.12121212121212122,0.21212121212121213,3,0
57,16,33,2,0,2,6,0,1,0,0,5,1,0,1,0,0,0,0,1,0,0.08771929824561403,0.21052631578947367,3,0
29,16,5,2,0,0,3,0,0,0,0,0,1,0,1,0,0,0,0,0,0,0.0,0.20689655172413793,3,0
177,6,164,1,17,0,8,0,0,0,0,8,0,0,0,0,0,0,0,0,0,0.04519774011299435,0.15254237288135594,2,0
29,13,8,1,0,0,3,0,0,0,0,0,0,0,1,0,0,0,0,0,0,0.0,0.1724137931034483,3,0
100,24,68,3,1,0,7,0,0,0,0,5,1,0,1,0,0,0,0,1,0,0.05,0.12,3,1
257,17,67,2,2,2,8,1,3,0,2,82,0,0,0,0,0,0,2,0,0,0.31906614785992216,0.08949416342412451,3,1
22,14,1,2,0,0,3,0,0,0,0,0,1,0,0,0,0,0,0,0,0,0.0,0.2727272727272727,3,1
30,15,7,2,0,0,3,0,0,0,0,0,1,0,1,0,0,0,0,0,0,0.0,0.2,3,0
36,13,15,2,1,0,3,0,0,0,0,0,1,0,1,0,0,0,1,0,0,0.0,0.19444444444444445,3,0
93,15,70,4,2,0,9,0,0,0,0,6,1,0,1,0,0,0,1,0,0,0.06451612903225806,0.17204301075268819,2,1
123,15,26,3,1,4,4,1,5,0,4,28,1,0,0,0,0,0,0,0,0,0.22764227642276422,0.18699186991869918,2,0
100,10,35,1,3,3,7,1,1,0,0,17,0,0,0,0,0,0,0,0,0,0.17,0.21,2,0
27,12,7,1,0,0,3,0,0,0,0,0,0,0,1,0,0,0,0,1,0,0.0,0.18518518518518517,3,0
106,17,82,2,1,1,11,0,0,0,0,0,0,0,0,0,0,0,1,0,0,0.0,0.1509433962264151,3,1
70,19,28,2,1,1,5,1,1,0,0,0,0,0,1,0,0,0,1,0,0,0.0,0.17142857142857143,3,1
33,16,9,2,0,0,3,0,0,0,0,0,1,0,1,0,0,0,0,0,0,0.0,0.18181818181818182,3,0
32,7,17,1,1,0,4,0,0,0,0,0,0,0,1,0,0,0,0,0,0,0.0,0.21875,2,1
32,15,3,2,0,0,4,1,1,0,0,1,1,0,0,0,0,0,0,0,0,0.03125,0.28125,2,1
51,13,31,1,0,0,8,0,0,0,0,3,0,0,0,0,0,0,0,0,0,0.058823529411764705,0.19607843137254902,3,1
42,17,6,2,0,0,3,1,1,0,0,3,1,0,1,0,0,0,0,0,0,0.07142857142857142,0.19047619047619047,3,0
23,14,1,2,0,0,3,0,0,0,0,0,1,0,1,0,0,0,0,0,0,0.0,0.2608695652173913,3,0
36,14,14,2,1,0,4,0,0,0,0,0,1,0,1,0,0,0,0,0,0,0.0,0.2222222222222222,2,0
29,12,10,1,0,0,4,0,0,0,0,0,0,0,0,0,0,0,0,0,0,0.0,0.20689655172413793,3,1
34,11,15,2,0,0,4,0,0,0,0,4,1,0,1,0,0,0,0,0,0,0.11764705882352941,0.20588235294117646,3,0
20,7,6,1,0,0,3,0,0,0,0,3,0,0,0,0,0,0,0,0,0,0.15,0.25,2,1
28,14,6,2,0,0,3,0,0,0,0,0,1,0,1,0,0,0,1,1,0,0.0,0.21428571428571427,3,0
70,22,40,5,0,0,4,0,0,0,0,0,1,0,1,0,0,0,0,1,0,0.0,0.14285714285714285,3,1
39,19,12,2,0,0,4,0,0,0,0,0,1,0,1,0,0,0,0,0,0,0.0,0.1794871794871795,3,0
41,18,15,2,0,0,4,0,0,0,0,4,1,0,1,0,0,0,0,0,0,0.0975609756097561,0.17073170731707318,3,0
31,18,5,2,0,0,3,0,0,0,0,0,1,0,1,0,0,0,0,0,0,0.0,0.1935483870967742,3,0
187,29,44,2,2,1,8,1,3,0,2,59,0,0,0,0,0,1,4,1,0,0.3155080213903743,0.11764705882352941,3,1
57,23,24,3,0,0,4,0,0,0,1,5,1,0,1,0,0,0,0,0,0,0.08771929824561403,0.17543859649122806,2,1
67,26,34,2,1,0,7,0,1,0,0,2,0,0,0,0,0,1,0,1,0,0.029850746268656716,0.1791044776119403,3,1
97,18,72,3,3,0,11,0,0,0,0,0,1,0,0,0,0,0,0,0,0,0.0,0.18556701030927836,3,1
58,17,33,2,0,2,6,0,1,0,0,5,1,0,1,0,0,0,0,0,0,0.08620689655172414,0.20689655172413793,3,0
26,12,6,2,0,0,3,0,0,0,0,0,1,0,1,0,0,0,1,0,0,0.0,0.23076923076923078,3,0
29,21,0,2,0,0,2,0,0,0,0,0,1,0,1,0,0,0,0,1,0,0.0,0.1724137931034483,3,0
92,10,37,3,0,0,7,1,1,0,0,18,1,0,0,0,0,0,0,0,0,0.1956521739130435,0.14130434782608695,2,1
32,19,5,2,0,0,3,0,0,0,0,0,1,0,1,0,0,0,0,0,0,0.0,0.1875,3,0
24,10,6,1,0,0,3,0,0,0,0,0,0,0,1,0,0,0,0,0,0,0.0,0.20833333333333334,3,1
141,12,57,12,0,0,4,1,1,0,0,34,0,0,0,0,0,0,0,0,0,0.24113475177304963,0.14893617021276595,3,0
59,19,32,2,3,0,5,0,0,0,0,0,1,0,1,0,0,0,0,0,0,0.0,0.1864406779661017,3,0
47,19,21,2,0,0,6,0,0,0,0,10,1,0,0,0,0,0,1,0,0,0.2127659574468085,0.19148936170212766,3,1
77,17,53,2,2,1,6,0,0,0,0,5,0,0,0,0,0,1,1,0,0,0.06493506493506493,0.15584415584415584,3,1
126,19,56,3,2,2,8,2,2,0,1,7,1,0,1,0,0,0,1,1,0,0.05555555555555555,0.1746031746031746,3,1
102,15,80,1,5,2,6,0,0,0,0,8,0,0,0,0,0,0,0,0,0,0.0784313725490196,0.14705882352941177,3,0
46,18,20,2,0,0,5,0,0,0,0,0,1,0,1,0,0,0,0,0,0,0.0,0.17391304347826086,3,0
48,40,1,1,3,0,3,0,0,0,0,0,0,0,0,0,0,1,0,0,0,0.0,0.16666666666666666,3,1
66,21,38,2,0,0,7,0,0,0,0,6,0,0,0,0,0,0,0,0,0,0.09090909090909091,0.15151515151515152,3,1
326,27,60,3,5,4,7,1,5,0,4,83,1,0,1,0,0,1,0,0,0,0.254601226993865,0.12269938650306748,3,1
31,14,9,2,0,0,3,0,0,0,0,0,1,0,1,0,0,0,0,0,0,0.0,0.1935483870967742,3,0
55,15,32,2,3,0,5,0,0,0,0,0,1,0,1,0,0,0,0,1,0,0.0,0.2,3,0
46,14,25,2,0,0,5,0,0,0,0,0,0,0,0,0,0,0,1,0,0,0.0,0.17391304347826086,3,1
130,13,70,3,0,0,9,1,1,1,0,0,0,0,0,0,0,0,1,0,0,0.0,0.12307692307692308,3,1
26,4,14,1,0,0,5,0,0,0,0,2,0,0,1,0,0,0,0,0,0,0.07692307692307693,0.2692307692307692,2,1
108,9,15,2,1,4,4,1,4,0,3,3,1,0,0,0,0,0,0,1,0,0.027777777777777776,0.2037037037037037,2,0
120,15,39,1,1,2,5,1,2,0,1,2,0,0,0,0,0,0,0,0,0,0.016666666666666666,0.14166666666666666,3,0
35,20,7,1,0,0,4,0,0,0,0,0,0,0,1,0,0,0,0,0,0,0.0,0.17142857142857143,3,1
295,43,60,3,1,4,7,1,4,0,3,63,1,0,1,0,0,1,0,0,0,0.2135593220338983,0.10508474576271186,3,1
123,7,66,2,1,0,12,1,1,0,1,1,0,0,0,0,0,0,0,0,0,0.008130081300813009,0.16260162601626016,2,1
53,17,29,2,1,0,4,0,0,0,0,10,1,0,0,0,0,0,0,0,0,0.18867924528301888,0.16981132075471697,2,1
23,10,5,1,0,0,3,0,0,0,0,0,0,0,1,0,0,0,0,0,0,0.0,0.21739130434782608,3,0
57,16,34,2,0,2,5,0,0,0,0,1,0,0,0,0,0,0,0,0,0,0.017543859649122806,0.17543859649122806,2,1
27,13,6,2,0,0,3,0,0,0,0,0,1,0,1,0,0,0,0,1,0,0.0,0.2222222222222222,3,0
103,34,54,3,3,0,6,1,1,0,0,25,1,0,0,0,0,1,2,1,0,0.24271844660194175,0.14563106796116504,3,1
62,20,35,3,0,0,6,0,0,0,0,5,1,0,0,0,0,0,0,0,0,0.08064516129032258,0.1774193548387097,7,1
65,32,25,3,2,0,5,0,0,0,0,0,1,0,1,0,0,1,0,1,0,0.0,0.16923076923076924,3,1
141,38,86,2,1,4,7,1,1,0,0,10,1,0,1,0,0,1,0,0,0,0.07092198581560284,0.1347517730496454,3,1
44,19,6,3,0,0,3,1,1,0,0,3,2,0,1,0,0,0,0,1,0,0.06818181818181818,0.20454545454545456,3,0
43,20,15,2,1,0,3,0,0,0,0,0,1,0,1,0,0,0,1,0,0,0.0,0.16279069767441862,3,0
140,15,27,1,1,2,4,1,2,0,1,6,0,0,0,0,0,0,0,0,0,0.04285714285714286,0.16428571428571428,3,0
24,16,0,2,0,0,2,0,0,0,0,0,1,0,1,0,0,0,0,0,0,0.0,0.20833333333333334,3,0
56,16,33,1,0,0,8,0,0,0,0,0,0,0,0,0,0,0,1,0,0,0.0,0.17857142857142858,3,1
78,70,1,4,3,0,3,0,0,0,0,7,3,0,0,0,0,1,1,1,0,0.08974358974358974,0.14102564102564102,5,1
96,6,83,1,12,0,5,0,0,0,0,6,0,0,0,0,0,0,0,0,0,0.0625,0.19791666666666666,3,0
125,9,109,1,0,0,4,0,0,0,0,40,0,0,0,0,0,0,0,0,0,0.32,0.296,2,0
29,16,5,2,0,0,3,0,0,0,0,0,1,0,1,0,0,0,0,1,0,0.0,0.20689655172413793,3,0
70,18,44,3,1,0,7,0,0,0,0,4,1,0,1,0,0,0,0,0,0,0.05714285714285714,0.17142857142857143,3,1
26,13,5,1,0,0,3,0,0,0,0,0,0,0,1,0,0,0,0,0,0,0.0,0.19230769230769232,3,0
52,22,10,3,0,0,3,1,0,0,0,0,1,0,1,0,0,0,0,0,0,0.0,0.17307692307692307,3,1
33,13,12,2,0,0,4,0,0,0,0,0,1,0,1,0,0,0,0,0,0,0.0,0.21212121212121213,3,0
28,14,7,1,0,0,3,0,0,0,0,1,0,0,0,0,0,0,0,0,0,0.03571428571428571,0.17857142857142858,3,1
55,14,33,2,0,2,6,0,1,0,0,5,1,0,1,0,0,0,0,1,0,0.09090909090909091,0.21818181818181817,3,0
96,16,73,3,0,0,7,0,0,0,0,21,0,0,0,0,0,0,0,0,0,0.21875,0.11458333333333333,3,1
94,6,81,2,1,0,6,0,0,0,0,18,0,0,0,0,0,0,0,0,0,0.19148936170212766,0.3191489361702128,2,0
51,11,32,2,3,0,5,0,0,0,0,0,1,0,1,0,0,0,0,0,0,0.0,0.21568627450980393,3,0
25,11,6,1,0,0,3,0,0,0,0,0,0,0,1,0,0,0,0,0,0,0.0,0.2,3,0
226,24,28,5,0,1,4,1,3,0,2,92,2,0,1,0,0,0,1,1,0,0.40707964601769914,0.084070796460177,2,1
24,5,12,1,0,0,3,0,0,0,0,4,0,0,0,0,0,0,0,0,0,0.16666666666666666,0.20833333333333334,2,1
93,10,52,1,5,0,4,1,1,1,0,7,0,0,1,0,0,0,0,0,0,0.07526881720430108,0.15053763440860216,3,0
35,21,7,1,0,0,3,0,0,0,0,1,0,0,0,0,0,0,0,1,0,0.02857142857142857,0.14285714285714285,3,1
27,19,1,2,0,0,3,0,0,0,0,5,1,0,0,0,0,0,0,0,0,0.18518518518518517,0.2222222222222222,4,1
30,15,7,1,0,0,4,0,0,0,0,0,0,0,1,0,0,0,0,0,0,0.0,0.2,3,1
57,15,34,3,1,0,5,0,0,0,0,4,0,0,1,0,0,0,0,0,0,0.07017543859649122,0.17543859649122806,2,1
45,36,1,2,3,0,3,0,0,0,0,0,1,0,1,0,0,1,1,1,0,0.0,0.2,3,1
60,15,37,2,4,0,5,0,0,0,0,4,1,0,1,0,0,0,0,0,0,0.06666666666666667,0.2,3,0
28,15,5,2,0,0,3,0,0,0,0,0,1,0,1,0,0,0,0,0,0,0.0,0.21428571428571427,3,0
56,16,32,2,3,0,5,0,0,0,0,0,1,0,1,0,0,0,0,0,0,0.0,0.19642857142857142,3,0
63,48,8,3,3,0,4,0,0,0,0,0,2,0,0,0,0,1,0,0,0,0.0,0.1746031746031746,2,1
40,17,16,2,0,0,5,0,0,0,0,1,1,0,0,0,0,0,1,0,0,0.025,0.2,2,1
29,13,9,2,1,0,3,0,0,0,0,0,0,0,0,0,0,1,0,0,0,0.0,0.2413793103448276,3,1
24,16,0,2,0,0,2,0,0,0,0,0,1,0,1,0,0,0,0,0,0,0.0,0.20833333333333334,3,0
54,14,32,2,3,0,5,0,0,0,0,0,1,0,1,0,0,0,0,0,0,0.0,0.2037037037037037,3,0
27,19,0,3,0,0,2,0,0,0,0,0,2,0,1,0,0,0,0,1,0,0.0,0.2222222222222222,3,0
36,16,12,2,0,0,4,0,0,0,0,0,1,0,1,0,0,0,0,0,0,0.0,0.19444444444444445,3,0
83,20,55,2,3,0,7,0,0,0,0,0,0,0,1,0,0,0,1,0,0,0.0,0.1566265060240964,3,1
77,30,25,2,1,0,5,1,1,0,0,12,1,0,1,0,0,1,0,0,0,0.15584415584415584,0.14285714285714285,3,1
89,7,75,1,8,0,5,0,0,0,0,6,0,0,0,0,0,0,0,0,0,0.06741573033707865,0.16853932584269662,3,0
41,18,15,2,1,0,3,0,0,0,0,0,1,0,1,0,0,0,1,0,0,0.0,0.17073170731707318,3,0
24,15,1,2,0,0,3,0,0,0,0,0,1,0,1,0,0,0,0,0,0,0.0,0.25,3,0
34,18,8,2,0,0,3,0,0,0,0,0,1,0,1,0,0,0,0,0,0,0.0,0.17647058823529413,3,0
51,17,27,1,0,0,7,0,0,0,0,1,0,0,0,0,0,0,0,0,0,0.0196078431372549,0.17647058823529413,3,1
34,10,17,3,0,0,3,0,0,0,0,0,0,0,0,0,0,0,0,0,0,0.0,0.20588235294117646,3,1
35,15,12,2,0,0,5,0,0,0,0,3,1,0,1,0,0,0,0,0,0,0.08571428571428572,0.22857142857142856,2,1
73,22,44,1,1,0,8,0,0,0,0,3,0,0,0,0,0,0,3,1,0,0.0410958904109589,0.1506849315068493,3,1
43,13,22,2,0,1,4,0,0,0,0,0,1,0,1,0,0,0,1,0,0,0.0,0.18604651162790697,3,0
45,14,23,1,0,0,6,0,0,0,0,1,0,0,1,0,0,0,0,0,0,0.022222222222222223,0.17777777777777778,2,1
58,14,37,3,3,0,6,0,0,0,0,0,2,0,0,0,0,0,0,0,0,0.0,0.22413793103448276,2,1
49,19,22,3,0,0,5,0,0,0,0,1,1,0,1,0,0,0,0,0,0,0.02040816326530612,0.1836734693877551,3,0
53,19,20,2,1,0,6,1,0,0,0,0,1,0,1,0,0,0,1,0,0,0.0,0.20754716981132076,3,1
29,15,6,2,0,0,3,0,0,0,0,0,1,0,1,0,0,0,0,0,0,0.0,0.20689655172413793,3,0
59,19,32,2,3,0,5,0,0,0,0,0,1,0,1,0,0,0,0,0,0,0.0,0.1864406779661017,3,0
33,13,12,2,0,0,4,0,0,0,0,0,1,0,1,0,0,0,1,1,0,0.0,0.21212121212121213,3,0
20,12,0,2,0,0,2,0,0,0,0,0,1,0,1,0,0,0,0,0,0,0.0,0.25,3,0
63,54,1,2,0,0,3,0,0,0,0,0,1,0,1,0,0,0,1,0,0,0.0,0.09523809523809523,3,1
32,15,9,1,0,0,5,0,0,0,0,1,0,0,1,0,0,0,0,0,0,0.03125,0.21875,3,1
54,14,32,2,3,0,5,0,0,0,0,0,1,0,1,0,0,0,0,0,0,0.0,0.2037037037037037,3,0
35,14,12,2,0,1,3,1,0,0,0,0,0,0,1,0,0,0,0,0,0,0.0,0.22857142857142856,3,1
132,16,24,3,0,0,4,1,1,0,0,13,1,0,1,0,0,0,0,0,0,0.09848484848484848,0.07575757575757576,3,1
243,25,105,18,2,1,22,1,0,0,0,61,2,0,1,0,0,0,0,0,0,0.25102880658436216,0.21810699588477367,2,1
25,11,6,2,0,0,3,0,0,0,0,0,1,0,1,0,0,0,1,0,0,0.0,0.24,3,0
21,6,8,1,1,0,3,0,0,0,0,0,0,0,0,0,0,0,0,0,1,0.0,0.2857142857142857,2,1
39,14,6,2,0,0,3,1,1,0,0,3,1,0,1,0,0,0,0,0,0,0.07692307692307693,0.20512820512820512,3,0
89,7,75,1,9,0,5,0,0,0,0,6,0,0,0,0,0,0,0,0,0,0.06741573033707865,0.1797752808988764,3,0
34,17,9,2,0,0,3,0,0,0,0,0,1,0,1,0,0,0,0,0,0,0.0,0.17647058823529413,3,0
199,10,75,3,5,0,10,1,0,0,1,20,1,0,0,0,0,0,2,0,0,0.10050251256281408,0.11557788944723618,2,1
72,38,27,3,2,0,3,0,0,0,0,0,1,0,0,0,0,0,0,1,0,0.0,0.125,3,1
80,26,46,3,1,0,4,0,1,0,0,21,2,0,1,0,0,1,2,0,0,0.2625,0.175,2,1
38,11,20,2,0,0,5,0,0,0,0,1,0,0,0,0,0,0,0,0,0,0.02631578947368421,0.21052631578947367,3,1
87,15,65,1,0,0,12,0,0,0,0,20,0,0,0,0,0,0,0,0,0,0.22988505747126436,0.16091954022988506,3,0
91,28,55,5,0,0,8,0,0,0,0,4,2,0,1,0,0,0,2,1,0,0.04395604395604396,0.17582417582417584,2,1
77,15,26,1,0,3,6,1,2,0,0,8,0,0,1,0,0,0,0,0,0,0.1038961038961039,0.18181818181818182,3,1
45,15,22,3,0,0,5,0,0,0,0,1,1,0,1,0,0,0,0,0,0,0.022222222222222223,0.2,3,0
55,14,33,2,0,2,6,0,1,0,0,5,1,0,1,0,0,0,0,0,0,0.09090909090909091,0.21818181818181817,3,0
31,9,15,1,0,0,5,0,0,0,0,1,0,0,0,0,0,0,0,0,0,0.03225806451612903,0.22580645161290322,2,1
33,18,7,2,0,0,3,0,0,0,0,0,1,0,1,0,0,0,0,0,0,0.0,0.18181818181818182,3,0
30,12,10,2,0,0,6,0,0,0,0,1,1,0,1,0,0,0,0,0,0,0.03333333333333333,0.3,3,0
25,11,6,2,0,0,3,0,0,0,0,0,1,0,1,0,0,0,0,0,0,0.0,0.24,3,0
31,14,10,3,0,0,3,0,0,0,0,0,1,0,0,0,0,0,1,0,0,0.0,0.22580645161290322,3,1
106,25,43,4,0,0,4,1,1,0,0,31,2,0,0,0,0,0,0,0,0,0.29245283018867924,0.10377358490566038,2,1
54,13,33,2,0,2,6,0,1,0,0,5,1,0,1,0,0,0,0,1,0,0.09259259259259259,0.2222222222222222,3,0
189,24,10,3,0,0,3,1,3,0,2,80,1,0,0,0,0,0,2,0,0,0.42328042328042326,0.06878306878306878,3,1
33,14,11,2,0,0,3,0,0,0,0,2,1,0,1,0,0,0,0,0,0,0.06060606060606061,0.18181818181818182,4,1
150,34,99,2,2,3,7,1,1,0,0,5,1,0,1,0,0,1,0,1,0,0.03333333333333333,0.12666666666666668,3,1
17,8,1,1,0,0,3,0,0,0,0,0,0,0,1,0,0,0,0,0,0,0.0,0.29411764705882354,3,0
59,51,1,5,1,0,3,0,0,0,0,0,4,0,0,0,0,1,3,1,0,0.0,0.1694915254237288,3,1
63,25,24,4,1,0,5,1,1,0,0,2,2,0,1,0,0,1,1,0,0,0.031746031746031744,0.20634920634920634,3,1
46,16,22,2,0,1,4,0,0,0,0,0,1,0,1,0,0,0,0,0,0,0.0,0.17391304347826086,3,0
58,29,22,1,2,0,5,0,0,0,0,0,0,0,0,0,0,1,0,0,0,0.0,0.15517241379310345,2,1
40,32,0,2,1,0,2,0,0,0,0,3,1,0,1,0,0,1,0,0,0,0.075,0.15,3,1
33,24,1,3,1,0,3,0,0,0,0,0,2,0,1,0,0,1,0,0,0,0.0,0.24242424242424243,2,1
20,6,6,1,0,0,3,0,0,0,0,1,0,0,1,0,0,0,0,0,0,0.05,0.25,2,1
40,17,15,2,1,0,3,0,0,0,0,0,1,0,1,0,0,0,1,0,0,0.0,0.175,3,0
92,27,57,2,2,1,6,0,0,0,0,4,1,0,1,0,0,1,0,0,0,0.043478260869565216,0.15217391304347827,3,1
59,14,37,2,4,0,5,0,0,0,0,4,1,0,1,0,0,0,0,0,0,0.06779661016949153,0.2033898305084746,3,0
84,13,64,1,1,0,5,0,0,0,0,15,0,0,0,0,0,1,0,0,0,0.17857142857142858,0.27380952380952384,3,0
24,8,8,1,0,0,3,0,0,0,0,0,0,0,1,0,0,0,0,0,0,0.0,0.20833333333333334,3,0
41,13,20,2,0,0,5,0,0,0,0,0,1,0,1,0,0,0,0,0,0,0.0,0.1951219512195122,3,0
132,10,86,7,1,0,10,1,1,1,0,0,0,0,0,0,0,0,1,0,0,0.0,0.16666666666666666,4,1
43,18,17,1,1,0,3,0,0,0,0,5,0,0,1,0,0,1,0,0,0,0.11627906976744186,0.13953488372093023,2,1
26,13,5,2,0,0,3,0,0,0,0,0,1,0,1,0,0,0,0,0,0,0.0,0.23076923076923078,3,0
30,13,9,2,0,0,3,0,0,0,0,0,1,0,1,0,0,0,0,0,0,0.0,0.2,3,0
40,17,15,2,1,0,3,0,0,0,0,0,1,0,1,0,0,0,1,1,0,0.0,0.175,3,0
33,15,10,2,0,0,6,0,0,0,0,1,1,0,1,0,0,0,0,0,0,0.030303030303030304,0.2727272727272727,3,0
41,16,6,2,0,0,3,1,1,0,0,3,1,0,1,0,0,0,0,0,0,0.07317073170731707,0.1951219512195122,3,0
29,13,8,2,0,0,3,0,0,0,0,0,1,0,1,0,0,0,0,0,0,0.0,0.20689655172413793,3,0
28,13,7,2,0,0,3,0,0,0,0,0,1,0,1,0,0,0,0,0,0,0.0,0.21428571428571427,3,0
61,13,40,2,1,0,7,0,0,0,0,0,0,0,1,0,0,0,0,0,0,0.0,0.18032786885245902,3,1
110,10,15,2,0,0,4,1,9,0,8,3,0,0,0,0,0,0,0,0,0,0.02727272727272727,0.22727272727272727,3,0
32,12,12,2,0,0,4,0,0,0,0,0,1,0,1,0,0,0,0,0,0,0.0,0.21875,2,0
35,15,12,2,0,0,4,0,0,0,0,0,1,0,1,0,0,0,0,0,0,0.0,0.2,3,0
81,24,49,3,0,0,8,0,0,0,0,0,1,0,1,0,0,0,2,1,0,0.0,0.14814814814814814,3,1
26,8,10,1,0,0,6,0,0,0,0,1,0,0,1,0,0,0,0,0,0,0.038461538461538464,0.3076923076923077,3,0
289,32,63,3,1,5,7,1,4,0,3,59,1,0,1,0,0,1,0,0,0,0.2041522491349481,0.11418685121107267,3,1
35,12,15,1,0,0,4,0,0,0,0,4,0,0,1,0,0,0,0,0,0,0.11428571428571428,0.17142857142857143,3,0
28,14,6,2,0,0,3,0,0,0,0,0,1,0,1,0,0,0,1,0,0,0.0,0.21428571428571427,3,0
45,15,22,2,0,1,4,0,0,0,0,0,1,0,1,0,0,0,0,0,0,0.0,0.17777777777777778,3,0
86,6,66,1,1,0,6,1,1,0,0,17,0,0,0,0,0,0,0,0,0,0.19767441860465115,0.3372093023255814,2,0
38,15,15,2,1,0,3,0,0,0,0,0,1,0,1,0,0,0,1,1,0,0.0,0.18421052631578946,3,0
48,18,23,3,0,0,5,0,0,0,0,0,1,0,0,0,0,0,1,0,0,0.0,0.1875,2,1
45,17,20,1,0,0,6,1,0,0,0,0,0,0,0,0,0,0,0,0,0,0.0,0.2,3,1
34,17,9,2,0,0,3,0,0,0,0,0,1,0,1,0,0,0,0,0,0,0.0,0.17647058823529413,3,0
23,8,7,1,0,0,3,0,0,0,0,0,0,0,1,0,0,0,0,0,0,0.0,0.21739130434782608,3,0
32,12,12,2,0,0,4,0,0,0,0,0,1,0,1,0,0,0,0,1,0,0.0,0.21875,3,0
112,19,66,3,2,1,10,1,1,0,1,1,1,0,0,0,0,0,3,1,0,0.008928571428571428,0.1875,2,1
38,30,1,2,1,0,3,0,0,0,0,0,1,0,0,0,0,1,3,1,0,0.0,0.18421052631578946,3,1
59,19,32,2,3,0,5,0,0,0,0,0,1,0,1,0,0,0,0,0,0,0.0,0.1864406779661017,3,0
171,17,35,1,2,0,9,1,3,0,2,52,0,0,0,0,0,0,1,0,0,0.30409356725146197,0.12280701754385964,3,1
40,32,0,2,0,0,2,0,0,0,0,6,1,0,1,0,0,0,0,0,0,0.15,0.125,3,1
32,10,15,1,1,0,4,0,0,0,0,0,0,0,0,0,0,1,0,0,0,0.0,0.21875,2,1
36,21,7,1,0,0,3,0,0,0,0,1,0,0,1,0,0,0,0,1,0,0.027777777777777776,0.1388888888888889,3,1
56,32,16,5,0,0,5,0,0,0,0,10,4,0,1,0,0,0,0,0,0,0.17857142857142858,0.19642857142857142,2,1
279,16,33,3,8,3,5,1,2,0,1,65,1,0,1,0,0,0,0,0,0,0.23297491039426524,0.1003584229390681,3,1
37,25,4,2,0,0,3,0,0,0,0,8,1,0,1,0,0,0,0,0,0,0.21621621621621623,0.16216216216216217,2,1
45,15,22,2,0,1,4,0,0,0,0,0,1,0,1,0,0,0,0,0,0,0.0,0.17777777777777778,3,0
36,11,18,2,0,0,6,0,0,0,0,3,1,0,0,0,0,0,0,0,0,0.08333333333333333,0.25,2,1
58,22,28,3,0,0,4,0,0,0,0,4,1,0,1,0,0,0,0,0,0,0.06896551724137931,0.13793103448275862,2,1
107,32,58,2,2,1,6,1,1,0,0,10,1,0,1,0,0,1,0,0,0,0.09345794392523364,0.14953271028037382,3,1
52,11,33,2,0,2,6,0,1,0,0,5,1,0,1,0,0,0,0,0,0,0.09615384615384616,0.23076923076923078,3,0
34,14,12,1,2,0,4,0,0,0,0,1,0,0,1,0,0,0,0,0,0,0.029411764705882353,0.23529411764705882,2,1
28,14,6,2,0,0,3,0,0,0,0,0,1,0,1,0,0,0,0,0,0,0.0,0.21428571428571427,3,0
102,19,76,3,0,0,13,0,0,0,0,0,1,0,0,0,0,0,0,0,0,0.0,0.16666666666666666,3,1
303,33,70,3,1,5,7,1,4,0,3,63,1,0,1,0,0,1,0,0,0,0.2079207920792079,0.1188118811881188,3,1
124,29,87,8,1,0,7,0,0,0,0,16,1,0,1,0,0,1,0,0,0,0.12903225806451613,0.13709677419354838,2,1
47,20,19,2,1,0,6,0,0,0,0,0,1,0,1,0,0,1,0,0,0,0.0,0.2127659574468085,2,1
95,15,73,3,7,0,5,0,0,0,0,7,1,0,0,0,0,0,0,0,0,0.07368421052631578,0.16842105263157894,2,0
65,19,39,1,0,0,5,0,0,0,0,31,0,0,0,0,0,0,0,0,0,0.47692307692307695,0.1076923076923077,3,1
29,12,9,2,0,0,3,0,0,0,0,0,1,0,1,0,0,0,0,0,0,0.0,0.20689655172413793,3,0
44,14,22,3,0,0,5,0,0,0,0,1,1,0,1,0,0,0,0,0,0,0.022727272727272728,0.20454545454545456,3,0
70,21,41,7,0,0,4,0,0,0,0,0,1,0,1,0,0,0,0,0,0,0.0,0.17142857142857143,3,1
35,10,6,1,0,0,3,1,1,0,0,3,0,0,1,0,0,0,0,0,0,0.08571428571428572,0.2,3,0
70,16,42,1,1,0,8,1,0,0,0,0,0,0,1,0,0,0,0,0,0,0.0,0.17142857142857143,3,1
24,16,0,2,0,0,2,0,0,0,0,0,1,0,1,0,0,0,0,0,0,0.0,0.20833333333333334,3,0
100,15,78,1,4,2,6,0,0,0,0,8,0,0,0,0,0,0,0,0,0,0.08,0.14,3,0
87,10,70,1,7,0,6,0,0,0,0,6,0,0,0,0,0,0,0,0,0,0.06896551724137931,0.1724137931034483,3,0
325,25,65,3,9,5,12,1,6,0,4,71,1,0,1,0,0,1,0,0,0,0.21846153846153846,0.15384615384615385,3,1
53,13,32,2,3,0,5,0,0,0,0,0,1,0,1,0,0,0,0,0,0,0.0,0.20754716981132076,3,0
51,21,22,3,0,0,5,0,0,0,0,1,1,0,1,0,0,0,0,0,0,0.0196078431372549,0.17647058823529413,3,0
25,11,6,2,0,0,3,0,0,0,0,0,1,0,1,0,0,0,0,0,0,0.0,0.24,3,0
30,15,8,2,0,0,3,0,0,0,0,1,0,0,0,0,0,0,1,0,0,0.03333333333333333,0.2,4,1
44,36,0,2,3,0,2,0,0,0,0,0,1,0,1,0,0,1,0,1,0,0.0,0.18181818181818182,3,1
86,19,29,2,1,0,7,1,2,1,1,1,0,0,1,0,0,0,0,0,0,0.011627906976744186,0.19767441860465115,2,1
32,14,10,2,0,0,6,0,0,0,0,1,1,0,1,0,0,0,0,0,0,0.03125,0.28125,3,0
24,10,6,1,0,0,3,0,0,0,0,0,0,0,1,0,0,0,0,0,0,0.0,0.20833333333333334,3,0
229,17,39,2,1,1,7,1,3,0,2,65,0,0,0,0,0,0,2,0,0,0.2838427947598253,0.08733624454148471,3,1
158,14,4,4,0,0,3,1,4,0,3,13,1,0,0,0,0,0,0,1,0,0.08227848101265822,0.1518987341772152,3,1
54,14,32,2,3,0,5,0,0,0,0,0,1,0,1,0,0,0,0,1,0,0.0,0.2037037037037037,3,0
30,21,1,3,1,0,3,0,0,0,0,0,2,0,1,0,0,1,0,1,0,0.0,0.26666666666666666,2,1
82,19,20,3,0,0,4,1,1,1,0,1,0,0,0,0,0,0,0,0,0,0.012195121951219513,0.13414634146341464,3,1
233,13,213,1,5,0,8,0,0,0,0,76,0,0,0,0,0,0,0,0,0,0.3261802575107296,0.33047210300429186,3,0
24,15,1,2,0,0,3,0,0,0,0,0,1,0,1,0,0,0,0,0,0,0.0,0.25,3,0
53,30,15,2,2,0,3,0,0,0,0,2,1,0,1,0,0,1,0,0,0,0.03773584905660377,0.1509433962264151,3,1
56,16,32,2,3,0,5,0,0,0,0,0,1,0,1,0,0,0,0,0,0,0.0,0.19642857142857142,3,0
123,29,86,8,1,0,7,0,0,0,0,15,1,0,1,0,0,1,0,0,0,0.12195121951219512,0.13821138211382114,2,1
29,22,0,2,0,0,2,0,0,0,0,2,1,0,0,0,0,0,0,0,0,0.06896551724137931,0.1724137931034483,2,1
244,19,52,2,1,1,7,1,3,0,2,84,0,0,0,0,0,0,1,0,0,0.3442622950819672,0.08196721311475409,3,1
57,21,29,2,1,0,4,0,0,0,0,10,1,0,0,0,0,0,0,0,0,0.17543859649122806,0.15789473684210525,2,1
54,36,10,5,1,0,3,0,0,0,0,0,3,0,1,0,0,1,2,0,0,0.0,0.18518518518518517,3,1
28,15,5,2,0,0,3,0,0,0,0,0,1,0,1,0,0,0,0,0,0,0.0,0.21428571428571427,3,0
54,13,33,2,0,2,6,0,1,0,0,5,1,0,1,0,0,0,0,0,0,0.09259259259259259,0.2222222222222222,3,0
46,16,22,2,0,1,4,0,0,0,0,0,1,0,1,0,0,0,0,1,0,0.0,0.17391304347826086,3,0
78,16,22,3,0,0,5,1,1,1,0,0,0,0,0,0,0,0,0,0,0,0.0,0.15384615384615385,3,1
41,11,22,2,0,1,4,0,0,0,0,0,1,0,1,0,0,0,0,0,0,0.0,0.1951219512195122,3,0
34,26,1,2,1,0,3,0,0,0,0,1,1,0,0,0,0,1,0,0,0,0.029411764705882353,0.20588235294117646,3,1
76,22,47,1,1,0,6,0,0,0,0,21,0,0,0,0,0,0,0,0,0,0.27631578947368424,0.11842105263157894,3,1
36,15,13,3,0,0,4,0,0,0,0,1,2,0,1,0,0,0,0,0,0,0.027777777777777776,0.2222222222222222,2,1
67,39,20,3,2,0,4,0,0,0,0,0,1,0,1,0,0,1,0,0,0,0.0,0.14925373134328357,3,1
72,22,42,2,1,1,6,0,0,0,0,0,0,0,1,0,0,0,2,1,0,0.0,0.1527777777777778,3,1
45,15,22,3,0,0,5,0,0,0,0,1,1,0,1,0,0,0,0,0,0,0.022222222222222223,0.2,3,0
24,15,1,2,0,0,3,0,0,0,0,0,1,0,1,0,0,0,0,0,0,0.0,0.25,3,0
93,11,75,1,10,0,5,0,0,0,0,10,0,0,0,0,0,0,0,0,0,0.10752688172043011,0.1827956989247312,3,0
31,23,1,2,0,0,3,0,0,0,0,3,1,0,0,0,0,0,0,0,0,0.0967741935483871,0.1935483870967742,3,1
699,31,660,2,5,9,8,0,0,0,0,197,1,0,1,0,0,0,0,0,0,0.28183118741058655,0.03862660944206009,3,1
44,14,22,3,0,0,5,0,0,0,0,1,1,0,1,0,0,0,0,0,0,0.022727272727272728,0.20454545454545456,2,0
36,27,1,2,0,0,3,0,0,0,0,4,1,0,1,0,0,0,0,0,0,0.1111111111111111,0.16666666666666666,3,1
18,9,1,1,0,0,3,0,0,0,0,2,0,0,1,0,0,0,0,0,0,0.1111111111111111,0.2777777777777778,2,1
170,16,35,4,3,1,9,1,5,0,4,9,1,0,0,0,0,0,0,1,0,0.052941176470588235,0.16470588235294117,2,0
65,19,39,3,1,1,5,0,0,0,0,0,1,0,0,0,0,0,0,0,0,0.0,0.16923076923076924,3,1
29,11,10,1,0,0,6,0,0,0,0,1,0,0,1,0,0,0,0,0,0,0.034482758620689655,0.27586206896551724,3,0
25,12,5,2,0,0,3,0,0,0,0,0,1,0,1,0,0,0,0,0,0,0.0,0.24,3,0
124,13,104,1,5,1,11,0,0,0,0,1,0,0,0,0,0,0,2,0,0,0.008064516129032258,0.1532258064516129,3,1
306,14,118,2,0,1,5,1,3,0,2,93,0,0,1,0,0,0,1,0,0,0.30392156862745096,0.05555555555555555,3,1
70,27,36,2,0,0,6,0,0,0,0,0,0,0,0,0,0,0,2,0,0,0.0,0.12857142857142856,3,1
57,17,32,2,3,0,5,0,0,0,0,0,1,0,1,0,0,0,0,0,0,0.0,0.19298245614035087,2,0
24,5,12,1,0,0,3,0,0,0,0,4,0,0,0,0,0,0,0,0,0,0.16666666666666666,0.20833333333333334,2,1
26,19,0,3,0,0,2,0,0,0,0,0,2,0,0,0,0,0,0,0,0,0.0,0.23076923076923078,2,1
66,21,37,2,4,0,5,0,0,0,0,4,1,0,1,0,0,0,0,1,0,0.06060606060606061,0.18181818181818182,3,0
213,17,22,3,1,1,4,1,3,0,2,84,1,0,1,0,0,0,1,0,0,0.39436619718309857,0.08450704225352113,3,1
26,13,5,2,0,0,3,0,0,0,0,0,1,0,1,0,0,0,0,0,0,0.0,0.23076923076923078,3,0
53,23,22,3,0,0,5,0,0,0,0,1,1,0,1,0,0,0,0,0,0,0.018867924528301886,0.16981132075471697,3,0
23,9,6,1,0,0,3,0,0,0,0,0,0,0,1,0,0,0,0,0,0,0.0,0.21739130434782608,3,1
33,25,1,3,0,0,3,0,0,0,0,9,2,0,0,0,0,0,0,0,0,0.2727272727272727,0.21212121212121213,3,1
52,23,21,4,1,0,4,0,0,0,0,1,1,0,1,0,0,0,0,0,0,0.019230769230769232,0.19230769230769232,3,1
19,11,0,1,0,0,2,0,0,0,0,0,0,0,1,0,0,0,0,0,0,0.0,0.21052631578947367,3,0
125,29,62,2,1,1,10,1,2,0,1,11,0,0,1,0,0,0,1,0,0,0.088,0.16,3,1
45,25,12,2,0,0,4,0,0,0,0,0,1,0,1,0,0,0,0,0,0,0.0,0.15555555555555556,3,0
93,15,70,4,2,0,8,0,0,0,0,3,1,0,1,0,0,0,0,0,0,0.03225806451612903,0.17204301075268819,2,1
86,8,71,1,9,0,5,0,0,0,0,0,0,0,0,0,0,0,0,0,0,0.0,0.18604651162790697,3,0
31,11,12,2,0,0,4,0,0,0,0,0,1,0,1,0,0,0,0,0,0,0.0,0.22580645161290322,3,0
31,14,10,3,0,0,3,0,0,0,0,0,1,0,0,0,0,0,0,0,0,0.0,0.22580645161290322,3,1
33,21,5,3,0,0,4,0,0,0,0,0,2,0,0,0,0,0,0,0,0,0.0,0.24242424242424243,2,1
68,16,45,2,0,0,3,0,0,0,0,20,1,0,0,0,0,0,0,0,0,0.29411764705882354,0.10294117647058823,3,1
31,16,7,2,0,0,3,0,0,0,0,0,1,0,1,0,0,0,0,0,0,0.0,0.1935483870967742,3,0
40,18,14,2,1,0,4,0,0,0,0,0,1,0,1,0,0,0,0,0,0,0.0,0.2,3,0
39,14,6,2,0,0,3,1,1,0,0,3,1,0,1,0,0,0,0,0,0,0.07692307692307693,0.20512820512820512,3,0
34,21,5,2,0,0,3,0,0,0,0,0,1,0,1,0,0,0,0,0,0,0.0,0.17647058823529413,3,0
54,13,33,2,0,2,6,0,1,0,0,5,1,0,1,0,0,0,0,0,0,0.09259259259259259,0.2222222222222222,3,0
41,18,15,2,0,0,4,0,0,0,0,4,1,0,1,0,0,0,0,0,0,0.0975609756097561,0.17073170731707318,3,0
30,22,0,2,1,0,2,0,0,0,0,1,1,0,1,0,0,1,0,0,0,0.03333333333333333,0.2,3,1
36,27,1,2,0,0,3,0,0,0,0,0,1,0,1,0,0,0,0,0,0,0.0,0.16666666666666666,3,0
30,14,8,2,0,0,3,0,0,0,0,0,1,0,1,0,0,0,0,0,0,0.0,0.2,3,0
64,19,37,2,4,0,5,0,0,0,0,4,1,0,1,0,0,0,0,0,0,0.0625,0.1875,3,0
28,14,6,2,0,0,3,0,0,0,0,0,1,0,1,0,0,0,1,0,0,0.0,0.21428571428571427,3,0
50,18,25,2,0,0,5,0,0,0,0,1,0,0,0,0,0,0,0,0,0,0.02,0.16,3,1
61,16,38,2,3,0,4,0,0,0,0,2,1,0,0,0,0,0,0,0,0,0.03278688524590164,0.16393442622950818,2,1
94,9,77,1,1,1,10,0,0,0,0,3,0,0,1,0,0,0,3,0,0,0.031914893617021274,0.14893617021276595,2,1
36,16,12,2,0,0,4,0,0,0,0,0,1,0,1,0,0,0,0,0,0,0.0,0.19444444444444445,3,0
102,18,77,3,0,1,10,0,0,0,0,0,1,0,0,0,0,0,0,0,0,0.0,0.14705882352941177,2,1
47,19,20,2,0,0,5,0,0,0,0,0,1,0,1,0,0,0,0,0,0,0.0,0.1702127659574468,3,0
94,11,76,2,13,0,5,0,0,0,0,6,0,0,0,0,0,0,0,0,0,0.06382978723404255,0.22340425531914893,2,0
52,26,1,5,1,0,3,1,0,0,0,0,4,0,1,0,0,0,0,1,0,0.0,0.21153846153846154,4,1
28,20,0,2,0,0,2,0,0,0,0,0,1,0,1,0,0,0,0,0,0,0.0,0.17857142857142858,3,0
87,15,65,1,0,0,12,0,0,0,0,19,0,0,0,0,0,0,0,0,0,0.21839080459770116,0.16091954022988506,3,0
47,16,23,2,0,0,4,0,0,0,0,0,1,0,1,0,0,0,0,1,0,0.0,0.14893617021276595,3,1
43,16,20,1,2,0,5,0,0,0,0,0,0,0,0,0,0,1,0,0,0,0.0,0.20930232558139536,3,1
42,25,9,2,0,0,3,0,0,0,0,0,1,0,1,0,0,0,0,0,0,0.0,0.14285714285714285,3,0
204,19,31,5,0,1,5,1,4,0,3,44,1,0,0,0,0,0,0,1,0,0.21568627450980393,0.14705882352941177,3,1
59,9,43,2,0,0,6,0,0,0,0,6,0,0,0,0,0,0,0,0,0,0.1016949152542373,0.15254237288135594,3,1
28,14,6,2,0,0,3,0,0,0,0,0,1,0,1,0,0,0,1,1,0,0.0,0.21428571428571427,3,0
23,15,0,2,0,0,2,0,0,0,0,0,1,0,1,0,0,0,0,0,0,0.0,0.21739130434782608,3,0
276,31,72,4,0,1,8,1,3,0,2,105,1,0,0,0,0,0,1,0,0,0.3804347826086957,0.07971014492753623,3,1
35,20,7,1,1,0,3,0,0,0,0,3,0,0,1,0,0,1,0,0,0,0.08571428571428572,0.2,3,1
48,16,25,3,0,0,5,0,0,0,0,0,1,0,0,0,0,0,1,0,0,0.0,0.1875,3,1
48,15,26,2,1,0,6,0,0,0,0,0,1,0,0,0,0,0,0,0,0,0.0,0.20833333333333334,3,1
66,16,43,2,0,1,5,0,0,0,0,14,0,0,0,0,0,0,0,0,0,0.21212121212121213,0.13636363636363635,2,1
32,9,15,2,0,0,4,0,0,0,0,1,0,0,1,0,0,0,0,0,0,0.03125,0.21875,3,1
42,12,23,4,0,0,4,0,0,0,0,9,2,1,0,0,0,0,0,0,0,0.21428571428571427,0.21428571428571427,2,1
99,13,10,2,0,3,4,1,4,0,3,15,0,0,0,0,0,0,0,0,0,0.15151515151515152,0.2727272727272727,3,0
54,44,3,4,0,0,4,0,0,0,0,0,3,0,0,0,0,0,0,0,0,0.0,0.16666666666666666,2,1
255,10,105,3,4,4,10,1,3,0,2,54,0,0,0,0,0,0,3,0,0,0.21176470588235294,0.11764705882352941,3,1
35,10,6,2,0,0,3,1,1,0,0,3,1,0,1,0,0,0,0,0,0,0.08571428571428572,0.22857142857142856,3,0
47,24,15,3,0,0,4,0,0,0,0,0,1,0,1,0,0,0,0,0,0,0.0,0.1702127659574468,3,1
212,36,47,5,4,0,8,2,1,0,0,75,1,0,0,0,0,1,3,2,0,0.35377358490566035,0.09905660377358491,3,1
164,23,1,3,0,0,3,1,1,0,0,79,2,0,1,0,0,0,0,0,0,0.4817073170731707,0.054878048780487805,3,1
98,16,37,1,0,0,4,1,2,0,0,24,0,0,1,0,0,0,0,0,0,0.24489795918367346,0.09183673469387756,3,1
170,14,21,2,0,1,3,1,5,0,2,28,1,0,1,0,0,0,1,0,0,0.16470588235294117,0.08823529411764706,2,1
39,14,18,3,0,0,4,0,0,0,0,0,1,0,0,0,0,0,0,0,0,0.0,0.20512820512820512,3,1
91,19,4,3,0,0,4,1,1,0,0,8,1,0,1,0,0,0,0,0,0,0.08791208791208792,0.12087912087912088,3,1
87,16,63,2,1,0,9,0,0,0,0,0,0,0,1,0,0,0,0,1,0,0.0,0.14942528735632185,3,1
132,11,95,2,11,1,6,1,1,0,0,5,0,0,0,0,0,0,0,0,0,0.03787878787878788,0.17424242424242425,3,0
75,29,7,3,0,0,3,1,2,0,1,19,1,0,0,0,0,0,0,0,0,0.25333333333333335,0.16,3,1
148,56,84,5,1,1,6,0,0,0,0,17,3,0,1,0,0,0,0,1,0,0.11486486486486487,0.0945945945945946,3,1
101,24,69,2,1,0,8,0,0,0,0,5,1,0,1,0,0,0,0,1,0,0.04950495049504951,0.1188118811881188,3,1
30,21,1,3,0,0,3,0,0,0,0,0,2,0,1,0,0,0,0,0,0,0.0,0.23333333333333334,2,1
46,16,22,2,0,1,4,0,0,0,0,0,1,0,1,0,0,0,0,0,0,0.0,0.17391304347826086,3,0
64,35,22,2,3,1,5,0,0,0,0,0,1,0,0,0,0,1,0,0,0,0.0,0.1875,3,1
130,10,86,7,1,0,10,1,1,1,0,0,0,0,1,0,0,0,1,0,0,0.0,0.16923076923076924,4,1
33,16,9,2,0,0,3,0,0,0,0,0,1,0,1,0,0,0,0,1,0,0.0,0.18181818181818182,3,0
24,16,1,2,0,0,3,0,0,0,0,2,1,0,0,0,0,0,0,0,0,0.08333333333333333,0.25,3,1
99,15,76,2,0,0,7,0,0,0,0,7,1,0,1,0,0,0,0,1,0,0.0707070707070707,0.10101010101010101,3,1
43,14,5,1,0,0,3,1,1,0,0,4,0,0,0,0,0,0,0,0,0,0.09302325581395349,0.16279069767441862,3,1
32,11,14,2,0,0,4,0,0,0,0,7,0,0,0,0,0,0,0,0,0,0.21875,0.21875,3,1
276,31,72,4,0,1,8,1,3,0,2,104,1,0,0,0,0,0,1,0,0,0.37681159420289856,0.07971014492753623,3,1
116,6,103,1,13,0,6,0,0,0,0,4,0,0,0,0,0,0,0,0,0,0.034482758620689655,0.1810344827586207,3,0
31,15,8,2,0,0,3,0,0,0,0,0,1,0,1,0,0,0,0,0,0,0.0,0.1935483870967742,3,0
36,13,15,1,0,0,4,0,0,0,0,4,0,0,1,0,0,0,0,0,0,0.1111111111111111,0.16666666666666666,3,0
88,14,49,2,4,1,6,1,1,0,0,5,0,0,0,0,0,0,0,0,0,0.056818181818181816,0.18181818181818182,3,0
47,19,20,2,0,0,5,0,0,0,0,0,1,0,1,0,0,0,0,0,0,0.0,0.1702127659574468,3,0
258,22,54,14,1,0,8,2,6,0,10,62,0,0,0,0,0,0,0,0,0,0.24031007751937986,0.16279069767441862,3,1
62,13,42,2,0,1,4,0,0,0,0,20,1,0,0,0,0,0,0,0,0,0.3225806451612903,0.12903225806451613,3,1
92,17,68,4,1,2,8,0,0,0,0,7,2,0,0,0,0,0,0,0,0,0.07608695652173914,0.17391304347826086,2,1
130,29,84,2,1,3,7,1,1,0,0,3,1,0,1,0,0,1,0,0,0,0.023076923076923078,0.13846153846153847,3,1
38,17,13,3,0,0,4,0,0,0,0,0,1,0,1,0,0,0,0,0,0,0.0,0.21052631578947367,2,1
27,11,8,2,0,0,3,0,0,0,0,0,1,0,1,0,0,0,0,0,0,0.0,0.2222222222222222,3,0
46,23,8,3,1,0,3,1,1,0,0,4,2,0,1,0,0,1,0,1,0,0.08695652173913043,0.21739130434782608,2,1
37,7,22,1,0,1,4,0,0,0,0,0,0,0,1,0,0,0,0,0,0,0.0,0.1891891891891892,3,0
36,13,15,2,0,0,4,0,0,0,0,4,1,0,1,0,0,0,0,0,0,0.1111111111111111,0.19444444444444445,3,0
21,13,0,2,0,0,2,0,0,0,0,0,1,0,1,0,0,0,0,0,0,0.0,0.23809523809523808,3,0
66,27,32,2,3,1,4,0,0,0,0,0,1,0,0,0,0,1,0,0,0,0.0,0.16666666666666666,2,1
31,15,8,2,0,0,3,0,0,0,0,0,1,0,1,0,0,0,0,0,0,0.0,0.1935483870967742,3,0
101,6,24,1,1,4,6,1,3,0,2,2,0,0,0,0,0,0,0,1,0,0.019801980198019802,0.2079207920792079,2,0
135,12,57,10,0,0,4,1,1,0,0,34,0,0,0,0,0,0,0,0,0,0.2518518518518518,0.14074074074074075,3,0
87,23,57,3,0,0,5,0,0,0,0,19,1,0,0,0,0,0,0,0,0,0.21839080459770116,0.10344827586206896,2,1
34,14,12,2,0,0,4,0,0,0,0,0,1,0,1,0,0,0,0,1,0,0.0,0.20588235294117646,3,0
19,11,0,2,0,0,2,0,0,0,0,0,1,0,1,0,0,0,0,0,0,0.0,0.2631578947368421,3,0
63,10,46,1,0,0,6,0,0,0,0,19,0,0,0,0,0,0,0,0,0,0.30158730158730157,0.12698412698412698,2,1
105,10,88,1,12,0,4,0,0,0,0,8,0,0,0,0,0,0,0,0,0,0.0761904761904762,0.17142857142857143,3,0
35,12,15,2,0,0,4,0,0,0,0,4,1,0,1,0,0,0,0,0,0,0.11428571428571428,0.2,3,0
38,15,15,2,1,0,3,0,0,0,0,0,1,0,1,0,0,0,1,0,0,0.0,0.18421052631578946,3,0
111,9,23,2,0,0,5,1,3,0,2,17,0,0,1,0,0,0,1,0,0,0.15315315315315314,0.15315315315315314,2,0
139,33,89,2,2,2,7,1,1,0,0,5,1,0,1,0,0,1,0,0,0,0.03597122302158273,0.12949640287769784,3,1
84,17,60,2,1,1,7,0,0,0,0,6,0,0,0,0,0,0,1,0,0,0.07142857142857142,0.14285714285714285,2,1
61,12,42,2,0,0,7,0,0,0,0,3,0,0,0,0,0,0,0,0,0,0.04918032786885246,0.16393442622950818,3,1
96,13,16,1,0,4,4,1,3,0,2,9,0,0,0,0,0,0,0,0,0,0.09375,0.16666666666666666,3,0
59,14,37,2,4,0,5,0,0,0,0,4,1,0,1,0,0,0,0,0,0,0.06779661016949153,0.2033898305084746,3,0
31,15,8,2,0,0,3,0,0,0,0,0,1,0,1,0,0,0,0,0,0,0.0,0.1935483870967742,3,0
319,26,56,3,5,4,7,1,5,0,4,78,1,0,1,0,0,1,0,0,0,0.2445141065830721,0.12225705329153605,3,1
27,18,1,2,0,0,3,0,0,0,0,0,1,0,1,0,0,0,0,0,0,0.0,0.2222222222222222,3,0
36,16,13,3,0,0,4,0,0,0,0,0,1,0,0,0,0,0,1,0,0,0.0,0.2222222222222222,3,1
98,12,18,1,1,2,6,1,3,0,2,1,0,0,0,0,0,0,0,0,0,0.01020408163265306,0.17346938775510204,3,0
38,15,15,1,0,0,4,0,0,0,0,4,0,0,1,0,0,0,0,0,0,0.10526315789473684,0.15789473684210525,3,0
38,29,1,2,2,0,3,0,0,0,0,0,1,0,1,0,0,1,1,0,0,0.0,0.21052631578947367,4,1
42,12,22,3,0,0,4,0,0,0,0,0,0,0,1,0,0,0,0,1,0,0.0,0.19047619047619047,3,1
91,8,76,1,10,0,6,0,0,0,0,8,0,0,0,0,0,0,0,0,0,0.08791208791208792,0.1978021978021978,3,0
34,12,14,2,1,0,4,0,0,0,0,0,1,0,1,0,0,0,0,0,0,0.0,0.23529411764705882,2,0
41,16,6,2,0,0,3,1,1,0,0,3,1,0,1,0,0,0,0,0,0,0.07317073170731707,0.1951219512195122,3,0
45,15,22,3,0,0,5,0,0,0,0,1,1,0,1,0,0,0,0,0,0,0.022222222222222223,0.2,3,0
25,17,0,2,0,0,2,0,0,0,0,0,1,0,1,0,0,0,0,1,0,0.0,0.2,3,0
39,14,6,2,0,0,3,1,1,0,0,3,1,0,1,0,0,0,0,0,0,0.07692307692307693,0.20512820512820512,3,0
64,20,36,2,0,0,6,0,0,0,0,0,0,0,1,0,0,0,2,0,0,0.0,0.140625,3,1
29,21,0,2,0,0,2,0,0,0,0,0,1,0,1,0,0,0,0,0,0,0.0,0.1724137931034483,3,0
247,10,105,3,4,4,10,1,3,0,2,47,0,0,0,0,0,0,3,0,0,0.1902834008097166,0.11336032388663968,3,1
38,13,6,2,0,0,3,1,1,0,0,3,1,0,1,0,0,0,0,0,0,0.07894736842105263,0.21052631578947367,3,0
27,13,6,2,0,0,3,0,0,0,0,0,1,0,1,0,0,0,0,1,0,0.0,0.2222222222222222,3,0
28,14,6,2,0,0,3,0,0,0,0,0,1,0,1,0,0,0,0,0,0,0.0,0.21428571428571427,3,0
56,11,37,2,4,0,5,0,0,0,0,4,1,0,1,0,0,0,0,0,0,0.07142857142857142,0.21428571428571427,3,0
57,17,32,2,3,0,5,0,0,0,0,0,1,0,1,0,0,0,0,0,0,0.0,0.19298245614035087,3,0
31,12,11,2,1,0,3,0,0,0,0,0,0,0,1,0,0,1,1,0,0,0.0,0.22580645161290322,2,1
48,18,6,2,0,0,4,1,1,0,0,4,1,0,0,0,0,0,0,0,0,0.08333333333333333,0.1875,3,1
33,11,14,2,1,0,4,0,0,0,0,0,1,0,1,0,0,0,0,0,0,0.0,0.24242424242424243,3,0
66,12,26,4,1,0,5,1,1,0,0,12,1,0,0,0,0,0,0,0,0,0.18181818181818182,0.19696969696969696,2,1
27,18,1,2,1,0,3,0,0,0,0,1,1,0,1,0,0,1,0,0,0,0.037037037037037035,0.25925925925925924,3,1
50,16,27,3,0,0,4,0,0,0,0,3,0,0,0,0,0,0,1,0,0,0.06,0.16,3,1
29,16,5,2,0,0,3,0,0,0,0,0,1,0,1,0,0,0,0,0,0,0.0,0.20689655172413793,3,0
79,22,33,2,0,0,3,1,1,0,0,25,1,0,0,0,0,0,0,0,0,0.31645569620253167,0.11392405063291139,3,1
41,33,0,2,0,0,2,0,0,0,0,14,1,0,1,0,0,0,0,0,0,0.34146341463414637,0.12195121951219512,3,1
41,18,15,3,1,0,3,0,0,0,0,0,2,0,1,0,0,0,1,1,0,0.0,0.1951219512195122,3,0
34,14,12,2,0,0,4,0,0,0,0,0,1,0,1,0,0,0,0,0,0,0.0,0.20588235294117646,3,0
29,14,7,2,0,0,3,0,0,0,0,0,1,0,1,0,0,0,0,0,0,0.0,0.20689655172413793,3,0
175,14,50,3,5,0,9,1,3,0,1,10,0,0,1,0,0,0,1,1,0,0.05714285714285714,0.13714285714285715,3,1
47,17,22,3,0,0,5,0,0,0,0,1,1,0,1,0,0,0,0,1,0,0.02127659574468085,0.19148936170212766,3,0
43,15,20,2,0,0,5,0,0,0,0,0,1,0,1,0,0,0,0,0,0,0.0,0.18604651162790697,3,0
68,31,30,6,1,0,5,0,0,0,0,0,2,0,0,0,0,0,2,0,0,0.0,0.19117647058823528,2,1
124,14,103,2,14,0,8,0,0,0,0,11,0,0,0,0,0,0,0,0,0,0.08870967741935484,0.20161290322580644,3,0
27,14,5,2,0,0,3,0,0,0,0,0,1,0,1,0,0,0,0,0,0,0.0,0.2222222222222222,3,0
28,11,9,2,0,0,3,0,0,0,0,0,1,0,1,0,0,0,0,0,0,0.0,0.21428571428571427,3,0
51,16,27,1,0,0,6,0,0,0,0,0,0,0,1,0,0,0,0,0,0,0.0,0.1568627450980392,3,1
183,12,137,4,12,0,9,1,1,1,0,0,1,0,0,0,0,0,1,0,0,0.0,0.15846994535519127,2,1
109,26,44,4,1,1,8,1,2,0,1,3,1,0,0,0,0,0,3,1,0,0.027522935779816515,0.1834862385321101,3,1
56,16,32,2,3,0,5,0,0,0,0,0,1,0,1,0,0,0,0,0,0,0.0,0.19642857142857142,3,0
324,33,58,3,5,4,7,1,5,0,4,88,1,0,1,0,0,1,0,0,0,0.2716049382716049,0.11419753086419752,3,1
33,26,0,1,3,0,2,0,0,0,0,5,0,0,0,0,0,1,0,0,0,0.15151515151515152,0.21212121212121213,2,1
184,7,46,3,4,0,8,1,11,0,1,12,0,0,1,0,0,0,0,1,0,0.06521739130434782,0.16304347826086957,2,1
244,19,52,2,1,1,7,1,3,0,2,64,0,0,0,0,0,0,1,0,0,0.26229508196721313,0.08196721311475409,3,1
52,18,6,1,0,0,4,1,1,0,0,2,0,0,0,0,0,0,0,0,0,0.038461538461538464,0.17307692307692307,3,1
24,5,12,1,0,0,3,0,0,0,0,5,0,0,0,0,0,0,0,0,0,0.20833333333333334,0.20833333333333334,2,1
28,13,7,2,0,0,3,0,0,0,0,0,1,0,1,0,0,0,0,0,0,0.0,0.21428571428571427,3,0
18,10,0,1,1,0,2,0,0,0,0,0,0,0,1,0,0,1,0,0,0,0.0,0.2777777777777778,2,1
25,16,1,2,0,0,3,0,0,0,0,0,1,0,1,0,0,0,0,0,0,0.0,0.24,3,0
47,22,6,2,0,0,3,1,1,0,0,3,1,0,1,0,0,0,0,0,0,0.06382978723404255,0.1702127659574468,3,0
54,30,16,2,1,0,4,0,0,0,0,0,1,0,1,0,0,0,0,0,0,0.0,0.14814814814814814,2,1
115,19,66,3,2,1,10,1,1,0,1,1,1,0,0,0,0,0,3,1,0,0.008695652173913044,0.1826086956521739,2,1
29,14,7,2,0,0,3,0,0,0,0,0,1,0,1,0,0,0,0,0,0,0.0,0.20689655172413793,3,0
25,11,6,2,0,0,3,0,0,0,0,0,1,0,1,0,0,0,0,0,0,0.0,0.24,3,0
39,16,15,2,0,0,4,0,0,0,0,4,1,0,1,0,0,0,0,0,0,0.10256410256410256,0.1794871794871795,3,0
110,31,72,4,0,0,8,0,0,0,0,21,1,0,0,0,0,0,0,0,0,0.19090909090909092,0.11818181818181818,3,1
55,15,32,2,3,0,5,0,0,0,0,0,1,0,1,0,0,0,0,0,0,0.0,0.2,3,0
54,14,32,2,3,0,5,0,0,0,0,0,1,0,1,0,0,0,0,1,0,0.0,0.2037037037037037,3,0
34,17,9,2,0,0,3,0,0,0,0,0,1,0,1,0,0,0,0,0,0,0.0,0.17647058823529413,3,0
38,15,15,2,0,0,4,0,0,0,0,4,1,0,1,0,0,0,0,0,0,0.10526315789473684,0.18421052631578946,3,0
55,14,33,2,0,2,6,0,1,0,0,5,1,0,1,0,0,0,0,0,0,0.09090909090909091,0.21818181818181817,3,0
32,10,14,1,1,0,4,0,0,0,0,0,0,0,1,0,0,0,0,0,0,0.0,0.21875,3,0
50,9,33,1,0,2,6,0,1,0,0,5,0,0,1,0,0,0,0,0,0,0.1,0.22,3,0
58,13,37,2,4,0,5,0,0,0,0,4,1,0,1,0,0,0,0,0,0,0.06896551724137931,0.20689655172413793,3,0
63,18,37,2,4,0,5,0,0,0,0,4,1,0,1,0,0,0,0,0,0,0.06349206349206349,0.19047619047619047,3,0
21,13,0,2,0,0,2,0,0,0,0,0,1,0,1,0,0,0,1,0,0,0.0,0.23809523809523808,3,0
28,19,1,2,0,0,3,0,0,0,0,0,1,0,1,0,0,0,0,0,0,0.0,0.21428571428571427,3,0
56,13,36,1,0,0,8,0,0,0,0,0,0,0,0,0,0,0,0,0,0,0.0,0.17857142857142858,3,1
74,16,13,4,0,0,7,2,1,0,0,0,0,0,0,0,0,0,1,0,0,0.0,0.21621621621621623,3,1
21,13,0,1,0,0,2,0,0,0,0,0,0,0,1,0,0,0,0,0,0,0.0,0.19047619047619047,3,1
94,28,59,3,1,0,6,0,0,0,0,20,2,0,0,0,0,1,1,0,0,0.2127659574468085,0.11702127659574468,3,1
32,18,6,2,0,0,3,0,0,0,0,0,1,0,1,0,0,0,0,1,0,0.0,0.1875,3,0
37,15,15,2,0,0,3,0,0,0,0,0,0,0,0,0,0,0,0,0,0,0.0,0.16216216216216217,3,1
27,18,1,2,0,0,3,0,0,0,0,0,1,0,1,0,0,0,0,0,0,0.0,0.2222222222222222,3,0
80,26,46,3,1,0,4,0,1,0,0,21,2,0,1,0,0,1,2,0,0,0.2625,0.175,2,1
69,13,49,3,0,0,6,0,0,0,0,23,2,1,0,0,0,0,0,1,0,0.3333333333333333,0.14492753623188406,2,1
56,15,33,2,0,2,6,0,1,0,0,5,1,0,1,0,0,0,0,0,0,0.08928571428571429,0.21428571428571427,3,0
55,15,32,2,3,0,5,0,0,0,0,0,1,0,1,0,0,0,0,0,0,0.0,0.2,3,0
25,7,11,1,0,0,5,0,0,0,0,0,0,0,0,0,0,0,0,0,0,0.0,0.28,2,1
30,16,6,2,0,0,3,0,0,0,0,0,1,0,1,0,0,0,0,0,0,0.0,0.2,3,0
85,11,67,1,12,0,3,0,0,0,0,10,0,0,0,0,0,0,0,0,0,0.11764705882352941,0.2,3,0
73,22,44,1,1,0,8,0,0,0,0,3,0,0,0,0,0,0,3,1,0,0.0410958904109589,0.1506849315068493,3,1
32,19,5,2,0,0,3,0,0,0,0,0,1,0,1,0,0,0,0,0,0,0.0,0.1875,3,0
30,18,5,2,0,0,4,0,0,0,0,0,1,0,0,0,0,0,0,0,0,0.0,0.23333333333333334,3,1
78,32,38,2,4,0,4,0,0,0,0,27,1,0,1,0,0,1,0,0,0,0.34615384615384615,0.14102564102564102,2,1
31,14,9,2,0,0,3,0,0,0,0,0,1,0,1,0,0,0,0,0,0,0.0,0.1935483870967742,3,0
30,17,5,2,0,0,3,0,0,0,0,0,1,0,1,0,0,0,0,0,0,0.0,0.2,3,0
28,11,9,2,0,0,3,0,0,0,0,0,1,0,1,0,0,0,0,0,0,0.0,0.21428571428571427,3,0
35,12,15,2,1,0,3,0,0,0,0,0,1,0,1,0,0,0,1,0,0,0.0,0.2,3,0
27,13,6,2,0,0,3,0,0,0,0,0,1,0,1,0,0,0,1,0,0,0.0,0.2222222222222222,3,0
32,14,10,2,0,0,6,0,0,0,0,1,1,0,1,0,0,0,0,0,0,0.03125,0.28125,2,0
22,13,1,1,0,0,3,0,0,0,0,0,0,0,1,0,0,0,0,0,0,0.0,0.22727272727272727,3,1
80,17,55,1,1,0,10,0,0,0,0,0,0,0,1,0,0,0,0,0,0,0.0,0.1625,3,1
46,10,28,1,1,0,5,0,0,0,0,0,0,0,1,0,0,0,0,0,0,0.0,0.17391304347826086,3,1
105,27,71,3,0,0,5,0,0,0,0,20,1,0,0,0,0,0,0,0,0,0.19047619047619047,0.08571428571428572,3,1
104,15,82,2,6,1,7,0,0,0,0,0,1,0,0,0,0,0,0,0,0,0.0,0.16346153846153846,2,0
115,13,95,1,14,0,5,0,0,0,0,10,0,0,0,0,0,0,0,0,0,0.08695652173913043,0.1826086956521739,3,0
26,10,8,1,0,0,5,0,0,0,0,0,0,0,1,0,0,0,0,0,0,0.0,0.2692307692307692,2,1
55,15,32,2,3,0,5,0,0,0,0,0,1,0,1,0,0,0,0,0,0,0.0,0.2,3,0
25,11,6,2,0,0,3,0,0,0,0,0,1,0,1,0,0,0,1,0,0,0.0,0.24,3,0
37,14,15,2,0,0,4,0,0,0,0,4,1,0,1,0,0,0,0,0,0,0.10810810810810811,0.1891891891891892,3,0
54,14,32,2,3,0,5,0,0,0,0,0,1,0,1,0,0,0,0,0,0,0.0,0.2037037037037037,3,0
58,17,33,2,0,2,6,0,1,0,0,5,1,0,1,0,0,0,0,1,0,0.08620689655172414,0.20689655172413793,3,0
39,14,6,1,0,0,3,1,1,0,0,3,0,0,1,0,0,0,0,1,0,0.07692307692307693,0.1794871794871795,3,0
76,22,47,1,1,0,6,0,0,0,0,23,0,0,0,0,0,0,0,0,0,0.3026315789473684,0.11842105263157894,3,1
132,16,24,3,0,0,4,1,1,0,0,5,1,0,1,0,0,0,0,0,0,0.03787878787878788,0.07575757575757576,3,1
81,13,61,1,1,0,9,0,0,0,0,1,0,0,0,0,0,0,0,0,0,0.012345679012345678,0.14814814814814814,3,1
27,13,6,2,0,0,3,0,0,0,0,0,1,0,1,0,0,0,0,0,0,0.0,0.2222222222222222,3,0
35,13,14,2,1,0,4,0,0,0,0,0,1,0,1,0,0,0,0,1,0,0.0,0.22857142857142856,3,0
36,13,15,1,1,0,3,0,0,0,0,0,0,0,1,0,0,0,1,0,0,0.0,0.16666666666666666,3,0
68,15,45,2,0,1,5,0,0,0,0,6,1,0,1,0,0,0,0,1,0,0.08823529411764706,0.1323529411764706,3,1
58,22,21,2,1,1,5,1,1,0,0,0,1,0,0,0,0,0,0,0,0,0.0,0.20689655172413793,3,1
23,15,0,2,0,0,2,0,0,0,0,0,1,0,1,0,0,0,0,0,0,0.0,0.21739130434782608,3,0
75,22,46,1,1,0,5,0,0,0,0,23,0,0,0,0,0,0,0,0,0,0.30666666666666664,0.10666666666666667,3,1
89,14,67,1,2,0,8,0,1,0,0,11,0,0,1,0,0,1,0,1,0,0.12359550561797752,0.15730337078651685,2,1
27,15,5,2,0,0,4,0,0,0,0,0,1,0,0,0,0,0,0,0,0,0.0,0.25925925925925924,2,1
30,10,12,1,0,0,4,0,0,0,0,0,0,0,1,0,0,0,0,1,0,0.0,0.2,3,0
145,12,57,13,0,0,4,1,1,0,0,33,0,0,0,0,0,0,0,0,0,0.22758620689655173,0.15172413793103448,3,0
70,19,44,1,0,0,5,0,0,0,0,19,0,0,0,0,0,0,1,0,0,0.2714285714285714,0.1,3,1
26,12,7,1,0,0,4,0,0,0,0,0,0,0,0,0,0,0,0,0,0,0.0,0.23076923076923078,3,1
27,8,12,1,0,0,4,0,0,0,0,0,0,0,0,0,0,0,1,0,0,0.0,0.2222222222222222,2,1
57,16,33,2,0,2,6,0,1,0,0,5,1,0,1,0,0,0,0,0,0,0.08771929824561403,0.21052631578947367,3,0
28,15,5,2,0,0,3,0,0,0,0,0,1,0,1,0,0,0,0,0,0,0.0,0.21428571428571427,3,0
257,17,67,2,2,2,8,1,3,0,2,82,0,0,0,0,0,0,2,0,0,0.31906614785992216,0.08949416342412451,3,1
23,15,0,2,0,0,2,0,0,0,0,0,1,0,1,0,0,0,1,1,0,0.0,0.21739130434782608,3,0
162,21,62,2,1,1,7,1,2,0,1,22,1,0,1,0,0,0,2,0,0,0.13580246913580246,0.10493827160493827,3,1
35,15,12,2,0,0,4,0,0,0,0,0,1,0,1,0,0,0,0,1,0,0.0,0.2,3,0
44,36,1,2,0,0,3,0,0,0,0,3,1,0,0,0,0,0,0,0,0,0.06818181818181818,0.13636363636363635,3,1
109,10,92,1,5,0,7,0,0,0,0,36,0,0,0,0,0,0,0,0,0,0.3302752293577982,0.1651376146788991,3,0
56,11,37,2,4,0,5,0,0,0,0,4,1,0,1,0,0,0,0,0,0,0.07142857142857142,0.21428571428571427,3,0
57,12,37,2,4,0,5,0,0,0,0,4,1,0,1,0,0,0,0,0,0,0.07017543859649122,0.21052631578947367,3,0
107,25,5,2,1,0,3,1,1,0,0,8,1,0,1,0,0,0,0,0,0,0.07476635514018691,0.08411214953271028,3,1
98,24,45,8,0,0,4,0,0,1,0,14,2,0,1,0,0,0,0,1,0,0.14285714285714285,0.15306122448979592,3,1
31,11,13,2,0,0,3,0,0,0,0,0,0,0,0,0,0,0,0,0,0,0.0,0.1935483870967742,4,1
33,25,1,3,0,0,3,0,0,0,0,9,2,0,0,0,0,0,0,0,0,0.2727272727272727,0.21212121212121213,3,1
80,26,46,3,1,0,7,0,0,0,0,8,1,0,1,0,0,1,1,0,0,0.1,0.15,3,1
33,15,10,2,0,0,6,0,0,0,0,1,1,0,1,0,0,0,0,0,0,0.030303030303030304,0.2727272727272727,3,0
37,17,12,2,0,0,4,0,0,0,0,0,1,0,1,0,0,0,0,0,0,0.0,0.1891891891891892,3,0
88,17,11,3,4,0,3,1,1,0,0,10,0,0,0,0,0,0,1,0,0,0.11363636363636363,0.17045454545454544,3,0
99,12,80,1,6,0,8,0,0,0,0,8,0,0,0,0,0,0,0,0,0,0.08080808080808081,0.16161616161616163,3,0
35,9,18,1,0,0,3,0,0,0,0,1,0,0,1,0,0,0,0,0,0,0.02857142857142857,0.14285714285714285,3,1
28,17,3,1,0,0,3,0,0,0,0,0,0,0,1,0,0,0,0,0,0,0.0,0.17857142857142858,2,1
38,15,15,2,0,0,4,0,0,0,0,4,1,0,1,0,0,0,0,0,0,0.10526315789473684,0.18421052631578946,3,0
59,14,37,1,4,0,5,0,0,0,0,4,0,0,1,0,0,0,0,1,0,0.06779661016949153,0.1864406779661017,3,0
35,21,7,2,1,0,3,0,0,0,0,0,1,0,0,0,0,1,0,0,0,0.0,0.2,3,1
51,20,23,3,0,0,5,0,0,0,0,6,1,0,1,0,0,0,0,0,0,0.11764705882352941,0.17647058823529413,3,1
59,19,32,2,3,0,5,0,0,0,0,0,1,0,1,0,0,0,0,0,0,0.0,0.1864406779661017,3,0
60,22,30,3,0,0,4,0,0,0,0,3,1,0,1,0,0,0,0,1,0,0.05,0.13333333333333333,3,1
38,22,8,2,0,0,3,0,0,0,0,0,1,0,1,0,0,0,0,0,0,0.0,0.15789473684210525,3,0
20,12,0,2,0,0,2,0,0,0,0,0,1,0,1,0,0,0,0,0,0,0.0,0.25,3,0
55,14,33,2,0,2,6,0,1,0,0,5,1,0,1,0,0,0,0,0,0,0.09090909090909091,0.21818181818181817,3,0
121,7,106,1,13,0,5,0,0,0,0,7,0,0,1,0,0,0,0,0,0,0.05785123966942149,0.1652892561983471,2,0
34,26,1,2,0,0,3,0,0,0,0,0,1,0,0,0,0,0,1,0,0,0.0,0.17647058823529413,3,1
46,18,20,2,0,0,5,0,0,0,0,0,1,0,1,0,0,0,0,0,0,0.0,0.17391304347826086,3,0
40,23,9,2,0,0,3,0,0,0,0,0,1,0,1,0,0,0,0,0,0,0.0,0.15,3,0
31,16,7,2,0,0,3,0,0,0,0,0,1,0,1,0,0,0,0,0,0,0.0,0.1935483870967742,3,0
82,16,46,2,0,1,6,1,1,0,0,6,1,0,1,0,0,0,0,1,0,0.07317073170731707,0.14634146341463414,3,1
54,14,32,2,3,0,5,0,0,0,0,0,1,0,1,0,0,0,0,0,0,0.0,0.2037037037037037,3,0
68,16,32,4,0,1,6,1,1,0,0,0,1,0,0,0,0,0,0,1,0,0.0,0.20588235294117646,2,1
20,12,0,2,0,0,2,0,0,0,0,0,1,0,1,0,0,0,0,0,0,0.0,0.25,3,0
77,26,22,2,0,0,5,1,3,0,2,11,1,0,0,0,0,0,0,0,0,0.14285714285714285,0.18181818181818182,3,1
27,19,0,2,0,0,2,0,0,0,0,0,1,0,1,0,0,0,0,0,0,0.0,0.18518518518518517,3,0
85,14,46,5,2,0,8,1,1,0,0,5,1,0,0,0,0,0,0,0,0,0.058823529411764705,0.21176470588235294,2,0
68,12,12,3,0,0,3,1,1,1,0,0,0,0,0,0,0,0,0,0,0,0.0,0.14705882352941177,3,1
42,12,22,2,0,0,5,0,0,0,0,1,0,0,1,0,0,0,0,0,0,0.023809523809523808,0.19047619047619047,3,0
58,22,29,2,1,0,6,0,0,0,0,2,1,0,0,0,0,1,0,0,0,0.034482758620689655,0.1896551724137931,2,1
30,16,6,2,0,0,3,0,0,0,0,0,1,0,1,0,0,0,0,0,0,0.0,0.2,3,0
37,22,7,2,0,0,3,0,0,0,0,0,1,0,1,0,0,0,0,1,0,0.0,0.16216216216216217,3,0
42,19,15,2,0,0,4,0,0,0,0,4,1,0,1,0,0,0,0,0,0,0.09523809523809523,0.16666666666666666,3,0
42,34,0,2,0,0,2,0,0,0,0,3,1,0,1,0,0,0,0,0,0,0.07142857142857142,0.11904761904761904,3,1
230,15,33,15,1,0,6,2,6,0,10,62,1,0,0,0,0,0,0,0,0,0.26956521739130435,0.1782608695652174,3,1
222,37,12,6,0,1,4,1,3,0,2,89,4,0,0,0,0,0,3,0,0,0.4009009009009009,0.09009009009009009,2,1
61,25,28,5,0,0,5,0,0,0,0,1,0,0,1,0,0,0,0,0,0,0.01639344262295082,0.18032786885245902,3,1
21,13,1,1,1,0,3,0,0,0,0,0,0,0,0,0,0,1,0,0,0,0.0,0.2857142857142857,2,1
115,21,61,4,1,0,9,1,1,1,0,0,1,0,0,0,0,0,0,0,0,0.0,0.1565217391304348,2,1
36,20,9,1,1,0,4,0,0,0,0,0,0,0,0,0,0,1,0,0,0,0.0,0.19444444444444445,3,1
46,11,28,1,0,0,5,0,0,0,0,2,0,0,0,0,0,0,0,0,0,0.043478260869565216,0.17391304347826086,3,1
41,19,14,2,1,0,4,0,0,0,0,0,1,0,1,0,0,0,0,0,0,0.0,0.1951219512195122,3,0
16,7,1,1,0,0,3,0,0,0,0,0,0,0,1,0,0,0,0,0,0,0.0,0.3125,3,0
42,16,18,2,0,0,5,0,0,0,0,0,1,0,1,0,0,0,0,1,0,0.0,0.19047619047619047,3,1
27,13,6,2,0,0,3,0,0,0,0,0,1,0,1,0,0,0,1,0,0,0.0,0.2222222222222222,3,0
44,18,18,3,0,0,4,0,0,0,0,0,0,0,1,0,0,0,1,0,0,0.0,0.18181818181818182,3,1
132,30,41,5,5,0,7,1,2,0,1,24,1,0,1,0,0,0,0,1,0,0.18181818181818182,0.16666666666666666,3,1
28,8,13,1,0,0,5,0,0,0,0,0,0,0,0,0,0,0,1,0,0,0.0,0.25,2,1
42,18,17,1,1,0,3,0,0,0,0,1,0,0,0,0,0,1,0,0,0,0.023809523809523808,0.14285714285714285,2,1
45,10,28,2,0,0,5,0,0,0,0,0,0,0,0,0,0,0,0,1,0,0.0,0.17777777777777778,3,1
153,12,106,4,1,2,10,1,2,0,1,33,0,0,0,0,0,0,3,0,0,0.21568627450980393,0.1437908496732026,3,1
24,10,6,1,0,0,3,0,0,0,0,0,0,0,1,0,0,0,1,0,0,0.0,0.20833333333333334,3,0
38,16,14,2,1,0,4,0,0,0,0,0,1,0,1,0,0,0,0,1,0,0.0,0.21052631578947367,3,0
36,17,11,5,0,0,3,0,0,0,0,0,1,0,1,0,0,0,0,0,0,0.0,0.25,2,1
64,16,41,2,0,0,6,0,0,0,0,10,1,0,0,0,0,0,0,0,0,0.15625,0.1875,3,1
50,17,26,1,0,0,6,0,0,0,0,1,0,0,0,0,0,0,0,0,0,0.02,0.16,3,1
229,17,39,2,1,1,7,1,3,0,2,105,0,0,0,0,0,0,2,0,0,0.4585152838427948,0.08733624454148471,3,1
257,17,67,2,2,2,8,1,3,0,2,102,0,0,0,0,0,0,2,0,0,0.3968871595330739,0.08949416342412451,3,1
55,15,32,2,3,0,5,0,0,0,0,0,1,0,1,0,0,0,0,0,0,0.0,0.2,3,0
51,31,1,3,1,0,3,1,1,0,0,0,2,0,1,0,0,1,0,0,0,0.0,0.19607843137254902,3,1
35,12,15,2,0,0,4,0,0,0,0,4,1,0,1,0,0,0,0,0,0,0.11428571428571428,0.2,2,0
28,13,7,2,0,0,3,0,0,0,0,0,1,0,1,0,0,0,0,0,0,0.0,0.21428571428571427,3,0
30,15,7,2,0,0,3,0,0,0,0,0,1,0,1,0,0,0,0,0,0,0.0,0.2,3,0
33,15,10,1,0,0,4,0,0,0,0,2,0,0,1,0,0,0,0,0,0,0.06060606060606061,0.18181818181818182,3,1
22,14,0,2,0,0,2,0,0,0,0,0,1,0,1,0,0,0,0,0,0,0.0,0.22727272727272727,3,0
27,19,1,2,0,0,3,0,0,0,0,0,1,0,0,0,0,0,0,0,0,0.0,0.2222222222222222,3,1
21,9,5,1,0,0,3,0,0,0,0,2,0,0,0,0,0,0,0,0,0,0.09523809523809523,0.23809523809523808,3,1
56,15,33,2,0,2,6,0,1,0,0,5,1,0,1,0,0,0,0,0,0,0.08928571428571429,0.21428571428571427,3,0
34,18,8,2,0,0,3,0,0,0,0,0,1,0,1,0,0,0,0,0,0,0.0,0.17647058823529413,3,0
21,6,8,1,0,0,3,0,0,0,0,2,0,0,0,0,0,0,0,0,1,0.09523809523809523,0.23809523809523808,2,1
56,26,22,3,0,0,5,0,0,0,0,1,1,0,1,0,0,0,0,0,0,0.017857142857142856,0.16071428571428573,3,0
39,16,15,2,0,0,4,0,0,0,0,4,1,0,1,0,0,0,0,0,0,0.10256410256410256,0.1794871794871795,3,0
41,22,12,2,1,0,4,0,0,0,0,0,1,0,0,0,0,0,0,0,0,0.0,0.1951219512195122,3,1
56,16,32,2,3,0,5,0,0,0,0,0,1,0,1,0,0,0,0,0,0,0.0,0.19642857142857142,3,0
35,12,15,2,1,0,3,0,0,0,0,0,1,0,1,0,0,0,1,0,0,0.0,0.2,3,0
44,19,6,2,0,0,3,1,1,0,0,3,1,0,1,0,0,0,0,0,0,0.06818181818181818,0.18181818181818182,3,0
37,28,1,3,1,0,3,0,0,0,0,0,2,0,1,0,0,1,0,1,0,0.0,0.21621621621621623,3,1
43,18,6,2,0,0,3,1,1,0,0,3,1,0,1,0,0,0,0,0,0,0.06976744186046512,0.18604651162790697,3,0
39,17,14,2,1,0,4,0,0,0,0,0,1,0,1,0,0,0,0,0,0,0.0,0.20512820512820512,3,0
99,14,78,1,11,0,6,0,0,0,0,10,0,0,0,0,0,0,0,0,0,0.10101010101010101,0.1919191919191919,3,0
52,27,18,2,1,0,5,0,0,0,0,4,1,0,0,0,0,1,0,1,0,0.07692307692307693,0.17307692307692307,3,1
32,16,8,2,0,0,3,0,0,0,0,0,1,0,1,0,0,0,0,0,0,0.0,0.1875,3,0
83,12,64,1,2,0,8,0,0,0,0,8,0,0,0,0,0,0,0,0,0,0.0963855421686747,0.14457831325301204,3,0
122,12,57,8,0,0,4,1,1,0,0,32,0,0,0,0,0,0,0,0,0,0.26229508196721313,0.13934426229508196,3,0
42,12,22,3,0,0,5,0,0,0,0,1,1,0,1,0,0,0,0,0,0,0.023809523809523808,0.21428571428571427,3,0
45,13,25,1,1,0,6,0,0,0,0,0,0,0,0,0,0,0,0,0,0,0.0,0.2,3,1
263,18,32,15,1,0,6,2,6,1,10,62,0,0,0,0,0,0,1,0,0,0.23574144486692014,0.1596958174904943,3,1
30,16,6,2,0,0,3,0,0,0,0,0,1,0,1,0,0,0,1,0,0,0.0,0.2,3,0
44,22,14,2,1,0,4,0,0,0,0,10,1,0,1,0,0,0,0,0,0,0.22727272727272727,0.18181818181818182,3,1
28,11,9,1,0,0,3,0,0,0,0,0,0,0,1,0,0,0,0,0,0,0.0,0.17857142857142858,3,0
36,18,10,2,0,0,6,0,0,0,0,1,1,0,1,0,0,0,0,0,0,0.027777777777777776,0.25,3,0
24,15,1,1,0,0,3,0,0,0,0,0,0,0,1,0,0,0,0,0,0,0.0,0.20833333333333334,3,1
60,15,37,2,4,0,5,0,0,0,0,4,1,0,1,0,0,0,1,1,0,0.06666666666666667,0.2,3,0
121,13,101,1,14,0,4,0,0,0,0,0,0,0,0,0,0,0,0,0,0,0.0,0.1652892561983471,2,0
147,13,127,1,1,0,5,0,0,0,0,43,0,0,0,0,0,1,0,0,0,0.2925170068027211,0.29931972789115646,3,0
38,17,13,4,0,0,3,0,0,0,0,0,1,0,1,0,0,0,0,0,0,0.0,0.21052631578947367,2,1
82,16,17,4,0,0,4,1,2,0,0,4,2,0,1,0,0,0,0,0,0,0.04878048780487805,0.14634146341463414,2,1
33,18,7,2,0,0,3,0,0,0,0,0,1,0,1,0,0,0,0,0,0,0.0,0.18181818181818182,3,0
34,17,9,2,0,0,3,0,0,0,0,0,1,0,1,0,0,0,0,1,0,0.0,0.17647058823529413,3,0
89,10,72,1,9,0,6,0,0,0,0,5,0,0,0,0,0,0,0,0,0,0.056179775280898875,0.19101123595505617,3,0
44,22,14,2,1,0,4,0,0,0,0,0,1,0,1,0,0,0,0,0,0,0.0,0.18181818181818182,3,0
259,15,17,2,1,2,5,1,1,0,0,63,0,0,1,0,0,0,0,0,0,0.24324324324324326,0.05405405405405406,3,1
50,10,32,1,3,0,5,0,0,0,0,0,0,0,1,0,0,0,0,0,0,0.0,0.2,3,0
41,15,18,1,0,0,6,0,0,0,0,0,0,0,1,0,0,0,0,0,0,0.0,0.1951219512195122,3,1
49,13,29,2,2,0,5,0,0,0,0,0,0,0,0,0,0,1,0,0,0,0.0,0.20408163265306123,2,1
27,12,7,1,0,0,3,0,0,0,0,0,0,0,1,0,0,0,0,0,0,0.0,0.18518518518518517,3,0
49,15,27,4,0,0,6,0,0,0,0,1,1,0,0,0,1,0,0,0,0,0.02040816326530612,0.22448979591836735,3,1
57,18,31,2,0,0,3,0,0,0,0,4,1,0,1,0,0,0,0,0,0,0.07017543859649122,0.10526315789473684,3,1
105,25,73,2,1,1,7,0,0,0,0,23,0,0,0,0,0,0,1,0,0,0.21904761904761905,0.11428571428571428,3,1
38,16,15,2,2,0,3,0,0,0,0,2,0,0,0,0,0,1,0,0,0,0.05263157894736842,0.21052631578947367,3,1
31,13,10,1,0,0,6,0,0,0,0,1,0,0,1,0,0,0,0,0,0,0.03225806451612903,0.25806451612903225,3,0
72,15,26,1,0,1,6,1,1,0,0,1,0,0,1,0,0,0,0,0,0,0.013888888888888888,0.1527777777777778,3,1
40,18,15,3,0,0,4,0,0,0,0,0,1,0,0,0,0,0,1,0,0,0.0,0.2,2,1
45,15,22,2,0,1,4,0,0,0,0,0,1,0,1,0,0,0,0,0,0,0.0,0.17777777777777778,3,0
28,13,7,2,0,0,3,0,0,0,0,0,1,0,1,0,0,0,0,0,0,0.0,0.21428571428571427,3,0
234,25,36,4,0,1,6,1,3,0,2,77,1,0,0,0,0,0,1,0,0,0.32905982905982906,0.08547008547008547,3,1
58,13,37,1,4,0,5,0,0,0,0,4,0,0,1,0,0,0,0,0,0,0.06896551724137931,0.1896551724137931,3,0
37,15,14,2,1,0,4,0,0,0,0,0,1,0,1,0,0,0,0,0,0,0.0,0.21621621621621623,3,0
55,14,33,1,0,2,6,0,1,0,0,5,0,0,1,0,0,0,0,1,0,0.09090909090909091,0.2,3,0
263,15,16,5,1,0,4,1,4,1,4,41,0,0,1,0,0,1,0,1,0,0.155893536121673,0.10266159695817491,3,1
32,14,10,2,0,0,6,0,0,0,0,1,1,0,1,0,0,0,0,0,0,0.03125,0.28125,3,0
95,9,79,1,1,0,5,0,0,0,0,29,0,0,0,0,0,0,0,0,0,0.30526315789473685,0.3157894736842105,3,0
57,16,34,4,0,0,6,0,0,0,0,0,1,0,0,0,0,0,0,1,0,0.0,0.19298245614035087,2,1
36,28,1,2,0,0,3,0,0,0,0,3,1,0,0,0,0,0,0,0,0,0.08333333333333333,0.16666666666666666,3,1
41,19,14,2,1,0,4,0,0,0,0,0,1,0,1,0,0,0,0,0,0,0.0,0.1951219512195122,3,0
98,15,38,3,1,1,8,1,1,1,0,3,0,0,0,0,0,0,0,0,0,0.030612244897959183,0.17346938775510204,3,1
63,21,35,5,1,0,3,0,0,0,0,3,1,0,0,0,0,0,1,1,0,0.047619047619047616,0.1746031746031746,4,1
38,8,22,1,0,1,4,0,0,0,0,0,0,0,1,0,0,0,0,0,0,0.0,0.18421052631578946,3,0
52,12,32,1,3,0,5,0,0,0,0,0,0,0,1,0,0,0,0,1,0,0.0,0.19230769230769232,3,0
133,10,66,3,2,0,6,1,3,0,0,32,0,0,0,0,0,0,1,0,0,0.24060150375939848,0.12030075187969924,3,1
65,12,45,1,2,0,10,0,0,0,0,0,0,0,1,0,0,0,0,0,0,0.0,0.2153846153846154,3,1
37,14,15,2,1,0,3,0,0,0,0,0,1,0,1,0,0,0,2,1,0,0.0,0.1891891891891892,3,0
37,30,0,2,0,0,2,0,0,0,0,0,1,0,0,0,0,0,0,0,0,0.0,0.13513513513513514,7,1
97,19,71,3,0,0,9,0,0,0,0,24,1,0,0,0,0,0,1,1,0,0.24742268041237114,0.13402061855670103,2,1
186,20,42,2,7,2,5,1,5,0,4,58,1,0,0,0,0,0,0,0,0,0.3118279569892473,0.16666666666666666,3,1
27,13,6,2,0,0,3,0,0,0,0,0,1,0,1,0,0,0,0,0,0,0.0,0.2222222222222222,3,0
37,19,10,1,0,0,4,0,0,0,0,0,0,0,1,0,0,0,1,1,0,0.0,0.16216216216216217,3,1
42,19,15,2,1,0,3,0,0,0,0,0,1,0,1,0,0,0,1,0,0,0.0,0.16666666666666666,3,0
106,22,77,3,2,0,8,0,0,0,0,16,1,0,0,0,0,0,0,0,0,0.1509433962264151,0.1320754716981132,2,1
211,8,29,2,0,1,5,1,3,0,2,65,0,0,1,0,0,0,1,0,0,0.3080568720379147,0.08056872037914692,2,1
64,12,44,1,2,0,9,0,0,0,0,0,0,0,1,0,0,0,0,0,0,0.0,0.203125,3,1
35,19,8,1,0,0,3,0,0,0,0,0,0,0,1,0,0,0,0,0,0,0.0,0.14285714285714285,3,0
61,21,32,2,3,0,5,0,0,0,0,0,1,0,1,0,0,0,0,0,0,0.0,0.18032786885245902,3,0
30,17,5,2,0,0,3,0,0,0,0,0,1,0,1,0,0,0,0,0,0,0.0,0.2,3,0
37,25,5,2,0,0,4,0,0,0,0,0,1,0,0,0,0,0,0,0,0,0.0,0.1891891891891892,3,1
51,33,10,2,1,0,4,0,0,0,0,3,1,0,1,0,0,1,0,0,0,0.058823529411764705,0.1568627450980392,3,1
60,34,19,3,1,0,5,0,0,0,0,0,2,0,0,0,0,1,1,0,0,0.0,0.16666666666666666,3,1
45,10,27,1,4,0,3,0,0,0,0,4,0,0,1,0,0,0,1,0,0,0.08888888888888889,0.2,2,1
41,22,12,2,0,0,4,0,0,0,0,0,0,0,0,0,0,0,0,0,0,0.0,0.17073170731707318,3,1
56,14,34,3,0,0,7,0,0,0,0,0,1,0,1,0,0,0,0,0,0,0.0,0.19642857142857142,4,1
99,15,76,2,0,1,7,0,0,0,0,5,1,0,1,0,0,0,0,1,0,0.050505050505050504,0.1111111111111111,3,1
27,11,8,1,0,0,3,0,0,0,0,0,0,0,1,0,0,0,0,0,0,0.0,0.18518518518518517,3,0
27,18,1,2,0,0,3,0,0,0,0,0,1,0,1,0,0,0,0,0,0,0.0,0.2222222222222222,3,0
36,22,6,2,0,0,3,0,0,0,0,0,1,0,1,0,0,0,0,1,0,0.0,0.16666666666666666,3,0
58,9,18,3,0,0,4,1,1,1,0,1,0,0,1,0,0,0,0,0,0,0.017241379310344827,0.1896551724137931,2,1
277,27,56,3,1,4,7,1,4,0,3,65,1,0,1,0,0,1,0,0,0,0.23465703971119134,0.11552346570397112,3,1
36,13,15,2,0,0,4,0,0,0,0,4,1,0,1,0,0,0,0,0,0,0.1111111111111111,0.19444444444444445,3,0
81,15,58,1,2,0,6,0,0,0,0,16,0,0,1,0,0,0,1,0,0,0.19753086419753085,0.12345679012345678,3,1
61,16,37,2,4,0,5,0,0,0,0,4,1,0,1,0,0,0,0,0,0,0.06557377049180328,0.19672131147540983,3,0
36,16,12,2,0,0,4,0,0,0,0,0,1,0,1,0,0,0,0,0,0,0.0,0.19444444444444445,3,0
27,13,6,2,0,0,3,0,0,0,0,0,1,0,1,0,0,0,1,0,0,0.0,0.2222222222222222,3,0
44,21,15,2,1,0,3,0,0,0,0,0,1,0,1,0,0,0,1,0,0,0.0,0.1590909090909091,3,0
44,36,0,2,1,0,2,0,0,0,0,3,1,0,1,0,0,1,0,0,0,0.06818181818181818,0.13636363636363635,3,1
43,15,20,2,0,0,5,0,0,0,0,0,1,0,1,0,0,0,0,0,0,0.0,0.18604651162790697,3,0
56,22,26,2,0,0,4,0,0,0,0,0,1,0,1,0,0,0,1,0,0,0.0,0.125,2,1
38,25,6,2,0,0,3,0,0,0,0,8,1,0,0,0,0,0,0,0,0,0.21052631578947367,0.15789473684210525,2,1
23,14,1,2,0,0,3,0,0,0,0,0,1,0,1,0,0,0,0,0,0,0.0,0.2608695652173913,3,0
241,12,56,2,1,1,7,1,3,0,2,64,0,0,0,0,0,0,2,0,0,0.26556016597510373,0.08298755186721991,3,1
287,30,63,3,1,5,7,1,4,0,3,66,1,0,1,0,0,1,0,0,0,0.22996515679442509,0.11498257839721254,3,1
68,31,30,4,1,0,5,0,0,0,0,0,2,0,0,0,0,1,0,1,0,0.0,0.16176470588235295,3,1
138,13,118,1,18,0,5,0,0,0,0,1,0,0,0,0,0,0,0,0,0,0.007246376811594203,0.18115942028985507,3,0
59,29,22,2,1,0,6,0,0,0,0,0,1,0,1,0,0,0,0,0,0,0.0,0.1694915254237288,4,1
42,19,15,2,0,0,4,0,0,0,0,4,1,0,1,0,0,0,0,0,0,0.09523809523809523,0.16666666666666666,3,0
23,15,1,1,0,0,3,0,0,0,0,0,0,0,0,0,0,0,0,0,0,0.0,0.21739130434782608,3,1
47,7,32,1,0,0,4,0,0,0,0,4,0,0,1,0,0,0,0,0,0,0.0851063829787234,0.14893617021276595,2,1
124,18,22,2,7,0,5,1,2,0,2,24,0,0,1,0,0,0,0,0,0,0.1935483870967742,0.16129032258064516,3,1
39,14,6,2,0,0,3,1,1,0,0,3,1,0,1,0,0,0,0,0,0,0.07692307692307693,0.20512820512820512,3,0
20,11,1,1,0,0,3,0,0,0,0,0,0,0,1,0,0,0,0,0,0,0.0,0.25,3,0
33,12,13,1,0,0,6,0,0,0,0,0,0,0,1,0,0,0,0,0,0,0.0,0.24242424242424243,3,1
86,18,60,3,3,0,9,0,0,0,0,0,2,0,1,0,0,0,0,1,0,0.0,0.18604651162790697,2,1
58,17,33,2,0,2,6,0,1,0,0,5,1,0,1,0,0,0,0,0,0,0.08620689655172414,0.20689655172413793,3,0
18,4,6,1,1,0,3,0,0,0,0,0,0,0,1,0,0,0,0,0,0,0.0,0.3333333333333333,2,1
50,9,33,1,0,2,6,0,1,0,0,5,0,0,1,0,0,0,0,1,0,0.1,0.22,3,0
21,12,1,1,0,0,3,0,0,0,0,0,0,0,1,0,0,0,0,0,0,0.0,0.23809523809523808,3,1
66,21,37,2,4,0,5,0,0,0,0,4,1,0,1,0,0,0,0,1,0,0.06060606060606061,0.18181818181818182,3,0
28,6,15,1,2,0,3,0,0,0,0,12,0,0,0,0,0,0,0,0,0,0.42857142857142855,0.25,2,1
40,18,14,2,1,0,4,0,0,0,0,0,1,0,1,0,0,0,0,0,0,0.0,0.2,3,0
30,17,5,2,0,0,3,0,0,0,0,0,1,0,1,0,0,0,0,0,0,0.0,0.2,3,0
41,11,22,1,0,1,4,0,0,0,0,0,0,0,1,0,0,0,0,0,0,0.0,0.17073170731707318,3,0
134,26,68,5,0,2,12,1,2,0,1,0,2,0,1,0,0,0,2,0,0,0.0,0.1865671641791045,4,1
185,21,84,1,2,2,11,1,3,0,1,29,0,0,1,0,0,0,1,0,0,0.15675675675675677,0.12972972972972974,3,1
32,23,1,1,3,0,3,0,0,0,0,1,0,0,1,0,0,1,1,0,0,0.03125,0.25,3,1
59,26,15,1,0,0,4,1,1,0,0,1,0,0,0,0,0,0,0,0,0,0.01694915254237288,0.13559322033898305,3,1
136,13,10,2,0,3,4,1,4,0,3,24,0,0,0,0,0,0,0,0,0,0.17647058823529413,0.2867647058823529,3,0
45,21,16,2,0,0,5,0,0,0,0,3,1,0,1,0,0,0,0,0,0,0.06666666666666667,0.17777777777777778,3,1
107,18,63,2,1,2,10,1,1,0,0,5,0,0,0,0,0,0,0,0,0,0.04672897196261682,0.16822429906542055,3,1
97,19,71,3,0,0,9,0,0,0,0,20,1,0,0,0,0,0,1,1,0,0.20618556701030927,0.13402061855670103,2,1
35,9,19,1,0,0,6,0,0,0,0,0,0,0,0,0,0,0,0,0,0,0.0,0.22857142857142856,2,1
32,19,5,2,0,0,3,0,0,0,0,0,1,0,1,0,0,0,0,0,0,0.0,0.1875,3,0
34,21,5,2,0,0,3,0,0,0,0,0,1,0,1,0,0,0,0,0,0,0.0,0.17647058823529413,3,1
39,28,4,1,2,0,4,0,0,0,0,0,0,0,0,0,0,1,0,0,0,0.0,0.20512820512820512,2,1
66,21,37,2,4,0,5,0,0,0,0,4,1,0,1,0,0,0,0,0,0,0.06060606060606061,0.18181818181818182,3,0
22,8,6,1,0,0,3,0,0,0,0,0,0,0,1,0,0,0,0,0,0,0.0,0.22727272727272727,3,0
97,21,29,6,1,0,5,1,1,1,0,0,2,0,0,0,0,0,0,0,0,0.0,0.16494845360824742,2,1
30,12,10,2,0,0,6,0,0,0,0,1,1,0,1,0,0,0,0,0,0,0.03333333333333333,0.3,3,0
139,25,85,2,2,2,12,1,2,0,1,5,1,0,0,0,0,0,1,0,0,0.03597122302158273,0.17266187050359713,3,1
38,25,5,2,0,0,3,0,0,0,0,0,1,0,1,0,0,0,0,0,0,0.0,0.15789473684210525,3,0
55,15,32,2,3,0,5,0,0,0,0,0,1,0,1,0,0,0,0,0,0,0.0,0.2,3,0
33,19,6,2,0,0,3,0,0,0,0,0,1,0,1,0,0,0,0,0,0,0.0,0.18181818181818182,3,0
28,14,6,2,0,0,3,0,0,0,0,0,1,0,1,0,0,0,0,0,0,0.0,0.21428571428571427,3,0
44,19,6,2,0,0,3,1,1,0,0,3,1,0,1,0,0,0,0,0,0,0.06818181818181818,0.18181818181818182,3,0
222,13,176,11,0,8,11,1,1,1,0,0,0,0,1,0,0,0,0,0,0,0.0,0.15315315315315314,3,1
47,17,22,3,0,0,5,0,0,0,0,1,1,0,1,0,0,0,0,0,0,0.02127659574468085,0.19148936170212766,3,0
41,22,12,1,1,0,3,0,0,0,0,0,0,0,0,0,0,1,0,0,0,0.0,0.14634146341463414,3,1
145,15,15,2,2,0,6,1,3,0,1,4,0,0,1,0,0,0,0,1,0,0.027586206896551724,0.11724137931034483,3,1
76,14,54,1,3,0,9,0,0,0,0,0,0,0,1,0,0,1,2,0,0,0.0,0.18421052631578946,2,1
79,12,30,3,0,0,5,1,1,1,0,4,0,0,1,0,0,0,0,0,0,0.05063291139240506,0.1518987341772152,2,1
35,12,15,2,0,0,4,0,0,0,0,4,1,0,1,0,0,0,1,0,0,0.11428571428571428,0.2,3,0
49,22,19,1,2,0,5,0,0,0,0,0,0,0,1,0,0,1,0,0,0,0.0,0.1836734693877551,3,1
39,14,6,2,0,0,3,1,1,0,0,3,1,0,1,0,0,0,0,1,0,0.07692307692307693,0.20512820512820512,3,0
167,22,22,1,11,0,5,1,2,0,2,25,0,0,1,0,0,1,0,0,0,0.1497005988023952,0.1497005988023952,3,1
85,12,66,1,7,0,5,0,0,0,0,7,0,0,0,0,0,0,0,0,0,0.08235294117647059,0.16470588235294117,3,0
48,18,23,1,1,0,4,0,0,0,0,2,0,0,0,0,0,1,0,0,0,0.041666666666666664,0.14583333333333334,3,1
101,11,83,2,9,0,7,0,0,0,0,15,1,0,0,0,0,0,0,0,0,0.1485148514851485,0.18811881188118812,2,0
63,12,44,2,0,0,7,0,0,0,0,0,0,0,0,0,0,0,0,0,0,0.0,0.15873015873015872,3,1
252,14,65,2,2,1,8,1,3,0,2,64,0,0,0,0,0,0,1,0,0,0.25396825396825395,0.0873015873015873,3,1
31,22,1,1,0,0,3,0,0,0,0,0,0,0,1,0,0,0,0,0,0,0.0,0.16129032258064516,3,1
113,24,81,1,1,0,5,0,0,0,0,12,0,0,1,0,0,1,0,0,0,0.10619469026548672,0.07079646017699115,2,1
58,18,32,2,3,0,5,0,0,0,0,0,1,0,1,0,0,0,0,0,0,0.0,0.1896551724137931,3,0
56,48,1,1,5,0,3,0,0,0,0,0,0,0,0,0,0,1,2,1,0,0.0,0.17857142857142858,3,1
27,14,5,2,0,0,3,0,0,0,0,0,1,0,1,0,0,0,0,0,0,0.0,0.2222222222222222,3,0
72,22,43,1,1,0,7,0,0,0,0,3,0,0,0,0,0,0,3,1,0,0.041666666666666664,0.1388888888888889,3,1
111,13,91,2,0,8,5,0,0,0,0,6,1,0,0,0,0,0,0,0,0,0.05405405405405406,0.14414414414414414,2,0
38,15,15,2,0,0,4,0,0,0,0,4,1,0,1,0,0,0,0,0,0,0.10526315789473684,0.18421052631578946,3,0
324,33,58,3,5,4,7,1,5,0,4,92,1,0,1,0,0,1,0,0,0,0.2839506172839506,0.11419753086419752,3,1
121,13,28,2,0,1,4,1,2,0,1,13,0,0,0,0,0,0,0,0,0,0.10743801652892562,0.2231404958677686,3,0
36,27,1,2,0,0,3,0,0,0,0,0,1,0,1,0,0,0,0,0,0,0.0,0.16666666666666666,3,1
27,13,6,2,0,0,3,0,0,0,0,0,1,0,1,0,0,0,0,0,0,0.0,0.2222222222222222,3,0
80,16,56,1,0,0,6,0,0,0,0,23,0,0,1,0,0,0,0,0,0,0.2875,0.1,3,1
28,15,5,2,0,0,3,0,0,0,0,0,1,0,1,0,0,0,0,0,0,0.0,0.21428571428571427,3,0
44,21,15,2,0,0,4,0,0,0,0,4,1,0,1,0,0,0,0,0,0,0.09090909090909091,0.1590909090909091,3,0
30,14,8,2,0,0,3,0,0,0,0,0,1,0,1,0,0,0,0,0,0,0.0,0.2,3,0
22,14,1,2,0,0,3,0,0,0,0,0,1,0,0,0,0,0,0,0,0,0.0,0.2727272727272727,3,1
296,32,72,3,1,4,7,1,4,0,3,67,1,0,1,0,0,1,0,0,0,0.22635135135135134,0.10472972972972973,3,1
115,16,72,4,0,0,12,1,1,0,0,5,1,0,0,0,0,0,0,0,0,0.043478260869565216,0.16521739130434782,3,1
119,17,68,6,1,2,8,1,1,1,0,8,2,0,0,0,0,0,0,0,0,0.06722689075630252,0.17647058823529413,2,1
31,22,1,2,0,0,3,0,0,0,0,2,1,0,1,0,0,0,0,0,0,0.06451612903225806,0.1935483870967742,3,1
74,18,49,2,1,0,9,0,0,0,0,0,0,0,0,0,0,0,1,1,0,0.0,0.17567567567567569,3,1
31,17,6,2,0,0,3,0,0,0,0,0,1,0,1,0,0,0,0,0,0,0.0,0.1935483870967742,3,0
29,16,5,2,0,0,3,0,0,0,0,0,1,0,1,0,0,0,0,0,0,0.0,0.20689655172413793,3,0
30,14,9,2,1,0,3,0,0,0,0,0,0,0,0,0,0,1,0,0,0,0.0,0.23333333333333334,3,1
27,12,7,2,0,0,3,0,0,0,0,0,1,0,1,0,0,0,0,0,0,0.0,0.2222222222222222,3,0
31,18,5,2,0,0,3,0,0,0,0,0,1,0,1,0,0,0,0,0,0,0.0,0.1935483870967742,3,0
30,14,9,1,1,0,4,0,0,0,0,0,0,0,0,0,0,1,0,0,0,0.0,0.23333333333333334,3,1
67,17,43,5,1,0,4,0,0,0,0,0,0,0,0,0,0,0,2,1,0,0.0,0.16417910447761194,3,1
31,14,9,2,0,0,3,0,0,0,0,0,1,0,1,0,0,0,0,0,0,0.0,0.1935483870967742,3,0
19,11,1,3,0,0,3,0,0,0,0,8,2,1,0,0,0,0,0,0,0,0.42105263157894735,0.3684210526315789,3,1
39,31,1,3,1,0,3,0,0,0,0,0,2,0,0,0,0,1,0,0,0,0.0,0.20512820512820512,3,1
17,6,4,1,0,0,3,0,0,0,0,1,0,0,0,0,0,0,0,0,0,0.058823529411764705,0.29411764705882354,2,1
29,15,6,2,0,0,3,0,0,0,0,0,1,0,1,0,0,0,1,0,0,0.0,0.20689655172413793,3,0
32,25,0,2,4,0,2,0,0,0,0,0,1,0,0,0,0,1,0,0,0,0.0,0.28125,3,1
39,11,20,2,0,0,5,0,0,0,0,0,1,0,1,0,0,0,0,0,0,0.0,0.20512820512820512,3,0
113,52,53,2,6,1,6,0,0,0,0,9,1,0,1,0,0,1,3,0,0,0.07964601769911504,0.1415929203539823,3,1
96,13,7,2,1,0,8,1,2,0,1,0,0,0,1,0,0,0,0,0,0,0.0,0.17708333333333334,3,0
21,8,5,1,0,0,3,0,0,0,0,0,0,0,1,0,0,0,0,0,0,0.0,0.23809523809523808,3,0
25,17,0,2,0,0,2,0,0,0,0,0,1,0,1,0,0,0,0,0,0,0.0,0.2,3,0
57,16,33,2,0,2,6,0,1,0,0,5,1,0,1,0,0,0,0,0,0,0.08771929824561403,0.21052631578947367,3,0
39,14,6,2,0,0,3,1,1,0,0,3,1,0,1,0,0,0,0,0,0,0.07692307692307693,0.20512820512820512,3,0
36,20,8,1,1,0,3,0,0,0,0,4,0,0,1,0,0,1,0,0,0,0.1111111111111111,0.16666666666666666,3,1
35,20,8,2,0,0,4,0,0,0,0,0,1,0,0,0,0,0,1,0,0,0.0,0.2,3,1
36,13,15,2,0,0,4,0,0,0,0,4,1,0,1,0,0,0,0,0,0,0.1111111111111111,0.19444444444444445,3,0
17,8,1,1,0,0,3,0,0,0,0,0,0,0,1,0,0,0,0,0,0,0.0,0.29411764705882354,2,1
29,12,9,2,0,0,3,0,0,0,0,0,1,0,1,0,0,0,0,0,0,0.0,0.20689655172413793,3,0
23,15,0,2,0,0,2,0,0,0,0,0,1,0,1,0,0,0,0,0,0,0.0,0.21739130434782608,3,0
34,14,12,2,0,0,4,0,0,0,0,0,1,0,1,0,0,0,0,0,0,0.0,0.20588235294117646,3,0
43,18,6,2,0,0,3,1,1,0,0,3,1,0,1,0,0,0,0,0,0,0.06976744186046512,0.18604651162790697,3,0
42,19,15,2,1,0,3,0,0,0,0,0,1,0,1,0,0,0,1,0,0,0.0,0.16666666666666666,3,0
42,18,17,2,1,0,5,0,0,0,0,0,1,0,0,0,0,0,0,0,0,0.0,0.21428571428571427,4,1
130,12,57,8,0,0,4,1,1,0,0,29,0,0,0,0,0,0,0,0,0,0.2230769230769231,0.13076923076923078,3,0
53,13,32,1,3,0,5,0,0,0,0,0,0,0,1,0,0,0,0,0,0,0.0,0.18867924528301888,3,0
30,17,5,2,0,0,3,0,0,0,0,0,1,0,1,0,0,0,0,0,0,0.0,0.2,3,0
49,19,23,2,0,0,6,0,0,0,0,10,1,0,0,0,0,0,1,0,0,0.20408163265306123,0.1836734693877551,3,1
33,17,8,2,0,0,3,0,0,0,0,0,1,0,1,0,0,0,0,0,0,0.0,0.18181818181818182,3,0
44,22,14,2,1,0,4,0,0,0,0,0,1,0,1,0,0,0,0,0,0,0.0,0.18181818181818182,3,0
78,32,38,2,4,0,4,0,0,0,0,24,1,0,1,0,0,1,0,0,0,0.3076923076923077,0.14102564102564102,2,1
29,15,6,2,0,0,3,0,0,0,0,0,1,0,1,0,0,0,1,0,0,0.0,0.20689655172413793,3,0
126,11,82,3,3,1,12,1,1,0,1,0,1,0,1,0,0,0,1,0,0,0.0,0.19047619047619047,2,1
179,12,57,17,0,0,4,1,1,0,0,29,0,0,0,0,0,0,0,0,0,0.16201117318435754,0.1452513966480447,3,0
35,17,10,2,0,0,6,0,0,0,0,1,1,0,1,0,0,0,0,0,0,0.02857142857142857,0.2571428571428571,2,0
24,9,7,1,0,0,3,0,0,0,0,0,0,0,1,0,0,0,0,1,0,0.0,0.20833333333333334,3,0
26,18,0,1,1,0,2,0,0,0,0,0,0,0,1,0,0,1,1,0,0,0.0,0.19230769230769232,6,1
105,29,68,2,1,0,10,0,0,0,0,12,0,0,1,0,0,0,0,0,0,0.11428571428571428,0.13333333333333333,3,1
93,14,72,2,0,0,7,0,0,0,0,21,1,0,0,0,0,0,1,0,0,0.22580645161290322,0.10752688172043011,2,1
183,37,138,2,17,0,8,0,0,0,0,41,1,0,1,0,0,1,0,1,0,0.22404371584699453,0.15300546448087432,3,1
40,17,15,2,1,0,3,0,0,0,0,0,1,0,1,0,0,0,1,0,0,0.0,0.175,3,0
44,28,9,2,0,0,4,0,0,0,0,0,1,0,0,0,0,0,0,0,0,0.0,0.1590909090909091,3,1
22,13,1,2,0,0,3,0,0,0,0,1,1,0,1,0,0,0,0,0,0,0.045454545454545456,0.2727272727272727,3,1
34,19,7,2,0,0,3,0,0,0,0,0,1,0,1,0,0,0,0,0,0,0.0,0.17647058823529413,3,0
105,22,44,3,1,1,8,1,2,0,1,3,0,0,0,0,0,0,3,1,0,0.02857142857142857,0.18095238095238095,3,1
110,16,75,2,1,2,11,1,1,0,0,1,1,0,0,0,0,0,0,0,0,0.00909090909090909,0.17272727272727273,2,1
132,29,86,2,1,3,7,1,1,0,0,4,1,0,1,0,0,1,0,0,0,0.030303030303030304,0.13636363636363635,3,1
72,22,42,1,1,0,7,0,0,0,0,4,0,0,1,0,0,0,0,0,0,0.05555555555555555,0.1388888888888889,3,1
75,9,26,3,1,0,5,1,2,1,1,1,0,0,0,0,0,0,1,0,0,0.013333333333333334,0.21333333333333335,2,1
29,15,6,2,0,0,3,0,0,0,0,0,1,0,1,0,0,0,0,0,0,0.0,0.20689655172413793,3,0
60,16,36,2,0,0,5,0,0,0,0,3,1,0,1,0,0,0,0,1,0,0.05,0.13333333333333333,3,1
26,12,6,2,0,0,3,0,0,0,0,0,1,0,1,0,0,0,0,1,0,0.0,0.23076923076923078,3,0
91,24,59,3,1,0,10,0,0,0,0,0,1,0,1,0,1,0,0,0,0,0.0,0.16483516483516483,2,1
74,18,20,2,0,0,4,1,1,0,0,5,0,0,1,0,0,0,0,1,0,0.06756756756756757,0.12162162162162163,3,1
28,14,6,2,0,0,3,0,0,0,0,0,1,0,1,0,0,0,1,0,0,0.0,0.21428571428571427,3,0
34,20,6,2,0,0,3,0,0,0,0,0,1,0,1,0,0,0,0,0,0,0.0,0.17647058823529413,3,0
33,18,7,3,0,0,3,0,0,0,0,0,2,0,1,0,0,0,0,1,0,0.0,0.21212121212121213,3,0
56,34,15,2,0,0,4,0,0,0,0,0,0,0,0,0,0,0,0,1,0,0.0,0.125,3,1
59,20,32,1,1,0,7,0,0,0,0,6,0,0,0,0,0,0,0,0,0,0.1016949152542373,0.1694915254237288,3,1
72,22,43,1,1,0,7,0,0,0,0,3,0,0,0,0,0,0,3,1,0,0.041666666666666664,0.1388888888888889,3,1
35,17,10,2,0,0,6,0,0,0,0,1,1,0,1,0,0,0,0,0,0,0.02857142857142857,0.2571428571428571,3,0
38,15,15,2,0,0,4,0,0,0,0,4,1,0,1,0,0,0,0,0,0,0.10526315789473684,0.18421052631578946,3,0
41,30,4,2,0,0,3,0,0,0,0,0,1,0,0,0,0,0,0,0,0,0.0,0.14634146341463414,2,1
37,19,10,2,0,0,6,0,0,0,0,1,1,0,1,0,0,0,0,0,0,0.02702702702702703,0.24324324324324326,3,0
38,15,15,2,0,0,4,0,0,0,0,4,1,0,1,0,0,0,0,0,0,0.10526315789473684,0.18421052631578946,3,0
132,26,88,2,2,4,8,1,1,0,0,8,1,0,1,0,0,1,0,0,0,0.06060606060606061,0.1590909090909091,3,1
30,11,12,2,0,0,3,0,0,0,0,0,1,0,0,0,0,0,0,0,0,0.0,0.2,2,1
85,21,56,1,0,0,7,0,0,0,0,25,0,0,1,0,0,0,0,0,0,0.29411764705882354,0.10588235294117647,3,1
36,25,4,2,0,0,3,0,0,0,0,8,1,0,0,0,0,0,0,0,0,0.2222222222222222,0.16666666666666666,2,1
21,8,5,1,0,0,3,0,0,0,0,1,0,0,1,0,0,0,0,0,0,0.047619047619047616,0.23809523809523808,4,1
107,17,83,1,10,0,7,0,0,0,0,8,0,0,0,0,0,0,0,0,0,0.07476635514018691,0.17757009345794392,3,0
473,27,63,3,13,3,7,1,5,0,4,98,1,0,0,0,0,1,1,0,0,0.20718816067653276,0.09090909090909091,3,1
81,15,58,1,0,0,7,0,0,0,0,24,0,0,1,0,0,0,0,0,0,0.2962962962962963,0.1111111111111111,3,1
58,42,8,2,0,0,4,0,0,0,0,0,1,0,1,0,0,0,1,0,0,0.0,0.13793103448275862,2,1
57,49,1,5,2,0,3,0,0,0,0,0,4,0,0,0,0,1,0,1,0,0.0,0.19298245614035087,3,1
172,11,89,2,0,1,9,1,0,0,0,34,0,0,0,0,0,0,0,0,0,0.19767441860465115,0.08139534883720931,3,1
55,16,31,2,0,0,5,0,0,0,0,9,1,0,1,0,0,0,0,1,0,0.16363636363636364,0.14545454545454545,3,1
43,20,15,2,1,0,3,0,0,0,0,0,1,0,1,0,0,0,1,0,0,0.0,0.16279069767441862,3,0
34,19,7,2,0,0,3,0,0,0,0,0,1,0,1,0,0,0,0,0,0,0.0,0.17647058823529413,3,0
40,15,6,2,0,0,3,1,1,0,0,3,1,0,1,0,0,0,0,0,0,0.075,0.2,3,0
46,18,21,1,0,0,5,0,0,0,0,0,0,0,0,0,0,0,0,1,0,0.0,0.15217391304347827,2,1
29,15,6,2,0,0,3,0,0,0,0,0,1,0,1,0,0,0,1,0,0,0.0,0.20689655172413793,3,0
28,20,1,2,0,0,3,0,0,0,0,0,1,0,0,0,0,0,0,0,0,0.0,0.21428571428571427,2,1
66,7,30,3,1,0,8,1,1,0,0,6,0,0,0,0,0,1,0,0,0,0.09090909090909091,0.22727272727272727,2,1
49,18,24,1,0,0,5,0,0,0,0,0,0,0,0,0,0,0,0,0,0,0.0,0.14285714285714285,2,1
38,15,15,2,0,0,4,0,0,0,0,4,1,0,1,0,0,0,0,0,0,0.10526315789473684,0.18421052631578946,3,0
34,11,15,2,0,0,4,0,0,0,0,4,1,0,1,0,0,0,0,0,0,0.11764705882352941,0.20588235294117646,3,0
39,11,20,2,0,0,5,0,0,0,0,0,1,0,1,0,0,0,0,0,0,0.0,0.20512820512820512,3,0
63,10,45,1,0,0,5,0,0,0,0,23,0,0,1,0,0,0,0,0,0,0.36507936507936506,0.1111111111111111,2,1
30,16,6,2,0,0,3,0,0,0,0,0,1,0,1,0,0,0,0,0,0,0.0,0.2,3,0
45,15,22,3,0,0,5,0,0,0,0,1,1,0,1,0,0,0,0,0,0,0.022222222222222223,0.2,3,0
262,20,18,2,0,0,5,1,2,0,1,37,0,0,0,0,0,0,0,1,0,0.14122137404580154,0.04961832061068702,5,1
38,18,12,2,0,0,4,0,0,0,0,0,1,0,1,0,0,0,0,0,0,0.0,0.18421052631578946,3,0
171,17,35,1,2,0,9,1,3,0,2,43,0,0,0,0,0,0,1,0,0,0.25146198830409355,0.12280701754385964,3,1
261,27,58,3,1,4,7,1,3,0,2,65,1,0,1,0,0,1,0,0,0,0.24904214559386972,0.11494252873563218,3,1
92,19,46,2,2,1,7,1,1,0,0,4,0,0,0,0,0,1,1,0,0,0.043478260869565216,0.16304347826086957,2,1
93,14,44,3,0,0,6,1,1,1,0,0,0,0,1,0,0,0,0,0,0,0.0,0.13978494623655913,3,1
56,15,33,2,0,2,6,0,1,0,0,5,1,0,1,0,0,0,0,0,0,0.08928571428571429,0.21428571428571427,3,0
47,17,22,2,0,1,4,0,0,0,0,0,1,0,1,0,0,0,0,1,0,0.0,0.1702127659574468,3,0
36,16,12,2,0,0,4,0,0,0,0,0,1,0,1,0,0,0,0,0,0,0.0,0.19444444444444445,3,0
28,20,1,1,2,0,3,0,0,0,0,0,0,0,0,0,0,1,0,0,0,0.0,0.25,2,1
139,26,67,4,2,3,6,1,1,0,0,7,1,0,1,0,0,1,0,0,0,0.050359712230215826,0.1510791366906475,3,1
40,18,14,2,1,0,4,0,0,0,0,0,1,0,1,0,0,0,0,0,0,0.0,0.2,3,0
527,17,10,2,0,0,4,0,1,0,0,44,1,0,0,0,0,0,0,0,0,0.08349146110056926,0.017077798861480076,2,1
45,17,21,2,1,0,6,0,0,0,0,0,1,0,0,0,0,0,1,0,0,0.0,0.2222222222222222,2,1
68,16,45,2,0,2,5,0,0,0,0,0,0,0,0,0,0,0,0,0,0,0.0,0.14705882352941177,2,1
71,47,17,4,1,0,4,0,0,0,0,0,3,0,0,0,0,0,0,0,0,0.0,0.14084507042253522,3,1
20,11,1,1,0,0,3,0,0,0,0,0,0,0,1,0,0,0,0,0,0,0.0,0.25,3,1
87,13,67,1,0,1,7,0,0,0,0,19,0,0,0,0,0,0,0,0,0,0.21839080459770116,0.11494252873563218,3,0
56,19,29,2,0,0,6,0,0,0,0,5,0,0,1,0,0,0,1,0,0,0.08928571428571429,0.16071428571428573,2,1
25,16,1,1,1,0,3,0,0,0,0,0,0,0,1,0,0,1,0,0,0,0.0,0.24,3,1
34,26,1,2,1,0,3,0,0,0,0,0,1,0,0,0,0,1,0,2,0,0.0,0.20588235294117646,2,1
24,15,1,1,0,0,3,0,0,0,0,0,0,0,1,0,0,0,0,0,0,0.0,0.20833333333333334,3,0
40,20,12,2,0,0,4,0,0,0,0,0,1,0,1,0,0,0,0,0,0,0.0,0.175,3,0
41,11,22,2,0,1,4,0,0,0,0,0,1,0,1,0,0,0,0,0,0,0.0,0.1951219512195122,2,0
76,9,60,2,1,1,9,0,0,0,0,0,0,0,0,0,0,0,1,0,0,0.0,0.18421052631578946,3,1
123,15,15,2,2,0,6,1,6,0,1,2,0,0,0,0,0,0,0,1,0,0.016260162601626018,0.16260162601626016,3,1
108,15,15,2,2,0,6,1,2,0,0,4,0,0,1,0,0,0,0,1,0,0.037037037037037035,0.12962962962962962,3,1
38,31,0,2,1,0,2,0,0,0,0,0,1,0,0,0,0,1,0,0,0,0.0,0.15789473684210525,7,1
34,11,15,2,1,0,3,0,0,0,0,0,1,0,1,0,0,0,1,0,0,0.0,0.20588235294117646,2,0
130,8,46,4,4,3,6,1,1,1,1,1,0,0,1,0,0,0,0,0,0,0.007692307692307693,0.18461538461538463,2,1
91,19,44,3,1,0,8,1,1,0,0,12,1,0,0,0,0,0,1,1,0,0.13186813186813187,0.16483516483516483,3,1
49,9,32,1,3,0,5,0,0,0,0,0,0,0,1,0,0,0,0,0,0,0.0,0.20408163265306123,3,0
36,13,15,2,0,0,4,0,0,0,0,4,1,0,1,0,0,0,0,0,0,0.1111111111111111,0.19444444444444445,3,0
54,13,33,1,0,2,6,0,1,0,0,5,0,0,1,0,0,0,0,0,0,0.09259259259259259,0.2037037037037037,3,0
56,20,29,2,1,0,4,0,0,0,0,10,1,0,0,0,0,0,0,0,0,0.17857142857142858,0.16071428571428573,2,1
28,14,6,2,0,0,3,0,0,0,0,0,1,0,1,0,0,0,1,0,0,0.0,0.21428571428571427,3,0
42,12,22,3,0,0,5,0,0,0,0,1,1,0,1,0,0,0,0,0,0,0.023809523809523808,0.21428571428571427,3,0
58,17,33,2,0,2,6,0,1,0,0,5,1,0,1,0,0,0,0,1,0,0.08620689655172414,0.20689655172413793,3,0
23,7,8,1,0,0,3,0,0,0,0,0,0,0,1,0,0,0,0,0,0,0.0,0.21739130434782608,2,1
39,17,14,2,1,0,4,0,0,0,0,0,1,0,1,0,0,0,0,1,0,0.0,0.20512820512820512,3,0
50,22,20,2,0,0,5,0,0,0,0,0,1,0,1,0,0,0,0,0,0,0.0,0.16,3,0
33,15,10,2,0,0,6,0,0,0,0,1,1,0,1,0,0,0,0,1,0,0.030303030303030304,0.2727272727272727,3,0
102,15,80,1,12,0,7,0,0,0,0,9,0,0,0,0,0,0,0,0,0,0.08823529411764706,0.20588235294117646,3,0
54,13,33,2,0,2,6,0,1,0,0,5,1,0,1,0,0,0,1,0,0,0.09259259259259259,0.2222222222222222,3,0
102,15,80,1,4,2,6,0,0,0,0,8,0,0,0,0,0,0,0,0,0,0.0784313725490196,0.13725490196078433,3,0
80,36,37,4,2,0,6,0,0,0,0,3,1,0,0,0,0,1,1,2,0,0.0375,0.1625,3,1
84,18,23,5,1,0,4,1,1,1,0,0,2,0,0,0,0,0,0,0,0,0.0,0.16666666666666666,2,1
51,16,28,3,0,0,6,0,0,0,0,0,1,0,0,0,0,0,0,0,0,0.0,0.19607843137254902,3,1
47,17,22,2,0,1,4,0,0,0,0,0,1,0,1,0,0,0,0,1,0,0.0,0.1702127659574468,3,0
35,15,12,2,0,0,4,0,0,0,0,0,1,0,1,0,0,0,0,1,0,0.0,0.2,3,0
92,16,69,2,1,1,10,0,0,0,0,5,1,0,0,0,0,0,2,0,0,0.05434782608695652,0.16304347826086957,2,1
87,15,65,1,0,0,12,0,0,0,0,20,0,0,0,0,0,0,0,0,0,0.22988505747126436,0.16091954022988506,3,0
20,9,4,1,0,0,3,0,0,0,0,3,0,0,0,0,0,0,0,0,0,0.15,0.25,3,1
44,36,1,2,0,0,3,0,0,0,0,3,1,0,0,0,0,0,0,0,0,0.06818181818181818,0.13636363636363635,3,1
56,11,37,2,4,0,5,0,0,0,0,4,1,0,1,0,0,0,0,0,0,0.07142857142857142,0.21428571428571427,3,0
25,17,1,1,0,0,3,0,0,0,0,0,0,0,0,0,0,0,0,0,0,0.0,0.2,3,1
27,18,1,2,0,0,3,0,0,0,0,0,1,0,1,0,0,0,0,0,0,0.0,0.2222222222222222,2,1
28,21,0,2,0,0,2,0,0,0,0,0,1,0,0,0,0,0,0,0,0,0.0,0.17857142857142858,4,1
42,21,13,2,0,0,4,0,0,0,0,0,1,0,1,0,0,0,0,0,0,0.0,0.16666666666666666,2,1
40,12,20,2,0,0,5,0,0,0,0,0,1,0,1,0,0,0,0,0,0,0.0,0.2,2,0
56,11,37,2,4,0,5,0,0,0,0,4,1,0,1,0,0,0,0,0,0,0.07142857142857142,0.21428571428571427,2,0
54,13,34,3,1,0,6,0,0,0,0,0,0,0,0,0,0,0,0,0,0,0.0,0.2037037037037037,2,1
113,15,76,2,0,3,7,1,1,0,0,8,1,0,1,0,0,0,0,1,0,0.07079646017699115,0.13274336283185842,3,1
26,17,1,2,0,0,3,0,0,0,0,0,1,0,1,0,0,0,0,0,0,0.0,0.23076923076923078,3,1
40,15,6,2,0,0,3,1,1,0,0,3,1,0,1,0,0,0,0,0,0,0.075,0.2,3,0
56,29,20,2,3,1,3,0,0,0,0,11,0,0,0,0,0,1,2,0,0,0.19642857142857142,0.17857142857142858,2,1
52,21,24,2,0,0,5,0,0,0,0,0,0,0,0,0,0,0,0,0,0,0.0,0.15384615384615385,3,1
133,30,38,5,4,0,7,1,2,0,1,21,1,0,1,0,0,0,0,1,0,0.15789473684210525,0.16541353383458646,3,1
106,17,8,3,0,0,3,1,6,0,5,32,1,0,0,0,0,0,0,0,0,0.3018867924528302,0.1792452830188679,3,1
35,18,9,2,0,0,3,0,0,0,0,0,1,0,1,0,0,0,0,1,0,0.0,0.17142857142857143,3,0
36,19,9,2,0,0,3,0,0,0,0,0,1,0,1,0,0,0,0,0,0,0.0,0.16666666666666666,3,0
39,12,20,4,0,0,5,0,0,0,0,9,2,1,0,0,0,0,0,0,0,0.23076923076923078,0.2564102564102564,1,1
32,19,6,1,0,0,3,0,0,0,0,0,0,0,0,0,0,0,0,0,0,0.0,0.15625,3,1
27,19,0,2,0,0,2,0,0,0,0,0,1,0,1,0,0,0,0,0,0,0.0,0.18518518518518517,3,0
28,14,6,2,0,0,3,0,0,0,0,0,1,0,1,0,0,0,1,0,0,0.0,0.21428571428571427,3,0
131,30,40,5,5,0,7,1,2,0,1,21,1,0,1,0,0,0,0,1,0,0.16030534351145037,0.16793893129770993,3,1
24,15,1,2,0,0,3,0,0,0,0,0,1,0,1,0,0,0,0,0,0,0.0,0.25,3,0
20,12,0,2,0,0,2,0,0,0,0,0,1,0,1,0,0,0,0,0,0,0.0,0.25,3,0
47,17,22,2,0,1,4,0,0,0,0,0,1,0,1,0,0,0,0,0,0,0.0,0.1702127659574468,3,0
23,15,1,2,0,0,3,0,0,0,0,1,1,0,0,0,0,0,1,1,0,0.043478260869565216,0.2608695652173913,3,1
53,45,1,5,0,0,3,0,0,0,0,1,4,0,0,0,0,0,1,1,0,0.018867924528301886,0.16981132075471697,3,1
39,16,15,2,0,0,4,0,0,0,0,4,1,0,1,0,0,0,0,1,0,0.10256410256410256,0.1794871794871795,3,0
41,15,19,2,1,0,7,0,0,0,0,0,1,0,0,0,0,0,0,0,0,0.0,0.2682926829268293,2,1
59,14,37,2,4,0,5,0,0,0,0,4,1,0,1,0,0,0,0,0,0,0.06779661016949153,0.2033898305084746,3,0
32,18,6,2,0,0,3,0,0,0,0,0,1,0,1,0,0,0,1,1,0,0.0,0.1875,3,0
46,23,15,2,1,0,3,0,0,0,0,0,1,0,1,0,0,0,1,0,0,0.0,0.15217391304347827,3,0
30,16,6,2,0,0,3,0,0,0,0,0,1,0,1,0,0,0,1,0,0,0.0,0.2,3,0
50,14,29,1,0,0,6,0,1,0,0,6,0,0,0,0,0,0,0,0,0,0.12,0.18,3,1
55,15,32,2,3,0,5,0,0,0,0,0,1,0,1,0,0,0,0,0,0,0.0,0.2,3,0
159,19,101,3,2,2,13,1,2,0,1,5,0,0,0,0,0,0,3,0,0,0.031446540880503145,0.16352201257861634,3,1
47,39,1,2,0,0,3,0,0,0,0,3,1,0,0,0,0,0,0,0,0,0.06382978723404255,0.1276595744680851,3,1
78,15,56,2,1,1,10,0,0,0,0,0,1,0,0,0,0,0,0,0,0,0.0,0.19230769230769232,3,1
97,14,76,1,9,0,8,0,0,0,0,8,0,0,0,0,0,0,0,0,0,0.08247422680412371,0.1958762886597938,3,0
44,30,7,3,0,0,4,0,0,0,0,0,2,0,0,0,0,0,0,0,0,0.0,0.18181818181818182,2,1
32,23,1,2,0,0,3,0,0,0,0,0,1,0,1,0,0,0,0,0,0,0.0,0.1875,3,1
338,38,65,3,9,4,7,1,6,0,4,81,1,0,1,0,0,1,0,0,0,0.23964497041420119,0.12130177514792899,3,1
41,11,23,2,0,0,5,0,0,0,0,0,0,0,0,0,0,0,0,0,0,0.0,0.1951219512195122,2,1
99,15,77,13,0,0,5,0,0,0,0,17,0,0,0,0,0,0,0,0,0,0.1717171717171717,0.20202020202020202,2,0
98,23,34,4,0,0,7,1,1,1,0,0,1,0,1,0,0,0,0,0,0,0.0,0.15306122448979592,2,1
83,13,63,3,10,0,5,0,0,0,0,8,1,0,0,0,0,0,0,0,0,0.0963855421686747,0.2289156626506024,2,0
43,12,5,1,0,0,3,1,1,0,0,4,0,0,0,0,0,0,0,0,0,0.09302325581395349,0.16279069767441862,3,1
33,13,12,2,0,0,4,0,0,0,0,0,1,0,1,0,0,0,0,0,0,0.0,0.21212121212121213,3,0
86,9,70,3,1,0,10,0,0,0,0,12,0,0,0,0,0,0,0,0,0,0.13953488372093023,0.1744186046511628,3,1
40,23,9,2,0,0,3,0,0,0,0,0,1,0,1,0,0,0,0,0,0,0.0,0.15,3,0
35,26,1,1,0,0,3,0,0,0,0,0,0,0,1,0,0,0,0,0,0,0.0,0.14285714285714285,3,1
29,15,6,2,0,0,3,0,0,0,0,0,1,0,1,0,0,0,0,0,0,0.0,0.20689655172413793,3,0
40,32,1,3,1,0,3,0,0,0,0,0,2,0,0,0,0,1,1,0,0,0.0,0.2,3,1
25,16,1,2,0,0,3,0,0,0,0,0,1,0,1,0,0,0,0,0,0,0.0,0.24,3,0
120,15,98,2,1,0,7,0,0,0,0,31,0,0,0,0,0,0,0,0,0,0.25833333333333336,0.275,3,0
21,13,0,2,0,0,2,0,0,0,0,0,1,0,1,0,0,0,0,1,0,0.0,0.23809523809523808,3,0
48,18,22,2,0,1,4,0,0,0,0,0,1,0,1,0,0,0,0,0,0,0.0,0.16666666666666666,3,0
55,14,33,2,0,2,6,0,1,0,0,5,1,0,1,0,0,0,0,0,0,0.09090909090909091,0.21818181818181817,3,0
40,25,7,2,0,0,3,0,0,0,0,0,1,0,1,0,0,0,0,0,0,0.0,0.15,3,0
45,14,24,2,0,0,6,0,0,0,0,0,0,0,0,0,0,0,0,0,0,0.0,0.2,3,1
54,14,32,2,3,0,5,0,0,0,0,0,1,0,1,0,0,0,0,1,0,0.0,0.2037037037037037,3,0
36,13,15,2,1,0,3,0,0,0,0,0,1,0,1,0,0,0,1,0,0,0.0,0.19444444444444445,3,0
20,12,0,2,0,0,2,0,0,0,0,0,1,0,1,0,0,0,0,1,0,0.0,0.25,3,0
113,25,73,2,1,1,7,1,1,0,0,20,0,0,0,0,0,0,1,0,0,0.17699115044247787,0.12389380530973451,3,1
23,15,0,2,0,0,2,0,0,0,0,0,1,0,1,0,0,0,0,0,0,0.0,0.21739130434782608,3,0
27,10,9,1,0,0,3,0,0,0,0,0,0,0,1,0,0,0,0,0,0,0.0,0.18518518518518517,3,0
84,17,60,2,1,1,7,0,0,0,0,6,0,0,0,0,0,0,1,0,0,0.07142857142857142,0.14285714285714285,2,1
87,15,65,1,0,0,12,0,0,0,0,20,0,0,0,0,0,0,0,0,0,0.22988505747126436,0.16091954022988506,3,0
25,9,8,2,0,0,3,0,0,0,0,0,1,0,1,0,0,0,0,0,0,0.0,0.24,3,0
154,44,9,6,0,0,4,1,1,0,0,73,4,0,0,0,0,0,0,1,0,0.474025974025974,0.08441558441558442,3,1
26,17,1,2,0,0,3,0,0,0,0,0,1,0,1,0,0,0,0,0,0,0.0,0.23076923076923078,3,0
159,19,101,3,2,2,13,1,2,0,1,5,0,0,0,0,0,0,3,0,0,0.031446540880503145,0.16352201257861634,3,1
48,18,22,3,0,0,5,0,0,0,0,1,1,0,1,0,0,0,0,0,0,0.020833333333333332,0.1875,3,0
26,12,6,2,0,0,3,0,0,0,0,0,1,0,1,0,0,0,1,0,0,0.0,0.23076923076923078,3,0
30,16,6,2,0,0,3,0,0,0,0,0,1,0,1,0,0,0,1,0,0,0.0,0.2,3,0
83,16,60,2,1,1,8,0,0,0,0,5,1,0,0,0,0,0,2,0,0,0.060240963855421686,0.1566265060240964,2,1
32,15,9,2,0,0,3,0,0,0,0,0,1,0,1,0,0,0,0,0,0,0.0,0.1875,3,0
57,20,30,2,1,0,6,0,0,0,0,1,1,0,0,0,0,0,0,0,0,0.017543859649122806,0.17543859649122806,2,1
248,27,173,2,25,0,7,1,2,0,1,36,1,0,1,0,0,1,0,0,0,0.14516129032258066,0.16129032258064516,3,1
31,16,7,2,0,0,3,0,0,0,0,0,1,0,1,0,0,0,0,0,0,0.0,0.1935483870967742,3,0
23,16,0,2,0,0,2,0,0,0,0,0,1,0,0,0,0,0,0,0,0,0.0,0.21739130434782608,2,1
113,21,84,1,2,1,11,0,0,0,0,5,0,0,1,0,0,0,1,0,0,0.04424778761061947,0.1415929203539823,3,1
36,19,9,2,0,0,3,0,0,0,0,0,1,0,1,0,0,0,0,0,0,0.0,0.16666666666666666,3,0
33,10,15,1,1,0,3,0,0,0,0,0,0,0,1,0,0,0,1,0,0,0.0,0.18181818181818182,3,0
31,16,7,2,0,0,3,0,0,0,0,0,1,0,1,0,0,0,0,1,0,0.0,0.1935483870967742,3,0
34,26,0,2,0,0,2,0,0,0,0,1,1,0,1,0,0,0,0,0,0,0.029411764705882353,0.14705882352941177,3,1
35,19,8,2,0,0,3,0,0,0,0,0,1,0,1,0,0,0,0,0,0,0.0,0.17142857142857143,3,0
44,16,20,2,0,0,5,0,0,0,0,0,1,0,1,0,0,0,0,0,0,0.0,0.18181818181818182,3,0
33,24,1,3,1,0,3,0,0,0,0,0,2,0,1,0,0,1,0,1,0,0.0,0.24242424242424243,2,1
107,22,77,5,1,0,5,0,0,0,0,29,1,0,1,0,0,0,2,1,0,0.27102803738317754,0.16822429906542055,3,1
56,24,25,2,1,0,4,0,0,0,0,0,1,0,0,0,0,0,0,0,0,0.0,0.14285714285714285,3,1
90,26,4,2,0,1,4,1,2,0,1,19,1,0,0,0,0,0,0,0,0,0.2111111111111111,0.13333333333333333,3,1
39,21,10,3,0,0,3,0,0,0,0,0,1,0,1,0,0,0,0,0,0,0.0,0.1794871794871795,3,1
26,11,7,2,0,0,3,0,0,0,0,0,1,0,1,0,0,0,0,0,0,0.0,0.23076923076923078,3,0
131,30,39,5,4,0,7,1,2,0,1,24,1,0,1,0,0,0,0,1,0,0.183206106870229,0.16793893129770993,3,1
57,27,22,3,0,0,5,0,0,0,0,1,1,0,1,0,0,0,0,0,0,0.017543859649122806,0.15789473684210525,3,0
43,14,22,2,0,0,6,0,0,0,0,0,1,0,0,0,0,0,0,0,0,0.0,0.20930232558139536,3,1
60,15,37,2,4,0,5,0,0,0,0,4,1,0,1,0,0,0,0,0,0,0.06666666666666667,0.2,3,0
87,20,60,1,1,0,11,0,0,0,0,3,0,0,0,0,0,0,3,0,0,0.034482758620689655,0.16091954022988506,3,1
40,15,6,2,0,0,3,1,1,0,0,3,1,0,1,0,0,0,0,0,0,0.075,0.2,3,0
54,29,17,3,1,0,4,0,0,0,0,0,1,0,1,0,0,1,0,0,0,0.0,0.16666666666666666,2,1
87,35,26,2,3,0,4,1,1,0,0,9,0,0,1,0,0,1,0,0,0,0.10344827586206896,0.13793103448275862,3,1
51,11,32,2,3,0,5,0,0,0,0,0,1,0,1,0,0,0,0,0,0,0.0,0.21568627450980393,3,0
23,9,6,1,0,0,3,0,0,0,0,0,0,0,1,0,0,0,0,0,0,0.0,0.21739130434782608,3,0
28,10,10,1,0,0,6,0,0,0,0,1,0,0,1,0,0,0,0,1,0,0.03571428571428571,0.2857142857142857,3,0
53,12,33,1,0,2,6,0,1,0,0,5,0,0,1,0,0,0,0,0,0,0.09433962264150944,0.20754716981132076,3,0
30,16,6,2,0,0,3,0,0,0,0,0,1,0,1,0,0,0,1,0,0,0.0,0.2,3,0
84,9,21,3,0,1,5,1,1,0,0,7,0,0,0,0,0,0,0,0,0,0.08333333333333333,0.20238095238095238,3,0
227,18,36,3,0,1,7,1,3,0,2,81,1,0,0,0,0,0,1,0,0,0.3568281938325991,0.09251101321585903,2,1
28,14,6,2,0,0,3,0,0,0,0,0,1,0,1,0,0,0,1,0,0,0.0,0.21428571428571427,3,0
36,24,1,2,0,0,3,1,1,0,0,2,1,0,0,0,0,0,0,0,0,0.05555555555555555,0.2222222222222222,3,1
142,19,30,2,1,7,5,1,5,0,0,3,0,0,0,0,0,0,0,0,0,0.02112676056338028,0.15492957746478872,3,1
70,17,45,2,1,0,7,0,0,0,0,0,0,0,1,0,0,0,0,0,0,0.0,0.15714285714285714,3,1
27,19,0,2,0,0,2,0,0,0,0,0,1,0,1,0,0,0,0,0,0,0.0,0.18518518518518517,3,0
88,23,58,3,0,0,6,0,0,0,0,1,0,0,0,0,0,0,0,0,0,0.011363636363636364,0.11363636363636363,3,1
19,11,0,2,0,0,2,0,0,0,0,0,1,0,1,0,0,0,0,0,0,0.0,0.2631578947368421,3,0
48,28,12,5,0,0,3,0,0,0,0,3,3,0,1,0,0,0,1,0,0,0.0625,0.1875,3,1
137,10,91,1,16,0,4,1,1,0,0,13,0,0,1,0,0,0,0,0,0,0.0948905109489051,0.17518248175182483,3,0
36,15,14,2,0,0,4,0,0,0,0,2,0,0,0,0,0,0,0,0,0,0.05555555555555555,0.19444444444444445,3,1
32,18,6,2,0,0,3,0,0,0,0,0,1,0,1,0,0,0,0,0,0,0.0,0.1875,3,0
59,14,37,2,4,0,5,0,0,0,0,4,1,0,1,0,0,0,0,0,0,0.06779661016949153,0.2033898305084746,3,0
60,20,32,2,3,0,5,0,0,0,0,0,1,0,1,0,0,0,0,0,0,0.0,0.18333333333333332,3,0
36,13,15,2,1,0,3,0,0,0,0,0,1,0,1,0,0,0,2,1,0,0.0,0.19444444444444445,3,0
25,11,6,2,0,0,4,0,0,0,0,0,0,0,1,0,0,0,0,0,0,0.0,0.28,3,1
68,19,42,1,1,0,6,0,0,0,0,0,0,0,0,0,0,0,1,1,0,0.0,0.1323529411764706,3,1
32,16,9,3,0,0,3,0,0,0,0,0,1,0,0,0,0,0,0,0,0,0.0,0.21875,2,1
36,18,10,3,0,0,6,0,0,0,0,1,2,0,1,0,0,0,0,1,0,0.027777777777777776,0.2777777777777778,3,0
147,15,16,4,2,0,11,2,1,0,0,11,1,0,1,0,0,0,0,1,0,0.07482993197278912,0.16326530612244897,3,1
72,21,44,2,0,0,14,0,0,0,0,5,1,0,0,0,0,0,1,1,0,0.06944444444444445,0.2361111111111111,3,1
32,23,1,2,0,0,3,0,0,0,0,1,1,0,1,0,0,0,0,0,0,0.03125,0.1875,3,1
58,16,34,1,1,0,7,0,0,0,0,0,0,0,1,0,0,0,1,1,0,0.0,0.1724137931034483,3,1
55,11,36,2,0,0,5,0,0,0,0,0,0,0,1,0,0,0,1,0,0,0.0,0.14545454545454545,3,1
41,11,22,3,0,0,5,0,0,0,0,1,1,0,1,0,0,0,0,0,0,0.024390243902439025,0.21951219512195122,3,0
73,15,34,2,0,0,4,1,1,0,0,18,1,0,0,0,0,0,0,0,0,0.2465753424657534,0.1232876712328767,3,1
36,20,8,1,0,0,4,0,0,0,0,0,0,0,1,0,0,0,0,0,0,0.0,0.16666666666666666,3,1
54,14,32,2,3,0,5,0,0,0,0,0,1,0,1,0,0,0,0,0,0,0.0,0.2037037037037037,3,0
132,16,24,3,0,2,4,1,1,0,0,5,1,0,1,0,0,0,0,0,0,0.03787878787878788,0.09090909090909091,3,1
127,12,57,7,0,0,4,1,1,0,0,29,0,0,0,0,0,0,0,0,0,0.2283464566929134,0.12598425196850394,3,0
65,35,23,2,3,0,4,0,0,0,0,1,0,0,0,0,0,1,0,0,0,0.015384615384615385,0.15384615384615385,4,1
40,15,17,3,0,0,4,0,0,0,0,1,1,0,1,0,0,0,0,0,0,0.025,0.2,2,1
98,26,65,2,2,0,9,0,0,0,0,24,1,0,0,0,0,1,0,0,0,0.24489795918367346,0.14285714285714285,2,1
37,17,12,2,0,0,4,0,0,0,0,0,1,0,1,0,0,0,0,0,0,0.0,0.1891891891891892,3,0
77,17,53,2,2,1,6,0,0,0,0,5,0,0,0,0,0,1,1,0,0,0.06493506493506493,0.15584415584415584,3,1
26,13,5,2,0,0,3,0,0,0,0,0,1,0,1,0,0,0,0,0,0,0.0,0.23076923076923078,3,0
44,28,9,2,0,0,4,0,0,0,0,0,1,0,0,0,0,0,0,1,0,0.0,0.1590909090909091,3,1
94,9,78,1,9,0,6,0,0,0,0,8,0,0,0,0,0,0,0,0,0,0.0851063829787234,0.18085106382978725,3,0
87,15,65,1,0,0,12,0,0,0,0,19,0,0,0,0,0,0,0,0,0,0.21839080459770116,0.16091954022988506,3,0
83,14,62,2,5,0,8,0,0,0,0,14,0,0,0,0,0,0,0,1,0,0.1686746987951807,0.1927710843373494,3,0
57,15,34,2,1,0,7,0,0,0,0,0,0,0,1,0,1,0,0,0,0,0.0,0.19298245614035087,3,1
89,21,29,5,1,0,5,1,1,1,0,0,2,0,0,0,0,0,0,0,0,0.0,0.16853932584269662,2,1
26,18,0,1,0,0,2,0,0,0,0,0,0,0,1,0,0,0,0,0,0,0.0,0.15384615384615385,5,1
43,15,20,2,0,0,5,0,0,0,0,0,1,0,1,0,0,0,0,0,0,0.0,0.18604651162790697,3,0
31,23,1,2,0,0,3,0,0,0,0,5,1,0,0,0,0,0,0,0,0,0.16129032258064516,0.1935483870967742,3,1
87,19,60,4,0,0,4,0,0,0,0,32,2,0,1,0,0,0,0,0,0,0.367816091954023,0.10344827586206896,2,1
53,13,32,2,3,0,5,0,0,0,0,0,1,0,1,0,0,0,0,0,0,0.0,0.20754716981132076,3,0
59,49,3,4,0,0,4,0,0,0,0,0,3,0,0,0,0,0,0,0,0,0.0,0.15254237288135594,10,1
54,9,37,2,4,0,5,0,0,0,0,4,1,0,1,0,0,0,0,0,0,0.07407407407407407,0.2222222222222222,3,0
42,17,6,2,0,0,3,1,1,0,0,3,1,0,1,0,0,0,0,0,0,0.07142857142857142,0.19047619047619047,3,0
51,42,1,2,2,0,3,0,0,0,0,0,1,0,1,0,0,1,1,1,0,0.0,0.1568627450980392,3,1
35,12,15,1,1,0,3,0,0,0,0,0,0,0,1,0,0,0,1,1,0,0.0,0.17142857142857143,3,0
32,18,6,2,0,0,3,0,0,0,0,0,1,0,1,0,0,0,1,0,0,0.0,0.1875,3,0
22,14,1,3,0,0,3,0,0,0,0,11,2,1,0,0,0,0,0,0,0,0.5,0.3181818181818182,3,1
155,12,57,12,0,0,4,1,1,0,0,42,0,0,0,0,0,0,0,0,0,0.2709677419354839,0.13548387096774195,3,0
31,14,9,2,0,0,3,0,0,0,0,0,1,0,1,0,0,0,0,0,0,0.0,0.1935483870967742,3,0
45,15,22,3,0,0,5,0,0,0,0,1,1,0,1,0,0,0,0,0,0,0.022222222222222223,0.2,3,0
42,16,18,1,0,0,5,0,0,0,0,0,0,0,1,0,0,0,0,0,0,0.0,0.16666666666666666,3,1
31,16,7,2,0,0,3,0,0,0,0,0,1,0,1,0,0,0,0,0,0,0.0,0.1935483870967742,3,0
52,11,33,2,0,2,6,0,1,0,0,5,1,0,1,0,0,0,0,0,0,0.09615384615384616,0.23076923076923078,3,0
66,21,37,2,4,0,5,0,0,0,0,4,1,0,1,0,0,0,0,0,0,0.06060606060606061,0.18181818181818182,3,0
55,15,32,2,3,0,5,0,0,0,0,0,1,0,1,0,0,0,0,0,0,0.0,0.2,3,0
33,11,14,1,1,0,4,0,0,0,0,0,0,0,1,0,0,0,0,0,0,0.0,0.21212121212121213,3,0
53,32,13,2,2,0,6,0,0,0,0,0,1,0,1,0,0,1,0,0,0,0.0,0.20754716981132076,3,1
41,16,6,2,0,0,3,1,1,0,0,3,1,0,1,0,0,0,0,1,0,0.07317073170731707,0.1951219512195122,3,0
29,11,10,1,0,0,6,0,0,0,0,1,0,0,1,0,0,0,0,0,0,0.034482758620689655,0.27586206896551724,3,0
83,14,62,1,5,0,6,0,0,0,0,9,0,0,0,0,0,0,0,0,0,0.10843373493975904,0.1566265060240964,3,0
44,14,22,2,0,1,4,0,0,0,0,0,1,0,1,0,0,0,0,0,0,0.0,0.18181818181818182,3,0
61,21,32,2,3,0,5,0,0,0,0,0,1,0,1,0,0,0,0,1,0,0.0,0.18032786885245902,3,0
39,16,15,2,1,0,3,0,0,0,0,0,1,0,1,0,0,0,1,0,0,0.0,0.1794871794871795,3,0
44,14,22,2,0,1,4,0,0,0,0,0,1,0,1,0,0,0,0,0,0,0.0,0.18181818181818182,2,0
45,15,22,2,0,0,5,0,0,0,0,1,0,0,1,0,0,0,0,0,0,0.022222222222222223,0.17777777777777778,3,0
34,26,1,2,2,0,3,0,0,0,0,2,1,0,0,0,0,1,0,1,0,0.058823529411764705,0.23529411764705882,2,1
34,19,7,2,0,0,4,0,0,0,0,0,1,0,1,0,0,0,1,0,0,0.0,0.20588235294117646,2,1
35,10,18,3,0,0,4,0,0,0,0,1,1,0,0,0,0,0,0,0,0,0.02857142857142857,0.22857142857142856,2,1
180,69,104,2,0,0,6,0,0,0,0,0,1,0,0,0,0,0,2,0,0,0.0,0.05,2,1
34,20,6,2,0,0,3,0,0,0,0,0,1,0,1,0,0,0,0,0,0,0.0,0.17647058823529413,3,0
29,12,10,2,0,0,4,0,0,0,0,0,1,0,0,0,0,0,0,0,0,0.0,0.2413793103448276,2,1
45,15,22,2,0,1,4,0,0,0,0,0,1,0,1,0,0,0,0,0,0,0.0,0.17777777777777778,3,0
35,12,15,2,1,0,3,0,0,0,0,0,1,0,1,0,0,0,1,0,0,0.0,0.2,3,0
26,12,6,2,0,0,3,0,0,0,0,0,1,0,1,0,0,0,0,0,0,0.0,0.23076923076923078,3,0
85,14,64,1,6,0,9,0,0,0,0,8,0,0,0,0,0,0,0,1,0,0.09411764705882353,0.2,3,0
23,15,0,2,0,0,2,0,0,0,0,0,1,0,1,0,0,0,0,0,0,0.0,0.21739130434782608,3,0
24,10,6,1,0,0,3,0,0,0,0,3,0,0,1,0,0,0,0,0,1,0.125,0.20833333333333334,2,1
43,34,1,3,1,0,3,0,0,0,0,0,2,0,1,0,0,1,0,0,0,0.0,0.18604651162790697,2,1
43,15,20,2,0,0,5,0,0,0,0,0,1,0,1,0,0,0,0,0,0,0.0,0.18604651162790697,3,0
43,16,19,2,0,0,4,0,0,0,0,0,0,0,1,0,0,0,0,0,0,0.0,0.16279069767441862,3,1
58,18,32,2,3,0,5,0,0,0,0,0,1,0,1,0,0,0,0,0,0,0.0,0.1896551724137931,3,0
97,10,80,1,5,0,7,0,0,0,0,30,0,0,0,0,0,0,0,0,0,0.30927835051546393,0.14432989690721648,3,0
66,14,45,1,9,0,5,0,0,0,0,0,0,0,0,0,0,1,1,0,0,0.0,0.24242424242424243,3,1
25,15,3,2,0,0,3,0,0,0,0,1,1,0,0,0,0,0,0,0,0,0.04,0.24,3,1
25,11,7,1,0,0,4,0,0,0,0,0,0,0,0,0,0,0,0,1,0,0.0,0.24,3,1
245,16,55,3,2,1,8,1,3,0,2,78,1,0,1,0,0,0,1,0,0,0.3183673469387755,0.09387755102040816,2,1
169,15,42,1,0,2,5,1,2,0,1,6,0,0,0,0,0,0,0,0,0,0.03550295857988166,0.15384615384615385,3,0
53,8,37,1,4,0,5,0,0,0,0,4,0,0,1,0,0,0,0,0,0,0.07547169811320754,0.20754716981132076,3,0
54,13,34,2,0,0,4,0,0,0,0,26,1,0,0,0,0,0,0,0,0,0.48148148148148145,0.12962962962962962,2,1
52,22,23,1,1,0,6,0,0,0,0,0,0,0,0,0,0,0,0,0,0,0.0,0.17307692307692307,3,1
41,18,15,2,0,0,4,0,0,0,0,4,1,0,1,0,0,0,0,0,0,0.0975609756097561,0.17073170731707318,3,0
30,16,6,2,0,0,3,0,0,0,0,0,1,0,1,0,0,0,1,0,0,0.0,0.2,3,0
118,9,10,4,1,4,7,2,4,0,2,29,0,0,0,0,0,0,0,0,0,0.2457627118644068,0.23728813559322035,2,0
54,22,25,4,0,0,6,0,0,0,0,10,0,0,0,0,0,0,0,0,0,0.18518518518518517,0.2037037037037037,2,1
138,20,75,4,0,1,8,1,1,0,0,5,1,0,1,0,0,0,1,0,0,0.036231884057971016,0.11594202898550725,2,1
30,16,6,2,0,0,3,0,0,0,0,0,1,0,1,0,0,0,1,0,0,0.0,0.2,3,0
28,14,6,2,0,0,3,0,0,0,0,0,1,0,1,0,0,0,0,0,0,0.0,0.21428571428571427,3,0
101,6,24,1,1,4,6,1,3,0,2,2,0,0,0,0,0,0,0,1,0,0.019801980198019802,0.2079207920792079,2,0
29,14,7,1,0,0,4,0,0,0,0,0,0,0,1,0,0,0,0,0,0,0.0,0.20689655172413793,3,1
45,15,22,3,0,0,5,0,0,0,0,1,1,0,1,0,0,0,0,0,0,0.022222222222222223,0.2,3,0
50,20,23,2,2,0,5,0,0,0,0,2,0,0,0,0,0,1,0,0,0,0.04,0.22,3,1
99,20,72,3,5,0,8,0,0,0,0,1,0,0,0,0,0,1,3,1,0,0.010101010101010102,0.1717171717171717,2,1
83,20,55,3,1,0,9,0,0,0,0,1,1,0,1,0,0,0,0,0,0,0.012048192771084338,0.1686746987951807,3,1
38,18,12,2,0,0,4,0,0,0,0,0,1,0,1,0,0,0,0,0,0,0.0,0.18421052631578946,3,0
26,12,6,2,0,0,3,0,0,0,0,0,1,0,1,0,0,0,1,0,0,0.0,0.23076923076923078,3,0
26,13,5,2,0,0,3,0,0,0,0,0,1,0,1,0,0,0,0,0,0,0.0,0.23076923076923078,3,0
41,34,0,2,0,0,2,0,0,0,0,0,1,0,0,0,0,0,0,0,0,0.0,0.12195121951219512,3,1
25,11,6,2,0,0,3,0,0,0,0,0,1,0,1,0,0,0,0,0,0,0.0,0.24,3,0
52,11,33,2,0,2,6,0,1,0,0,5,1,0,1,0,0,0,0,0,0,0.09615384615384616,0.23076923076923078,3,0
45,27,10,2,0,0,6,0,0,0,0,1,1,0,1,0,0,0,0,0,0,0.022222222222222223,0.2,3,0
26,12,6,2,0,0,3,0,0,0,0,0,1,0,1,0,0,0,1,0,0,0.0,0.23076923076923078,3,0
29,12,9,1,0,0,3,0,0,0,0,0,0,0,1,0,0,0,0,1,0,0.0,0.1724137931034483,3,0
87,15,65,1,0,0,12,0,0,0,0,18,0,0,0,0,0,0,0,0,0,0.20689655172413793,0.16091954022988506,3,0
55,35,13,1,1,0,4,0,0,0,0,0,0,0,0,0,0,0,0,0,0,0.0,0.12727272727272726,3,1
53,13,32,2,3,0,5,0,0,0,0,0,1,0,1,0,0,0,0,0,0,0.0,0.20754716981132076,3,0
36,18,10,1,0,0,5,0,0,0,0,0,0,0,1,0,0,0,0,0,0,0.0,0.19444444444444445,3,1
57,7,33,1,0,0,4,1,1,0,0,2,0,0,1,0,0,0,0,0,0,0.03508771929824561,0.15789473684210525,2,1
32,20,5,1,0,0,4,0,0,0,0,0,0,0,0,0,0,0,0,0,0,0.0,0.1875,3,1
35,27,1,2,0,0,3,0,0,0,0,0,1,0,0,0,0,0,0,0,0,0.0,0.17142857142857143,2,1
47,27,12,2,0,0,3,0,0,0,0,0,1,0,1,0,0,0,2,0,0,0.0,0.1276595744680851,3,1
24,16,0,2,0,0,2,0,0,0,0,0,1,0,1,0,0,0,0,0,0,0.0,0.20833333333333334,3,0
43,29,7,2,2,0,4,0,0,0,0,0,1,0,0,0,0,1,0,0,0,0.0,0.20930232558139536,3,1
51,19,25,2,0,0,5,0,0,0,0,0,0,0,0,0,0,0,0,0,0,0.0,0.1568627450980392,2,1
45,24,14,2,0,0,5,0,0,0,0,0,1,0,0,0,0,0,0,0,0,0.0,0.17777777777777778,3,1
26,18,0,2,0,0,2,0,0,0,0,0,1,0,1,0,0,0,0,0,0,0.0,0.19230769230769232,3,0
65,21,37,2,0,0,5,0,0,0,0,18,1,0,0,0,0,0,0,0,0,0.27692307692307694,0.12307692307692308,3,1
35,27,0,2,0,0,2,0,0,0,0,4,1,0,1,0,0,0,0,0,0,0.11428571428571428,0.14285714285714285,2,1
38,15,15,2,0,0,4,0,0,0,0,4,1,0,1,0,0,0,0,0,0,0.10526315789473684,0.18421052631578946,3,0
27,18,1,2,0,0,3,0,0,0,0,1,1,0,1,0,0,0,0,0,0,0.037037037037037035,0.2222222222222222,4,1
26,17,1,2,0,0,3,0,0,0,0,0,1,0,1,0,0,0,0,0,0,0.0,0.23076923076923078,3,0
38,10,20,1,0,0,5,0,0,0,0,0,0,0,1,0,0,0,0,0,0,0.0,0.18421052631578946,3,0
69,15,46,2,1,0,9,0,0,0,0,1,0,0,1,0,0,0,0,0,0,0.014492753623188406,0.18840579710144928,3,1
42,12,22,2,0,0,4,0,0,0,0,2,0,0,1,0,0,0,0,0,0,0.047619047619047616,0.16666666666666666,3,1
28,15,5,2,0,0,3,0,0,0,0,0,1,0,1,0,0,0,0,0,0,0.0,0.21428571428571427,3,0
113,15,76,2,0,2,7,1,1,0,0,10,1,0,1,0,0,0,0,1,0,0.08849557522123894,0.12389380530973451,3,1
277,17,6,3,8,0,3,1,4,0,3,88,1,0,1,0,0,0,0,0,0,0.3176895306859206,0.1444043321299639,3,1
48,23,6,2,0,0,3,1,1,0,0,3,1,0,1,0,0,0,0,0,0,0.0625,0.16666666666666666,3,0
169,18,18,2,0,1,5,1,3,0,2,62,0,0,0,0,0,0,2,0,0,0.3668639053254438,0.08875739644970414,2,1
24,16,0,2,0,0,2,0,0,0,0,0,1,0,1,0,0,0,0,0,0,0.0,0.20833333333333334,3,0
91,17,18,4,1,1,5,2,2,0,1,7,1,0,1,0,0,0,1,1,0,0.07692307692307693,0.1978021978021978,3,1
178,23,22,1,14,0,5,1,2,0,2,26,0,0,1,0,0,1,0,0,0,0.14606741573033707,0.14606741573033707,3,1
63,48,7,2,0,0,4,0,0,0,0,17,1,0,1,0,0,0,0,0,0,0.2698412698412698,0.1111111111111111,3,1
29,16,5,2,0,0,3,0,0,0,0,0,1,0,1,0,0,0,0,0,0,0.0,0.20689655172413793,3,0
30,12,10,2,0,0,6,0,0,0,0,1,1,0,1,0,0,0,1,0,0,0.03333333333333333,0.3,3,0
235,18,44,2,1,1,6,1,3,0,2,64,0,0,0,0,0,0,1,1,0,0.2723404255319149,0.08085106382978724,3,1
77,26,9,2,0,0,4,1,4,0,0,0,1,0,1,0,0,0,0,0,0,0.0,0.16883116883116883,3,1
84,11,66,2,12,0,3,0,0,0,0,12,0,0,0,0,0,0,0,0,0,0.14285714285714285,0.21428571428571427,2,0
35,15,12,2,0,0,4,0,0,0,0,0,1,0,1,0,0,0,0,0,0,0.0,0.2,3,0
73,17,49,3,1,0,7,0,0,0,0,7,1,0,0,0,0,0,0,0,0,0.0958904109589041,0.1643835616438356,2,1
52,22,22,2,0,1,4,0,0,0,0,0,1,0,1,0,0,0,0,0,0,0.0,0.15384615384615385,3,0
42,19,15,2,1,0,3,0,0,0,0,0,1,0,1,0,0,0,1,0,0,0.0,0.16666666666666666,3,0
30,21,1,1,0,0,3,0,0,0,0,0,0,0,1,0,0,0,0,0,0,0.0,0.16666666666666666,3,1
82,38,36,2,1,0,6,0,0,0,0,0,1,0,1,0,0,0,0,0,0,0.0,0.12195121951219512,4,1
58,17,33,2,0,2,6,0,1,0,0,5,1,0,1,0,0,0,0,0,0,0.08620689655172414,0.20689655172413793,3,0
44,21,15,2,1,0,3,0,0,0,0,0,1,0,1,0,0,0,1,0,0,0.0,0.1590909090909091,3,0
31,19,4,1,0,0,4,0,0,0,0,0,0,0,1,0,0,0,0,0,0,0.0,0.1935483870967742,3,1
66,25,20,2,0,0,4,1,1,0,0,9,0,0,0,0,0,0,0,0,0,0.13636363636363635,0.13636363636363635,3,1
186,16,163,2,2,2,9,0,0,0,0,50,1,0,0,0,0,0,3,1,0,0.26881720430107525,0.11827956989247312,2,1
58,13,37,2,4,0,5,0,0,0,0,4,1,0,1,0,0,0,0,0,0,0.06896551724137931,0.20689655172413793,3,0
62,11,44,2,1,0,6,0,0,0,0,4,0,0,0,0,0,0,0,0,0,0.06451612903225806,0.16129032258064516,3,1
62,29,25,3,1,0,4,0,0,0,0,0,1,0,1,0,0,0,0,0,0,0.0,0.14516129032258066,3,1
113,9,97,2,6,0,9,0,0,0,0,1,1,0,0,0,0,0,0,0,0,0.008849557522123894,0.1592920353982301,2,0
40,20,12,2,0,0,4,0,0,0,0,0,1,0,1,0,0,0,0,0,0,0.0,0.175,3,0
65,15,42,2,0,0,9,0,0,0,0,0,1,0,1,0,0,0,2,0,0,0.0,0.18461538461538463,3,1
233,21,84,1,2,2,11,1,3,0,4,44,0,0,0,0,0,0,1,0,0,0.1888412017167382,0.12446351931330472,3,1
35,15,12,2,0,0,4,0,0,0,0,0,1,0,1,0,0,0,0,1,0,0.0,0.2,3,0
39,16,15,2,1,0,3,0,0,0,0,0,1,0,1,0,0,0,1,1,0,0.0,0.1794871794871795,3,0
27,6,14,1,0,1,3,0,0,0,0,0,0,0,0,0,0,0,2,1,1,0.0,0.2222222222222222,2,1
41,13,20,2,0,0,5,0,0,0,0,0,1,0,1,0,0,0,0,0,0,0.0,0.1951219512195122,3,0
35,12,15,2,0,0,4,0,0,0,0,4,1,0,1,0,0,0,0,0,0,0.11428571428571428,0.2,3,0
35,17,10,2,0,0,6,0,0,0,0,1,1,0,1,0,0,0,0,1,0,0.02857142857142857,0.2571428571428571,3,0
36,13,15,2,1,0,3,0,0,0,0,0,1,0,1,0,0,0,1,0,0,0.0,0.19444444444444445,3,0
40,17,15,2,0,0,4,0,0,0,0,4,1,0,1,0,0,0,0,0,0,0.1,0.175,3,0
56,15,33,2,0,2,6,0,1,0,0,5,1,0,1,0,0,0,0,0,0,0.08928571428571429,0.21428571428571427,3,0
67,14,34,2,0,0,4,1,1,0,0,13,1,0,0,0,0,0,0,0,0,0.19402985074626866,0.13432835820895522,2,1
22,14,0,2,0,0,2,0,0,0,0,0,1,0,1,0,0,0,0,0,0,0.0,0.22727272727272727,3,0
40,17,15,2,0,0,4,0,0,0,0,4,1,0,1,0,0,0,0,0,0,0.1,0.175,3,0
54,22,25,2,1,0,4,0,0,0,0,3,1,0,0,0,0,1,0,0,0,0.05555555555555555,0.14814814814814814,3,1
110,31,72,4,0,0,8,0,0,0,0,19,1,0,0,0,0,0,0,0,0,0.17272727272727273,0.11818181818181818,3,1
28,11,10,2,0,0,4,0,0,0,0,0,1,0,0,0,0,0,0,0,0,0.0,0.25,2,1
123,19,97,4,10,0,9,0,0,0,0,9,2,0,0,0,0,0,0,0,0,0.07317073170731707,0.1951219512195122,2,0
82,31,26,3,0,0,4,1,1,0,0,11,1,0,0,0,0,0,0,0,0,0.13414634146341464,0.12195121951219512,4,1
34,14,12,2,0,0,4,0,0,0,0,0,1,0,1,0,0,0,0,0,0,0.0,0.20588235294117646,3,0
60,15,37,2,4,0,5,0,0,0,0,4,1,0,1,0,0,0,0,0,0,0.06666666666666667,0.2,3,0
82,15,60,3,0,0,8,0,0,0,0,16,1,0,0,0,0,0,1,0,0,0.1951219512195122,0.14634146341463414,3,1
66,21,16,3,0,0,4,1,1,1,0,0,0,0,1,0,0,0,0,0,0,0.0,0.16666666666666666,3,1
148,15,15,2,2,0,6,1,11,0,0,12,0,0,0,0,0,0,0,1,0,0.08108108108108109,0.1554054054054054,3,1
101,15,78,2,0,1,7,0,0,0,0,5,1,0,1,0,0,0,0,1,0,0.04950495049504951,0.10891089108910891,3,1
27,14,5,1,0,0,3,0,0,0,0,0,0,0,1,0,0,0,0,1,0,0.0,0.18518518518518517,3,0
75,14,53,3,0,2,8,0,0,0,0,5,1,0,1,0,0,0,0,0,0,0.06666666666666667,0.2,2,1
82,19,27,1,0,0,5,1,1,0,0,29,0,0,0,0,0,0,0,0,0,0.35365853658536583,0.10975609756097561,3,1
38,21,9,2,1,0,3,0,0,0,0,1,1,0,1,0,0,0,0,0,0,0.02631578947368421,0.18421052631578946,3,1
41,33,0,2,0,0,2,0,0,0,0,3,1,0,1,0,0,0,0,0,0,0.07317073170731707,0.12195121951219512,3,1
115,22,86,3,4,0,6,0,0,0,0,0,1,0,0,0,0,0,2,0,0,0.0,0.12173913043478261,3,1
209,27,16,3,1,1,4,1,3,0,2,96,1,0,1,0,0,1,1,0,0,0.45933014354066987,0.07655502392344497,3,1
77,23,46,1,1,0,6,0,0,0,0,4,0,0,1,0,0,0,1,1,0,0.05194805194805195,0.11688311688311688,3,1
41,15,19,2,0,0,6,0,0,0,0,0,1,0,0,0,0,0,0,0,0,0.0,0.24390243902439024,2,1
28,11,9,2,0,0,3,0,0,0,0,0,1,0,1,0,0,0,0,0,0,0.0,0.21428571428571427,3,0
30,12,10,2,0,0,6,0,0,0,0,1,1,0,1,0,0,0,0,0,0,0.03333333333333333,0.3,3,0
37,28,1,2,0,0,3,0,0,0,0,1,1,0,1,0,0,0,0,0,0,0.02702702702702703,0.16216216216216217,3,1
236,15,48,2,1,1,9,1,3,0,2,88,0,0,0,0,0,0,1,0,0,0.3728813559322034,0.09322033898305085,3,1
71,15,49,6,1,0,5,0,0,0,0,0,1,0,0,0,0,0,2,1,0,0.0,0.18309859154929578,3,1
44,14,22,2,0,1,4,0,0,0,0,0,1,0,1,0,0,0,0,0,0,0.0,0.18181818181818182,3,0
34,12,14,2,1,0,4,0,0,0,0,0,1,0,1,0,0,0,0,0,0,0.0,0.23529411764705882,3,0
171,17,35,1,2,0,9,1,3,0,2,43,0,0,0,0,0,0,1,0,0,0.25146198830409355,0.12280701754385964,3,1
24,8,8,1,0,0,3,0,0,0,0,0,0,0,1,0,0,0,0,0,0,0.0,0.20833333333333334,3,0
288,38,46,5,2,1,6,1,3,0,3,70,1,0,1,0,0,1,2,0,0,0.24305555555555555,0.0763888888888889,5,1
150,12,24,4,0,0,5,1,4,0,5,30,2,1,0,0,0,0,1,0,0,0.2,0.19333333333333333,2,1
34,9,6,1,0,0,3,1,1,0,0,3,0,0,1,0,0,0,0,0,0,0.08823529411764706,0.20588235294117646,3,0
35,10,6,1,0,0,3,1,1,0,0,3,0,0,1,0,0,0,0,0,0,0.08571428571428572,0.2,3,0
51,21,22,1,0,0,4,0,0,0,0,0,0,0,1,0,0,0,0,0,0,0.0,0.11764705882352941,3,1
55,23,20,2,0,0,5,0,0,0,0,4,1,0,0,1,0,0,0,0,0,0.07272727272727272,0.16363636363636364,2,1
95,14,74,1,10,0,8,0,0,0,0,8,0,0,0,0,0,0,0,1,0,0.08421052631578947,0.21052631578947367,3,0
46,26,13,2,0,0,5,0,0,0,0,0,1,0,0,0,0,0,0,0,0,0.0,0.17391304347826086,3,1
37,22,8,1,0,0,4,0,0,0,0,0,0,0,0,0,0,0,0,0,0,0.0,0.16216216216216217,3,1
27,12,7,2,0,0,3,0,0,0,0,0,1,0,1,0,0,0,0,0,0,0.0,0.2222222222222222,3,0
156,30,44,6,4,0,7,1,2,1,1,26,1,0,1,0,0,0,1,1,0,0.16666666666666666,0.16025641025641027,3,1
50,19,23,1,0,0,5,0,0,0,0,1,0,0,1,0,0,0,1,0,0,0.02,0.14,3,1
80,15,57,1,2,0,5,0,0,0,0,16,0,0,1,0,0,0,1,0,0,0.2,0.1125,3,1
42,18,17,2,0,0,4,0,0,0,0,1,0,0,0,0,0,0,0,0,0,0.023809523809523808,0.16666666666666666,3,1
61,16,37,2,4,0,5,0,0,0,0,4,1,0,1,0,0,0,0,0,0,0.06557377049180328,0.19672131147540983,3,0
28,15,5,2,0,0,3,0,0,0,0,0,1,0,1,0,0,0,0,0,0,0.0,0.21428571428571427,3,0
37,15,14,2,1,0,4,0,0,0,0,0,1,0,1,0,0,0,0,0,0,0.0,0.21621621621621623,3,0
93,14,72,1,7,0,8,0,0,0,0,8,0,0,0,0,0,0,0,0,0,0.08602150537634409,0.1827956989247312,3,0
89,8,74,1,8,0,6,0,0,0,0,15,0,0,0,0,0,0,0,0,0,0.16853932584269662,0.1797752808988764,2,0
69,28,33,4,0,0,3,0,0,0,0,30,3,0,1,0,0,0,0,0,0,0.43478260869565216,0.11594202898550725,2,1
34,19,7,2,0,0,3,0,0,0,0,0,1,0,1,0,0,0,0,0,0,0.0,0.17647058823529413,3,0
32,15,9,2,0,0,3,0,0,0,0,0,1,0,1,0,0,0,0,0,0,0.0,0.1875,3,0
61,16,37,2,4,0,5,0,0,0,0,4,1,0,1,0,0,0,0,0,0,0.06557377049180328,0.19672131147540983,3,0
76,47,21,2,3,0,4,0,0,0,0,0,1,0,1,0,0,1,0,0,0,0.0,0.13157894736842105,3,1
93,14,72,6,0,0,4,0,0,0,0,21,0,0,0,0,0,0,1,0,0,0.22580645161290322,0.11827956989247312,2,1
20,12,1,3,0,0,3,0,0,0,0,9,2,1,0,0,0,0,0,0,0,0.45,0.35,3,1
34,14,12,2,0,0,4,0,0,0,0,0,1,0,1,0,0,0,0,0,0,0.0,0.20588235294117646,3,0
475,13,13,22,0,5,8,1,7,0,6,39,0,0,1,0,0,0,1,0,0,0.08210526315789474,0.18736842105263157,3,1
183,11,41,2,3,0,8,1,11,0,1,8,0,0,1,0,0,0,0,0,0,0.04371584699453552,0.15300546448087432,3,1
26,17,1,2,0,0,3,0,0,0,0,0,1,0,1,0,0,0,0,0,0,0.0,0.23076923076923078,3,0
38,13,6,2,0,0,3,1,1,0,0,3,1,0,1,0,0,0,0,0,0,0.07894736842105263,0.21052631578947367,3,0
196,13,10,4,0,1,3,1,3,0,2,78,2,1,0,0,0,0,1,0,0,0.3979591836734694,0.08673469387755102,2,1
36,11,18,1,0,0,5,0,0,0,0,0,0,0,0,0,0,0,0,0,0,0.0,0.19444444444444445,3,1
87,13,67,1,9,0,5,0,0,0,0,0,0,0,0,0,0,0,0,0,0,0.0,0.1839080459770115,3,0
40,15,6,2,0,0,3,1,1,0,0,3,1,0,1,0,0,0,0,0,0,0.075,0.2,3,0
144,25,111,4,2,1,13,0,0,0,0,6,2,0,1,0,0,0,0,0,0,0.041666666666666664,0.14583333333333334,2,1
60,52,0,3,2,0,2,0,0,0,0,0,2,0,1,0,0,1,0,0,0,0.0,0.13333333333333333,4,1
45,21,17,1,0,0,6,0,0,0,0,2,0,0,0,0,0,0,0,0,0,0.044444444444444446,0.17777777777777778,3,1
36,8,20,1,0,0,5,0,0,0,0,0,0,0,1,0,0,0,0,0,0,0.0,0.19444444444444445,3,0
30,6,17,1,1,0,3,0,0,0,0,0,0,0,0,0,0,0,0,0,1,0.0,0.2,2,1
44,22,14,3,0,0,4,0,0,0,0,2,1,0,1,0,0,0,0,1,0,0.045454545454545456,0.18181818181818182,3,1
29,14,7,2,0,0,3,0,0,0,0,0,1,0,1,0,0,0,0,1,0,0.0,0.20689655172413793,3,0
28,15,5,2,0,0,3,0,0,0,0,0,1,0,1,0,0,0,0,1,0,0.0,0.21428571428571427,3,0
24,6,10,1,0,0,3,0,0,0,0,0,0,0,1,0,0,0,0,0,1,0.0,0.20833333333333334,2,1
27,14,5,2,0,0,3,0,0,0,0,0,1,0,1,0,0,0,0,0,0,0.0,0.2222222222222222,3,0
37,13,17,2,0,0,4,0,0,0,0,0,0,0,0,0,0,0,0,0,0,0.0,0.1891891891891892,3,1
37,14,15,2,1,0,3,0,0,0,0,0,1,0,1,0,0,0,1,0,0,0.0,0.1891891891891892,3,0
38,13,6,2,0,0,3,1,1,0,0,3,1,0,1,0,0,0,0,1,0,0.07894736842105263,0.21052631578947367,3,0
171,17,35,1,2,0,9,1,3,0,2,43,0,0,0,0,0,0,1,0,0,0.25146198830409355,0.12280701754385964,3,1
109,20,82,3,1,0,9,0,0,0,0,22,1,0,0,0,0,0,1,1,0,0.2018348623853211,0.12844036697247707,2,1
67,23,37,3,0,0,7,0,0,0,0,12,1,0,0,0,0,0,0,0,0,0.1791044776119403,0.16417910447761194,2,1
188,32,14,3,11,0,4,1,3,0,2,15,1,0,1,0,0,1,0,0,0,0.0797872340425532,0.14361702127659576,3,1
27,17,3,2,1,0,4,0,0,0,0,0,1,0,0,0,0,1,0,0,0,0.0,0.2962962962962963,3,1
29,15,6,2,0,0,3,0,0,0,0,0,1,0,1,0,0,0,0,0,0,0.0,0.20689655172413793,3,0
35,10,6,2,0,0,3,1,1,0,0,3,1,0,1,0,0,0,0,0,0,0.08571428571428572,0.22857142857142856,2,0
43,22,14,1,1,0,5,0,0,0,0,0,0,0,0,0,0,0,0,0,0,0.0,0.18604651162790697,3,1
41,19,14,2,1,0,4,0,0,0,0,0,1,0,1,0,0,0,0,0,0,0.0,0.1951219512195122,3,0
62,17,37,2,4,0,5,0,0,0,0,4,1,0,1,0,0,0,0,0,0,0.06451612903225806,0.1935483870967742,3,0
59,19,32,3,3,0,5,0,0,0,0,0,2,0,1,0,0,0,0,1,0,0.0,0.2033898305084746,3,0
63,18,37,2,4,0,5,0,0,0,0,4,1,0,1,0,0,0,0,0,0,0.06349206349206349,0.19047619047619047,3,0
36,11,6,2,0,0,3,1,1,0,0,3,1,0,1,0,0,0,0,0,0,0.08333333333333333,0.2222222222222222,3,0
42,17,6,2,0,0,3,1,1,0,0,3,1,0,1,0,0,0,0,0,0,0.07142857142857142,0.19047619047619047,3,0
190,24,10,3,0,0,3,1,3,0,2,80,1,0,1,0,0,0,2,0,0,0.42105263157894735,0.06842105263157895,3,1
36,22,6,4,0,0,4,0,0,0,0,1,3,0,1,0,0,0,0,1,0,0.027777777777777776,0.25,2,1
37,28,1,2,0,0,3,0,0,0,0,0,1,0,1,0,0,0,0,0,0,0.0,0.16216216216216217,3,1
99,13,79,1,10,0,5,0,0,0,0,6,0,0,0,0,0,0,0,0,0,0.06060606060606061,0.1717171717171717,3,0
38,15,15,2,1,0,3,0,0,0,0,0,1,0,1,0,0,0,1,0,0,0.0,0.18421052631578946,3,0
51,11,32,2,3,0,5,0,0,0,0,0,1,0,1,0,0,0,0,0,0,0.0,0.21568627450980393,3,0
46,22,16,3,0,0,4,0,0,0,0,0,1,0,1,0,0,0,0,1,0,0.0,0.17391304347826086,3,1
26,11,7,1,0,0,3,0,0,0,0,0,0,0,1,0,0,0,0,0,0,0.0,0.19230769230769232,3,0
142,34,91,2,2,3,7,1,1,0,0,4,1,0,1,0,0,1,0,0,0,0.028169014084507043,0.13380281690140844,3,1
31,17,6,1,0,0,4,0,0,0,0,0,0,0,1,0,0,0,0,0,0,0.0,0.1935483870967742,3,1
44,14,22,3,0,0,5,0,0,0,0,1,1,0,1,0,0,0,0,0,0,0.022727272727272728,0.20454545454545456,3,0
48,18,22,2,0,1,4,0,0,0,0,0,1,0,1,0,0,0,0,0,0,0.0,0.16666666666666666,3,0
23,15,0,2,0,0,2,0,0,0,0,0,1,0,1,0,0,0,0,0,0,0.0,0.21739130434782608,3,0
37,12,6,2,0,0,3,1,1,0,0,3,1,0,1,0,0,0,0,0,0,0.08108108108108109,0.21621621621621623,3,0
32,14,10,2,0,0,6,0,0,0,0,1,1,0,1,0,0,0,0,0,0,0.03125,0.28125,3,0
87,16,34,3,1,0,6,1,1,1,0,1,0,0,1,0,0,1,0,0,0,0.011494252873563218,0.16091954022988506,3,1
80,26,46,3,1,0,4,0,1,0,0,21,2,0,1,0,0,1,2,0,0,0.2625,0.175,2,1
41,21,12,2,0,0,4,0,0,0,0,0,1,0,1,0,0,0,0,0,0,0.0,0.17073170731707318,3,0
56,15,33,2,0,2,6,0,1,0,0,5,1,0,1,0,0,0,0,0,0,0.08928571428571429,0.21428571428571427,3,0
28,13,7,2,0,0,3,0,0,0,0,0,1,0,1,0,0,0,0,0,0,0.0,0.21428571428571427,3,0
45,17,20,2,0,0,5,0,0,0,0,0,1,0,1,0,0,0,0,0,0,0.0,0.17777777777777778,3,0
56,16,32,2,3,0,5,0,0,0,0,0,1,0,1,0,0,0,0,0,0,0.0,0.19642857142857142,3,0
72,12,53,2,2,0,7,0,0,0,0,4,0,0,0,0,0,0,0,0,0,0.05555555555555555,0.16666666666666666,2,1
34,12,14,2,1,0,4,0,0,0,0,0,1,0,1,0,0,0,1,0,0,0.0,0.23529411764705882,3,0
48,34,7,3,2,0,3,0,0,0,0,9,2,0,0,0,0,1,1,0,0,0.1875,0.1875,3,1
55,15,32,2,3,0,5,0,0,0,0,0,1,0,1,0,0,0,0,0,0,0.0,0.2,3,0
73,15,50,6,1,0,6,0,0,0,0,0,1,0,1,0,0,0,2,1,0,0.0,0.1917808219178082,3,1
31,14,9,2,0,0,3,0,0,0,0,0,1,0,1,0,0,0,0,0,0,0.0,0.1935483870967742,3,0
229,29,26,2,0,1,5,1,3,0,2,92,0,0,1,0,0,0,1,2,0,0.4017467248908297,0.07423580786026202,3,1
96,10,79,2,9,0,4,0,0,0,0,5,0,0,0,0,0,0,0,0,0,0.052083333333333336,0.16666666666666666,2,0
27,18,1,1,1,0,3,0,0,0,0,0,0,0,1,0,0,1,0,0,0,0.0,0.2222222222222222,3,1
55,14,33,2,0,2,6,0,1,0,0,5,1,0,1,0,0,0,0,0,0,0.09090909090909091,0.21818181818181817,3,0
28,18,3,2,0,0,3,0,0,0,0,1,1,0,0,0,0,0,0,0,0,0.03571428571428571,0.21428571428571427,3,1
137,13,117,2,3,0,8,0,0,0,0,46,1,0,0,0,0,0,0,0,0,0.3357664233576642,0.10218978102189781,2,1
35,21,6,2,0,0,3,0,0,0,0,0,1,0,1,0,0,0,1,0,0,0.0,0.17142857142857143,3,0
78,22,49,3,1,0,9,0,0,0,0,0,1,0,0,0,0,0,1,1,0,0.0,0.1794871794871795,3,1
47,17,22,3,0,0,5,0,0,0,0,1,1,0,1,0,0,0,0,0,0,0.02127659574468085,0.19148936170212766,3,0
41,11,22,3,0,0,5,0,0,0,0,1,1,0,1,0,0,0,0,0,0,0.024390243902439025,0.21951219512195122,3,0
30,14,8,2,0,0,3,0,0,0,0,0,1,0,1,0,0,0,0,0,0,0.0,0.2,3,0
26,10,8,2,0,0,3,0,0,0,0,0,1,0,1,0,0,0,0,0,0,0.0,0.23076923076923078,3,0
108,7,33,1,1,0,4,1,1,0,0,38,0,0,1,0,0,0,0,0,0,0.35185185185185186,0.14814814814814814,2,1
40,12,20,2,0,0,5,0,0,0,0,0,1,0,1,0,0,0,0,0,0,0.0,0.2,3,0
60,19,33,1,0,2,6,0,1,0,0,5,0,0,1,0,0,0,0,0,0,0.08333333333333333,0.18333333333333332,3,0
44,24,1,2,1,0,3,1,0,0,0,0,1,0,1,0,0,1,0,0,0,0.0,0.18181818181818182,4,1
58,17,33,2,0,0,6,0,0,0,0,0,0,0,1,0,0,0,0,0,0,0.0,0.15517241379310345,3,1
43,13,23,5,0,0,4,0,0,0,0,10,2,1,0,0,0,0,1,1,0,0.23255813953488372,0.23255813953488372,3,1
46,16,22,3,0,0,5,0,0,0,0,1,1,0,1,0,0,0,0,0,0,0.021739130434782608,0.1956521739130435,3,0
38,15,15,2,1,0,3,0,0,0,0,0,1,0,1,0,0,0,1,0,0,0.0,0.18421052631578946,3,0
151,13,33,11,2,0,12,2,4,0,3,0,1,0,1,0,0,0,2,0,0,0.0,0.26490066225165565,2,1
42,31,4,3,1,0,3,0,0,0,0,0,2,0,0,0,0,1,1,0,0,0.0,0.19047619047619047,3,1
28,14,6,2,0,0,3,0,0,0,0,0,1,0,1,0,0,0,0,0,0,0.0,0.21428571428571427,3,0
199,13,13,2,0,1,4,1,3,0,2,76,0,0,0,0,0,0,1,0,0,0.38190954773869346,0.08040201005025126,3,1
69,30,0,2,0,0,2,1,3,0,0,4,1,0,1,0,0,0,0,0,0,0.057971014492753624,0.13043478260869565,3,1
223,8,42,2,1,1,7,1,3,0,2,85,0,0,0,0,0,0,1,0,0,0.3811659192825112,0.08968609865470852,3,1
132,42,82,7,0,0,7,0,0,0,0,31,3,0,1,0,0,0,1,0,0,0.23484848484848486,0.12121212121212122,3,1
36,11,6,2,0,0,3,1,1,0,0,3,1,0,1,0,0,0,0,0,0,0.08333333333333333,0.2222222222222222,3,0
51,23,20,1,0,1,5,0,0,0,0,0,0,0,1,0,0,0,0,0,0,0.0,0.1568627450980392,3,1
50,10,32,1,3,0,5,0,0,0,0,0,0,0,1,0,0,0,0,0,0,0.0,0.2,3,0
125,35,82,2,8,0,7,0,0,0,0,17,1,0,1,0,0,1,0,0,0,0.136,0.144,4,1
43,13,22,3,0,0,5,0,0,0,0,1,1,0,1,0,0,0,0,1,0,0.023255813953488372,0.20930232558139536,3,0
37,12,6,2,0,0,3,1,1,0,0,3,1,0,1,0,0,0,0,0,0,0.08108108108108109,0.21621621621621623,3,0
90,15,68,2,12,0,3,0,0,0,0,3,0,0,0,0,0,0,0,0,0,0.03333333333333333,0.2,3,0
105,22,44,3,1,1,8,1,2,0,1,3,0,0,0,0,0,0,3,1,0,0.02857142857142857,0.18095238095238095,3,1
61,20,34,2,0,0,6,0,0,0,0,2,0,0,0,0,0,0,0,0,0,0.03278688524590164,0.14754098360655737,3,1
33,19,6,2,0,0,3,0,0,0,0,0,1,0,1,0,0,0,0,0,0,0.0,0.18181818181818182,3,0
317,18,280,6,5,0,4,0,5,1,4,93,1,0,1,0,0,0,0,0,0,0.29337539432176657,0.11987381703470032,2,1
30,13,9,2,0,0,3,0,0,0,0,0,1,0,1,0,0,0,0,0,0,0.0,0.2,3,0
85,10,68,1,10,0,7,0,0,0,0,8,0,0,0,0,0,0,0,0,0,0.09411764705882353,0.2235294117647059,3,0
63,15,41,3,0,0,8,0,0,0,0,0,1,0,0,0,0,0,0,0,0,0.0,0.19047619047619047,2,1
46,23,15,2,0,0,4,0,0,0,0,4,1,0,1,0,0,0,0,0,0,0.08695652173913043,0.15217391304347827,3,0
38,30,0,2,0,0,2,0,0,0,0,4,1,0,1,0,0,0,0,0,0,0.10526315789473684,0.13157894736842105,2,1
21,12,1,2,0,0,3,0,0,0,0,0,1,0,1,0,0,0,0,0,0,0.0,0.2857142857142857,3,0
26,15,4,2,1,0,4,0,0,0,0,0,1,0,0,0,0,1,0,0,0,0.0,0.3076923076923077,3,1
46,26,13,3,1,0,3,0,0,0,0,1,1,0,0,0,0,0,1,0,0,0.021739130434782608,0.17391304347826086,3,1
69,23,39,2,1,0,7,0,0,0,0,4,1,0,0,0,0,0,0,0,0,0.057971014492753624,0.15942028985507245,3,1
51,10,33,1,0,2,6,0,1,0,0,5,0,0,1,0,0,0,0,1,0,0.09803921568627451,0.21568627450980393,3,0
123,12,104,4,2,0,8,0,0,0,0,26,0,0,0,0,0,0,1,1,0,0.21138211382113822,0.17073170731707318,3,1
24,16,1,1,0,0,3,0,0,0,0,0,0,0,0,0,0,0,0,0,0,0.0,0.20833333333333334,3,1
58,19,32,1,1,0,7,0,0,0,0,0,0,0,0,0,0,0,0,0,0,0.0,0.1724137931034483,3,1
35,13,14,2,1,0,4,0,0,0,0,0,1,0,1,0,0,0,0,0,0,0.0,0.22857142857142856,3,0
98,8,83,1,12,0,5,0,0,0,0,5,0,0,0,0,0,0,0,0,0,0.05102040816326531,0.19387755102040816,3,0
98,15,76,3,1,0,11,0,0,0,0,0,2,0,0,0,0,0,0,1,0,0.0,0.16326530612244897,2,1
28,11,9,2,0,0,3,0,0,0,0,0,1,0,1,0,0,0,0,0,0,0.0,0.21428571428571427,3,0
166,19,42,7,3,1,11,1,3,1,2,0,0,0,1,0,0,0,0,0,0,0.0,0.20481927710843373,3,1
214,13,28,2,1,1,6,1,3,0,2,80,0,0,0,0,0,0,1,0,0,0.37383177570093457,0.08878504672897196,3,1
37,29,1,2,2,0,3,0,0,0,0,4,1,0,0,0,0,1,0,1,0,0.10810810810810811,0.21621621621621623,3,1
31,15,8,2,0,0,3,0,0,0,0,0,1,0,1,0,0,0,0,0,0,0.0,0.1935483870967742,3,0
19,11,0,1,0,0,2,0,0,0,0,0,0,0,1,0,0,0,0,0,0,0.0,0.21052631578947367,2,1
179,12,160,4,2,0,8,0,0,0,0,26,0,0,0,0,0,0,1,1,0,0.1452513966480447,0.2737430167597765,3,1
36,13,15,2,0,0,4,0,0,0,0,4,1,0,1,0,0,0,0,0,0,0.1111111111111111,0.19444444444444445,3,0
139,9,123,1,0,0,4,0,0,0,0,46,0,0,0,0,0,0,0,0,0,0.33093525179856115,0.3237410071942446,2,0
30,22,0,2,0,0,2,0,0,0,0,0,1,0,1,0,0,0,0,0,0,0.0,0.16666666666666666,3,0
28,13,7,2,0,0,3,0,0,0,0,0,1,0,1,0,0,0,0,0,0,0.0,0.21428571428571427,3,0
105,9,89,2,4,0,9,0,0,0,0,1,1,0,0,0,0,0,0,0,0,0.009523809523809525,0.1523809523809524,2,0
39,15,16,3,0,1,5,0,0,0,0,0,1,0,1,0,0,0,1,0,0,0.0,0.2564102564102564,3,1
49,22,20,2,1,0,4,0,0,0,0,0,1,0,0,0,0,1,0,0,0,0.0,0.16326530612244897,2,1
41,33,1,4,0,0,3,0,0,0,0,0,3,0,0,0,0,0,2,1,0,0.0,0.1951219512195122,3,1
67,22,37,2,4,0,5,0,0,0,0,4,1,0,1,0,0,0,0,0,0,0.05970149253731343,0.1791044776119403,3,0
29,21,1,2,0,0,3,0,0,0,0,0,1,0,0,0,0,0,0,1,0,0.0,0.20689655172413793,2,1
26,12,6,2,0,0,3,0,0,0,0,0,1,0,1,0,0,0,0,0,0,0.0,0.23076923076923078,2,0
19,10,1,1,0,0,3,0,0,0,0,0,0,0,1,0,0,0,0,0,0,0.0,0.2631578947368421,3,0
102,14,8,6,0,0,12,2,1,0,0,1,1,0,0,0,0,0,1,0,0,0.00980392156862745,0.23529411764705882,3,1
33,19,6,2,0,0,3,0,0,0,0,0,1,0,1,0,0,0,1,0,0,0.0,0.18181818181818182,3,0
37,14,15,2,0,0,4,0,0,0,0,4,1,0,1,0,0,0,0,0,0,0.10810810810810811,0.1891891891891892,3,0
203,11,63,9,1,0,7,1,7,1,6,16,0,0,0,0,0,0,1,0,0,0.07881773399014778,0.2019704433497537,3,1
41,11,22,3,0,0,5,0,0,0,0,1,1,0,1,0,0,0,0,0,0,0.024390243902439025,0.21951219512195122,3,0
86,10,69,1,9,0,7,0,0,0,0,8,0,0,0,0,0,0,0,0,0,0.09302325581395349,0.20930232558139536,3,0
97,11,28,3,1,1,6,1,2,1,1,5,0,0,1,0,0,0,0,0,0,0.05154639175257732,0.18556701030927836,2,1
40,12,20,2,0,0,5,0,0,0,0,0,1,0,1,0,0,0,0,0,0,0.0,0.2,3,0
104,13,84,2,1,1,10,0,0,0,0,5,1,0,0,0,0,0,1,0,0,0.04807692307692308,0.14423076923076922,2,1
31,17,6,2,0,0,3,0,0,0,0,0,1,0,1,0,0,0,1,0,0,0.0,0.1935483870967742,3,0
40,17,6,3,0,0,4,1,1,0,0,3,2,0,1,0,0,0,0,0,0,0.075,0.25,2,1
100,19,74,2,4,0,8,0,0,0,0,0,0,0,0,0,0,0,0,0,0,0.0,0.15,3,1
90,11,72,1,5,0,8,0,0,0,0,0,0,0,0,0,0,0,0,0,0,0.0,0.16666666666666666,3,0
26,9,9,1,0,0,3,0,0,0,0,0,0,0,1,0,0,0,0,0,0,0.0,0.19230769230769232,3,0
51,21,22,3,0,0,5,0,0,0,0,1,1,0,1,0,0,0,0,1,0,0.0196078431372549,0.17647058823529413,3,0
289,24,61,3,1,4,9,1,4,0,3,63,1,0,1,0,0,1,0,0,0,0.2179930795847751,0.1314878892733564,3,1
81,14,60,1,1,1,7,0,0,0,0,5,0,0,0,0,0,0,2,0,0,0.06172839506172839,0.13580246913580246,3,1
31,13,10,1,0,0,4,0,0,0,0,0,0,0,1,0,0,0,0,0,0,0.0,0.1935483870967742,3,1
32,16,8,2,0,0,3,0,0,0,0,0,1,0,1,0,0,0,0,0,0,0.0,0.1875,3,0
52,22,22,2,0,1,4,0,0,0,0,0,1,0,1,0,0,0,0,1,0,0.0,0.15384615384615385,3,0
72,21,26,2,0,0,4,1,1,0,0,9,0,0,0,0,0,0,0,0,0,0.125,0.125,3,1
21,12,1,2,0,0,3,0,0,0,0,0,1,0,1,0,0,0,0,0,0,0.0,0.2857142857142857,3,0
28,14,6,2,0,0,3,0,0,0,0,0,1,0,1,0,0,0,1,0,0,0.0,0.21428571428571427,3,0
42,29,6,1,0,0,4,0,0,0,0,0,0,0,0,0,0,0,0,0,0,0.0,0.14285714285714285,3,1
55,15,32,2,3,0,5,0,0,0,0,0,1,0,1,0,0,0,0,0,0,0.0,0.2,3,0
39,31,1,6,1,0,3,0,0,0,0,1,5,0,0,0,0,1,0,0,0,0.02564102564102564,0.28205128205128205,2,1
41,21,13,1,0,0,4,0,0,0,0,8,0,0,0,0,0,0,0,0,0,0.1951219512195122,0.14634146341463414,3,1
38,31,0,2,1,0,2,0,0,0,0,2,1,0,0,0,0,1,0,0,0,0.05263157894736842,0.15789473684210525,3,1
41,13,20,2,0,0,5,0,0,0,0,0,1,0,1,0,0,0,0,0,0,0.0,0.1951219512195122,3,0
28,19,1,1,0,0,3,0,0,0,0,0,0,0,1,0,0,0,1,0,0,0.0,0.17857142857142858,3,1
116,13,96,1,15,0,5,0,0,0,0,4,0,0,0,0,0,0,0,0,0,0.034482758620689655,0.1896551724137931,3,0
38,30,1,2,0,0,3,0,0,0,0,0,1,0,0,0,0,0,0,0,0,0.0,0.15789473684210525,3,1
26,8,11,1,0,0,3,0,0,0,0,0,0,0,0,0,0,0,0,0,0,0.0,0.19230769230769232,2,1
78,22,15,3,0,0,4,1,0,0,0,11,1,0,1,0,0,0,0,1,0,0.14102564102564102,0.11538461538461539,3,1
28,12,8,2,0,0,3,0,0,0,0,0,1,0,1,0,0,0,0,0,0,0.0,0.21428571428571427,3,0
31,22,1,2,0,0,3,0,0,0,0,2,1,0,1,0,0,0,0,0,0,0.06451612903225806,0.1935483870967742,3,1
96,9,80,2,12,0,4,0,0,0,0,19,0,0,0,0,0,0,0,0,0,0.19791666666666666,0.19791666666666666,2,0
43,19,17,3,0,0,6,0,0,0,0,0,1,0,0,0,0,0,0,0,0,0.0,0.23255813953488372,3,1
25,12,5,2,0,0,3,0,0,0,0,0,1,0,1,0,0,0,0,0,0,0.0,0.24,2,0
31,16,7,1,0,0,3,0,0,0,0,0,0,0,1,0,0,0,0,0,0,0.0,0.16129032258064516,3,1
47,14,25,1,0,0,3,0,0,0,0,0,0,0,1,0,0,0,0,0,0,0.0,0.1276595744680851,2,1
78,12,24,4,0,0,5,1,3,0,2,10,2,1,0,0,0,0,1,0,0,0.1282051282051282,0.23076923076923078,2,1
32,14,10,2,0,0,6,0,0,0,0,1,1,0,1,0,0,0,1,1,0,0.03125,0.28125,3,0
47,26,14,2,0,0,5,0,0,0,0,0,1,0,0,0,0,0,0,0,0,0.0,0.1702127659574468,2,1
40,15,6,2,0,0,3,1,1,0,0,3,1,0,1,0,0,0,1,1,0,0.075,0.2,3,0
49,18,24,4,0,0,4,0,0,0,0,0,1,0,0,0,0,0,0,0,0,0.0,0.1836734693877551,4,1
43,18,17,1,1,0,3,0,0,0,0,3,0,0,1,0,0,1,0,0,0,0.06976744186046512,0.13953488372093023,2,1
19,6,5,1,0,0,3,0,0,0,0,0,0,0,1,0,0,0,0,0,0,0.0,0.2631578947368421,2,1
33,25,1,2,0,0,3,0,0,0,0,2,1,0,0,0,0,0,0,0,0,0.06060606060606061,0.18181818181818182,3,1
54,18,29,2,1,0,4,0,0,0,0,13,1,0,0,0,0,0,0,0,0,0.24074074074074073,0.16666666666666666,2,1
29,12,9,2,0,0,3,0,0,0,0,0,1,0,1,0,0,0,0,1,0,0.0,0.20689655172413793,3,0
47,32,7,5,0,0,4,0,0,0,0,13,4,0,1,0,0,0,0,0,0,0.2765957446808511,0.2127659574468085,2,1
59,6,46,2,0,0,9,0,0,0,0,1,0,0,0,0,1,0,0,0,0,0.01694915254237288,0.2033898305084746,2,1
45,15,22,3,0,0,5,0,0,0,0,1,1,0,1,0,0,0,0,1,0,0.022222222222222223,0.2,3,0
44,12,25,3,0,1,5,0,0,0,0,1,1,0,0,0,0,0,0,0,0,0.022727272727272728,0.22727272727272727,2,1
72,22,43,1,1,0,7,0,0,0,0,3,0,0,0,0,0,0,3,1,0,0.041666666666666664,0.1388888888888889,3,1
42,12,22,1,0,1,4,0,0,0,0,0,0,0,1,0,0,0,0,0,0,0.0,0.16666666666666666,3,0
32,12,12,2,0,0,4,0,0,0,0,0,1,0,1,0,0,0,0,0,0,0.0,0.21875,3,0
28,12,8,2,0,0,3,0,0,0,0,0,1,0,1,0,0,0,0,0,0,0.0,0.21428571428571427,3,0
43,13,22,3,0,0,5,0,0,0,0,1,1,0,1,0,0,0,0,0,0,0.023255813953488372,0.20930232558139536,3,0
24,11,5,2,0,0,3,0,0,0,0,0,1,0,1,0,0,0,0,0,0,0.0,0.25,3,0
36,16,12,2,0,0,4,0,0,0,0,0,1,0,1,0,0,0,0,0,0,0.0,0.19444444444444445,3,0
34,12,14,2,1,0,4,0,0,0,0,0,1,0,1,0,0,0,0,0,0,0.0,0.23529411764705882,3,0
57,17,32,2,3,0,5,0,0,0,0,0,1,0,1,0,0,0,0,1,0,0.0,0.19298245614035087,3,0
30,21,1,2,0,0,3,0,0,0,0,10,1,0,1,0,0,0,0,0,0,0.3333333333333333,0.2,3,1
30,16,6,2,0,0,3,0,0,0,0,0,1,0,1,0,0,0,0,0,0,0.0,0.2,3,0
34,21,5,2,0,0,3,0,0,0,0,0,1,0,1,0,0,0,0,0,0,0.0,0.17647058823529413,3,0
285,32,61,3,5,5,7,1,5,0,3,65,1,0,1,0,0,1,0,0,0,0.22807017543859648,0.12631578947368421,3,1
30,14,8,2,0,0,4,0,0,0,0,0,1,0,1,0,0,0,1,0,0,0.0,0.23333333333333334,3,1
90,15,26,2,0,0,6,1,1,1,0,0,0,0,0,0,0,0,0,0,0,0.0,0.13333333333333333,3,1
33,17,8,2,0,0,3,0,0,0,0,0,1,0,1,0,0,0,0,1,0,0.0,0.18181818181818182,3,0
39,16,15,2,0,0,4,0,0,0,0,4,1,0,1,0,0,0,0,0,0,0.10256410256410256,0.1794871794871795,3,0
31,15,8,2,0,0,3,0,0,0,0,0,1,0,1,0,0,0,0,0,0,0.0,0.1935483870967742,3,0
327,15,32,2,1,0,6,1,7,0,6,106,0,0,1,0,0,0,1,0,0,0.3241590214067278,0.09174311926605505,3,1
60,15,37,2,4,0,5,0,0,0,0,4,1,0,1,0,0,0,0,0,0,0.06666666666666667,0.2,3,0
26,11,7,2,0,0,3,0,0,0,0,0,1,0,1,0,0,0,0,0,0,0.0,0.23076923076923078,3,0
92,16,69,5,2,0,9,0,0,0,0,3,1,0,0,0,0,0,3,0,0,0.03260869565217391,0.18478260869565216,2,1
25,10,7,1,0,0,3,0,0,0,0,0,0,0,1,0,0,0,0,0,0,0.0,0.2,3,0
33,15,10,2,0,0,6,0,0,0,0,1,1,0,1,0,0,0,0,0,0,0.030303030303030304,0.2727272727272727,3,0
40,17,15,2,0,0,4,0,0,0,0,4,1,0,1,0,0,0,0,0,0,0.1,0.175,3,0
71,28,35,2,0,0,4,0,0,0,0,25,0,0,1,0,0,0,0,0,0,0.352112676056338,0.09859154929577464,6,1
29,22,0,2,0,0,2,0,0,0,0,2,1,0,0,0,0,0,0,0,0,0.06896551724137931,0.1724137931034483,3,1
93,9,77,1,1,0,5,0,0,0,0,26,0,0,0,0,0,0,0,0,0,0.27956989247311825,0.3225806451612903,3,0
31,15,8,2,0,0,3,0,0,0,0,0,1,0,1,0,0,0,0,1,0,0.0,0.1935483870967742,3,0
68,11,50,2,1,1,6,0,0,0,0,4,0,0,0,0,0,0,0,0,0,0.058823529411764705,0.16176470588235295,3,1
31,15,8,2,0,0,3,0,0,0,0,0,1,0,1,0,0,0,0,0,0,0.0,0.1935483870967742,3,0
36,18,10,2,0,0,6,0,0,0,0,1,1,0,1,0,0,0,0,0,0,0.027777777777777776,0.25,3,0
39,17,14,2,1,0,4,0,0,0,0,0,1,0,1,0,0,0,0,1,0,0.0,0.20512820512820512,3,0
57,49,0,4,0,0,2,0,0,0,0,0,3,0,1,0,0,0,0,0,0,0.0,0.12280701754385964,10,1
19,11,0,2,0,0,2,0,0,0,0,0,1,0,1,0,0,0,0,0,0,0.0,0.2631578947368421,3,0
66,58,1,7,0,0,3,0,0,0,0,1,6,0,0,0,0,0,1,1,0,0.015151515151515152,0.16666666666666666,2,1
37,28,1,2,0,0,3,0,0,0,0,0,1,0,1,0,0,0,0,0,0,0.0,0.16216216216216217,3,1
32,19,5,2,0,0,3,0,0,0,0,0,1,0,1,0,0,0,0,0,0,0.0,0.1875,3,0
41,18,15,2,0,0,4,0,0,0,0,4,1,0,1,0,0,0,0,0,0,0.0975609756097561,0.17073170731707318,3,0
138,13,118,2,0,12,5,0,0,0,0,9,1,0,0,0,0,0,0,0,0,0.06521739130434782,0.14492753623188406,2,0
43,25,10,3,1,0,3,0,0,0,0,2,1,0,1,0,0,1,1,0,0,0.046511627906976744,0.18604651162790697,3,1
30,6,4,1,0,0,3,2,0,0,0,12,0,0,0,0,0,0,0,0,0,0.4,0.23333333333333334,2,1
88,12,69,4,2,0,9,0,0,0,0,3,0,0,0,0,0,0,3,0,0,0.03409090909090909,0.18181818181818182,2,1
30,16,6,2,0,0,3,0,0,0,0,0,1,0,1,0,0,0,0,0,0,0.0,0.2,3,0
167,12,148,2,1,0,4,0,0,0,0,24,1,0,0,0,0,0,0,0,0,0.1437125748502994,0.04790419161676647,3,1
32,17,7,2,0,0,3,0,0,0,0,0,1,0,1,0,0,0,0,0,0,0.0,0.1875,3,0
27,18,1,3,0,0,3,0,0,0,0,0,2,0,1,0,0,0,0,1,0,0.0,0.25925925925925924,3,0
277,23,54,3,1,5,7,1,4,0,3,53,1,0,1,0,0,1,0,0,0,0.19133574007220217,0.1299638989169675,3,1
231,14,210,2,2,3,5,0,0,0,0,38,1,0,0,0,0,0,0,0,0,0.1645021645021645,0.05627705627705628,3,1
101,26,67,3,1,0,10,0,0,0,0,0,2,0,1,0,0,0,2,0,0,0.0,0.1485148514851485,2,1
152,11,4,3,5,3,3,1,3,0,2,28,0,0,0,0,0,0,0,0,0,0.18421052631578946,0.17763157894736842,2,0
152,18,10,3,0,4,3,1,3,0,2,27,1,0,0,0,0,0,1,1,0,0.17763157894736842,0.125,3,1
36,28,1,4,0,0,3,0,0,0,0,13,3,0,0,0,0,0,0,0,0,0.3611111111111111,0.2222222222222222,3,1
22,6,8,1,0,0,4,0,0,0,0,1,0,0,1,0,0,0,0,0,0,0.045454545454545456,0.2727272727272727,2,1
31,17,6,2,0,0,3,0,0,0,0,0,1,0,1,0,0,0,1,1,0,0.0,0.1935483870967742,3,0
43,25,10,5,0,0,3,0,0,0,0,0,3,0,1,0,0,0,0,0,0,0.0,0.20930232558139536,3,1
77,22,48,3,1,0,8,0,0,0,0,0,1,0,0,0,0,0,1,1,0,0.0,0.16883116883116883,3,1
179,14,50,3,5,0,9,1,3,0,1,2,0,0,1,0,0,0,1,1,0,0.0111731843575419,0.13966480446927373,3,1
48,19,22,2,0,0,7,0,0,0,0,0,1,0,0,0,0,0,0,0,0,0.0,0.20833333333333334,2,1
23,10,5,2,0,0,3,0,0,0,0,0,1,0,1,0,0,0,0,0,0,0.0,0.2608695652173913,3,0
32,12,12,1,0,0,4,0,0,0,0,0,0,0,1,0,0,0,0,0,0,0.0,0.1875,3,0
41,15,18,2,0,0,4,0,0,0,0,0,0,0,1,0,0,0,0,1,0,0.0,0.17073170731707318,3,1
23,8,7,1,0,0,3,0,0,0,0,0,0,0,1,0,0,0,0,0,0,0.0,0.21739130434782608,3,0
118,15,96,3,16,0,4,0,0,0,0,6,1,0,0,0,0,0,0,0,0,0.05084745762711865,0.2033898305084746,2,0
43,15,20,2,0,0,5,0,0,0,0,0,1,0,1,0,0,0,0,0,0,0.0,0.18604651162790697,3,0
37,21,9,2,0,0,3,0,0,0,0,4,1,0,0,0,0,0,0,0,0,0.10810810810810811,0.16216216216216217,3,1
56,48,1,4,1,0,3,0,0,0,0,0,3,0,0,0,0,1,0,0,0,0.0,0.16071428571428573,3,1
84,15,62,1,9,1,3,0,0,0,0,5,0,0,0,0,0,0,0,0,0,0.05952380952380952,0.17857142857142858,3,0
118,10,101,1,15,0,7,0,0,0,0,6,0,0,0,0,0,0,0,0,0,0.05084745762711865,0.2033898305084746,3,0
26,12,6,2,0,0,3,0,0,0,0,0,1,0,1,0,0,0,1,0,0,0.0,0.23076923076923078,3,0
61,14,40,1,0,0,4,0,0,0,0,17,0,0,0,0,0,0,0,0,0,0.2786885245901639,0.09836065573770492,3,1
112,15,76,2,3,2,8,1,1,0,0,3,1,0,1,0,0,0,0,1,0,0.026785714285714284,0.16071428571428573,3,1
127,22,98,3,3,0,11,0,0,0,0,0,1,0,0,0,0,1,0,0,0,0.0,0.14173228346456693,2,1
27,13,6,1,0,0,3,0,0,0,0,0,0,0,1,0,0,0,1,0,0,0.0,0.18518518518518517,3,0
26,14,5,3,0,0,3,0,0,0,0,0,1,0,0,0,0,0,0,0,0,0.0,0.2692307692307692,2,1
136,12,57,9,0,0,4,1,1,0,0,33,0,0,0,0,0,0,0,0,0,0.2426470588235294,0.1323529411764706,3,0
29,15,6,2,0,0,3,0,0,0,0,0,1,0,1,0,0,0,1,0,0,0.0,0.20689655172413793,3,0
452,18,25,42,9,2,6,4,18,0,15,77,0,0,0,0,0,0,0,1,0,0.17035398230088494,0.24778761061946902,3,1
85,21,56,2,0,2,8,0,0,0,0,3,0,0,1,0,0,0,0,0,0,0.03529411764705882,0.15294117647058825,2,1
107,8,92,1,13,0,6,0,0,0,0,6,0,0,0,0,0,0,0,0,0,0.056074766355140186,0.19626168224299065,3,0
90,9,10,2,0,0,3,1,5,0,4,17,0,0,0,0,0,0,0,0,0,0.18888888888888888,0.17777777777777778,3,0
34,14,12,2,0,0,4,0,0,0,0,0,1,0,1,0,0,0,0,0,0,0.0,0.20588235294117646,3,0
29,21,0,2,0,0,2,0,0,0,0,0,1,0,1,0,0,0,0,0,0,0.0,0.1724137931034483,3,0
118,19,28,6,0,0,5,1,1,0,0,21,0,0,1,0,0,0,0,0,0,0.17796610169491525,0.11864406779661017,2,1
330,16,22,4,8,0,6,1,4,0,3,103,1,0,1,0,0,0,1,1,0,0.31212121212121213,0.12727272727272726,3,1
25,13,5,1,0,0,4,0,0,0,0,0,0,0,0,0,0,0,0,0,0,0.0,0.24,3,1
83,15,61,1,4,0,5,0,0,0,0,9,0,0,0,0,0,0,0,0,0,0.10843373493975904,0.13253012048192772,3,0
24,9,7,1,0,0,3,0,0,0,0,1,0,0,1,0,0,0,0,0,0,0.041666666666666664,0.20833333333333334,2,1
124,23,93,7,1,1,6,0,0,0,0,16,2,0,1,0,0,0,1,0,0,0.12903225806451613,0.1935483870967742,2,1
28,21,0,2,0,0,2,0,0,0,0,0,1,0,0,0,0,0,0,0,0,0.0,0.17857142857142858,3,1
475,13,13,22,0,5,8,1,7,0,6,39,0,0,1,0,0,0,1,0,0,0.08210526315789474,0.18736842105263157,3,1
53,13,32,2,3,0,5,0,0,0,0,0,1,0,1,0,0,0,0,0,0,0.0,0.20754716981132076,3,0
64,22,35,3,0,0,6,0,0,0,0,0,1,0,0,0,0,0,0,0,0,0.0,0.15625,3,1
26,10,8,2,0,0,3,0,0,0,0,0,1,0,1,0,0,0,0,0,0,0.0,0.23076923076923078,3,0
32,24,1,2,0,0,3,0,0,0,0,0,1,0,0,0,0,0,0,0,0,0.0,0.1875,2,1
39,23,8,3,1,0,3,0,0,0,0,0,2,0,1,0,0,1,0,1,0,0.0,0.20512820512820512,2,1
32,10,14,1,1,0,4,0,0,0,0,0,0,0,1,0,0,0,0,0,0,0.0,0.21875,3,0
27,14,6,1,0,0,4,0,0,0,0,0,0,0,0,0,0,0,0,0,0,0.0,0.2222222222222222,2,1
95,42,46,4,1,0,7,0,0,0,0,10,3,0,0,0,0,0,1,0,0,0.10526315789473684,0.14736842105263157,3,1
36,13,15,2,0,0,4,0,0,0,0,4,1,0,1,0,0,0,0,0,0,0.1111111111111111,0.19444444444444445,3,0
35,9,18,1,0,0,3,0,0,0,0,4,0,0,1,0,0,0,0,0,0,0.11428571428571428,0.14285714285714285,3,1
48,20,20,3,0,0,5,0,0,0,0,6,1,0,1,0,0,0,0,0,0,0.125,0.1875,3,1
39,30,1,2,1,0,3,0,0,0,0,0,1,0,1,0,0,1,0,0,0,0.0,0.1794871794871795,7,1
29,15,6,2,0,0,3,0,0,0,0,0,1,0,1,0,0,0,0,0,0,0.0,0.20689655172413793,3,0
34,14,12,2,0,0,4,0,0,0,0,0,1,0,1,0,0,0,0,1,0,0.0,0.20588235294117646,3,0
51,20,23,2,0,0,5,0,0,0,0,0,0,0,1,0,0,0,0,1,0,0.0,0.1568627450980392,3,1
94,16,71,2,0,0,13,0,0,0,0,0,0,0,0,0,0,0,0,0,0,0.0,0.1702127659574468,3,1
36,14,14,2,1,0,4,0,0,0,0,0,1,0,1,0,0,0,0,0,0,0.0,0.2222222222222222,3,0
45,15,22,2,0,1,4,0,0,0,0,0,1,0,1,0,0,0,0,0,0,0.0,0.17777777777777778,3,0
34,17,9,2,0,0,3,0,0,0,0,0,1,0,1,0,0,0,0,1,0,0.0,0.17647058823529413,3,0
22,15,0,2,0,0,2,0,0,0,0,0,1,0,0,0,0,0,0,0,0,0.0,0.22727272727272727,2,1
254,25,51,3,0,7,8,1,4,0,3,52,1,0,1,0,0,0,1,1,0,0.2047244094488189,0.11811023622047244,3,1
50,13,13,2,0,1,4,1,1,0,0,0,0,0,0,0,0,0,1,0,0,0.0,0.2,3,1
301,11,5,2,1,0,3,1,1,0,0,88,0,0,0,0,0,0,0,0,0,0.292358803986711,0.28903654485049834,3,0
30,22,0,2,0,0,2,0,0,0,0,3,1,0,1,0,0,0,0,0,0,0.1,0.16666666666666666,3,1
75,13,34,3,0,0,5,1,2,0,1,12,1,0,1,0,0,0,0,0,0,0.16,0.17333333333333334,3,1
44,14,23,3,0,0,5,0,0,0,0,0,1,0,0,0,0,0,0,1,0,0.0,0.20454545454545456,2,1
40,17,15,2,0,0,4,0,0,0,0,4,1,0,1,0,0,0,0,0,0,0.1,0.175,2,0
33,18,7,2,0,0,3,0,0,0,0,0,1,0,1,0,0,0,0,0,0,0.0,0.18181818181818182,3,0
36,19,9,2,0,0,3,0,0,0,0,0,1,0,1,0,0,0,0,0,0,0.0,0.16666666666666666,3,0
45,37,0,2,1,0,2,0,0,0,0,3,1,0,1,0,0,1,0,0,0,0.06666666666666667,0.13333333333333333,3,1
48,18,22,2,0,1,4,0,0,0,0,0,1,0,1,0,0,0,0,1,0,0.0,0.16666666666666666,3,0
34,18,8,2,0,0,3,0,0,0,0,0,1,0,1,0,0,0,0,0,0,0.0,0.17647058823529413,3,0
26,19,0,2,0,0,2,0,0,0,0,0,1,0,0,0,0,0,0,0,0,0.0,0.19230769230769232,4,1
38,15,15,2,0,0,4,0,0,0,0,4,1,0,1,0,0,0,0,0,0,0.10526315789473684,0.18421052631578946,3,0
25,17,0,2,0,0,2,0,0,0,0,0,1,0,1,0,0,0,0,0,0,0.0,0.2,3,0
31,17,6,2,0,0,3,0,0,0,0,0,1,0,1,0,0,0,1,0,0,0.0,0.1935483870967742,3,0
51,24,20,2,1,0,5,0,0,0,0,0,1,0,0,0,0,1,0,1,0,0.0,0.17647058823529413,3,1
26,9,10,1,0,0,5,0,0,0,0,2,0,0,0,0,0,0,0,0,0,0.07692307692307693,0.2692307692307692,3,1
38,23,7,2,0,0,3,0,0,0,0,0,1,0,1,0,0,0,0,0,0,0.0,0.15789473684210525,3,0
29,22,0,2,1,0,2,0,0,0,0,0,1,0,0,0,0,1,0,0,0,0.0,0.20689655172413793,3,1
41,11,22,1,0,1,4,0,0,0,0,0,0,0,1,0,0,0,0,0,0,0.0,0.17073170731707318,3,0
30,16,6,2,0,0,3,0,0,0,0,0,1,0,1,0,0,0,1,0,0,0.0,0.2,3,0
164,16,33,2,4,0,8,1,3,0,1,15,0,0,1,0,0,1,0,0,0,0.09146341463414634,0.12804878048780488,2,1
40,31,1,2,0,0,3,0,0,0,0,0,1,0,1,0,0,0,0,0,0,0.0,0.15,3,1
28,20,1,2,0,0,3,0,0,0,0,0,1,0,0,0,0,0,0,0,0,0.0,0.21428571428571427,3,1
34,13,14,1,0,0,5,0,0,0,0,0,0,0,0,0,0,0,0,0,0,0.0,0.20588235294117646,3,1
36,18,10,2,0,0,6,0,0,0,0,1,1,0,1,0,0,0,0,0,0,0.027777777777777776,0.25,3,0
73,27,39,1,0,0,6,0,0,0,0,8,0,0,0,0,0,0,0,1,0,0.1095890410958904,0.1095890410958904,2,1
28,17,4,1,0,0,3,0,0,0,0,0,0,0,0,0,0,0,0,0,0,0.0,0.17857142857142858,3,1
211,14,31,2,0,1,8,1,3,0,2,80,0,0,1,0,0,0,1,0,0,0.3791469194312796,0.08530805687203792,3,1
30,16,6,2,0,0,3,0,0,0,0,0,1,0,1,0,0,0,0,0,0,0.0,0.2,3,0
222,18,31,3,0,1,5,1,3,0,2,76,1,0,0,0,0,0,1,1,0,0.34234234234234234,0.08108108108108109,2,1
54,14,32,2,3,0,5,0,0,0,0,0,1,0,1,0,0,0,0,0,0,0.0,0.2037037037037037,3,0
40,12,20,2,0,0,5,0,0,0,0,0,1,0,1,0,0,0,0,0,0,0.0,0.2,3,0
37,24,5,2,0,0,5,0,0,0,0,0,1,0,1,0,0,0,0,0,0,0.0,0.21621621621621623,3,1
41,18,15,2,0,0,4,0,0,0,0,4,1,0,1,0,0,0,0,0,0,0.0975609756097561,0.17073170731707318,3,0
233,18,17,4,0,1,5,1,1,0,0,39,1,0,1,0,0,0,0,0,0,0.16738197424892703,0.060085836909871244,2,1
65,21,37,2,0,0,5,0,0,0,0,20,1,0,0,0,0,0,0,0,0,0.3076923076923077,0.12307692307692308,3,1
61,28,25,1,2,0,5,0,0,0,0,0,0,0,1,0,0,1,0,0,0,0.0,0.14754098360655737,3,1
85,13,64,3,0,2,6,0,1,0,0,5,1,0,1,0,0,0,0,0,0,0.058823529411764705,0.15294117647058825,2,1
52,11,33,2,0,2,6,0,1,0,0,5,1,0,1,0,0,0,0,0,0,0.09615384615384616,0.23076923076923078,3,0
24,9,8,2,0,0,3,0,0,0,0,0,0,0,0,0,0,0,0,0,0,0.0,0.25,2,1
60,52,1,5,1,0,3,0,0,0,0,5,4,0,0,0,0,1,2,1,0,0.08333333333333333,0.16666666666666666,4,1
58,17,33,2,0,2,6,0,1,0,0,5,1,0,1,0,0,0,0,0,0,0.08620689655172414,0.20689655172413793,3,0
21,13,0,1,0,0,2,0,0,0,0,0,0,0,1,0,0,0,0,0,0,0.0,0.19047619047619047,2,1
37,12,17,2,1,0,7,0,0,0,0,1,0,0,1,0,0,1,0,0,0,0.02702702702702703,0.2972972972972973,3,1
28,12,8,2,0,0,3,0,0,0,0,0,1,0,1,0,0,0,0,0,0,0.0,0.21428571428571427,3,0
76,26,43,2,1,0,7,0,0,0,0,3,1,0,0,0,0,0,3,1,0,0.039473684210526314,0.14473684210526316,3,1
61,16,37,2,4,0,5,0,0,0,0,4,1,0,1,0,0,0,0,0,0,0.06557377049180328,0.19672131147540983,3,0
141,9,125,1,3,1,5,0,0,0,0,39,0,0,0,0,0,0,0,0,0,0.2765957446808511,0.3049645390070922,3,0
28,14,6,2,0,0,3,0,0,0,0,0,1,0,1,0,0,0,1,0,0,0.0,0.21428571428571427,3,0
91,17,10,3,0,0,3,1,2,0,1,14,1,0,1,0,0,0,0,0,0,0.15384615384615385,0.15384615384615385,3,1
82,16,46,2,0,1,6,1,1,0,0,6,1,0,1,0,0,0,0,1,0,0.07317073170731707,0.14634146341463414,3,1
39,14,18,1,0,1,5,0,0,0,0,7,0,0,0,0,0,0,0,0,0,0.1794871794871795,0.20512820512820512,3,1
38,18,12,2,0,0,4,0,0,0,0,0,1,0,1,0,0,0,0,0,0,0.0,0.18421052631578946,3,0
44,19,6,2,0,0,3,1,1,0,0,3,1,0,1,0,0,0,0,0,0,0.06818181818181818,0.18181818181818182,3,0
22,13,1,2,0,0,3,0,0,0,0,1,1,0,1,0,0,0,0,0,0,0.045454545454545456,0.2727272727272727,3,1
53,13,32,2,3,0,5,0,0,0,0,0,1,0,1,0,0,0,0,0,0,0.0,0.20754716981132076,3,0
73,19,14,2,0,0,5,1,3,0,0,0,1,0,1,0,0,0,0,0,0,0.0,0.1643835616438356,3,1
34,16,10,2,0,0,6,0,0,0,0,1,1,0,1,0,0,0,0,1,0,0.029411764705882353,0.2647058823529412,3,0
266,28,70,3,6,6,7,1,4,0,2,44,1,0,1,0,0,1,0,0,0,0.16541353383458646,0.12781954887218044,3,1
117,15,95,9,2,0,5,0,0,0,0,22,0,0,0,0,0,0,0,0,0,0.18803418803418803,0.19658119658119658,2,0
41,18,15,2,0,0,4,0,0,0,0,4,1,0,1,0,0,0,0,0,0,0.0975609756097561,0.17073170731707318,3,0
29,4,17,1,0,0,3,0,0,0,0,4,0,0,1,0,0,0,0,0,0,0.13793103448275862,0.1724137931034483,2,1
97,31,59,3,7,0,5,0,0,0,0,0,1,0,0,0,0,1,0,0,0,0.0,0.16494845360824742,2,1
29,11,10,2,0,0,6,0,0,0,0,1,1,0,1,0,0,0,0,0,0,0.034482758620689655,0.3103448275862069,3,0
50,16,27,2,0,0,5,0,0,0,0,0,0,0,0,0,0,0,0,0,0,0.0,0.16,2,1
35,17,10,1,0,0,4,0,0,0,0,3,0,0,1,0,0,0,1,0,0,0.08571428571428572,0.17142857142857143,3,1
34,17,10,2,1,0,4,0,0,0,0,0,1,0,0,0,0,1,0,0,0,0.0,0.23529411764705882,3,1
46,23,15,2,1,0,3,0,0,0,0,0,1,0,1,0,0,0,1,0,0,0.0,0.15217391304347827,3,0
47,29,11,2,2,0,4,0,0,0,0,0,1,0,0,0,0,1,0,1,0,0.0,0.19148936170212766,3,1
19,11,0,2,0,0,2,0,0,0,0,0,1,0,1,0,0,0,0,0,0,0.0,0.2631578947368421,3,0
31,17,7,1,0,0,4,0,0,0,0,0,0,0,0,0,0,0,0,1,0,0.0,0.1935483870967742,3,1
73,24,15,3,2,0,5,1,1,1,0,2,0,0,1,0,1,1,1,0,0,0.0273972602739726,0.1917808219178082,2,1
33,11,14,2,1,0,4,0,0,0,0,0,1,0,1,0,0,0,0,0,0,0.0,0.24242424242424243,3,0
143,19,117,4,13,0,8,0,0,0,0,11,2,0,0,0,0,0,0,0,0,0.07692307692307693,0.18181818181818182,2,0
34,15,12,1,1,0,4,0,0,0,0,0,0,0,0,0,0,0,0,0,0,0.0,0.20588235294117646,2,1
63,12,44,5,1,0,6,0,0,0,0,0,0,0,0,0,0,0,1,0,0,0.0,0.20634920634920634,3,1
39,17,14,1,0,1,4,0,0,0,0,0,0,0,1,0,0,0,1,0,0,0.0,0.1794871794871795,3,1
99,15,76,2,0,1,7,0,0,0,0,7,1,0,1,0,0,0,0,1,0,0.0707070707070707,0.1111111111111111,3,1
263,15,9,6,1,2,3,1,4,0,3,47,1,0,1,0,0,0,0,0,0,0.17870722433460076,0.12927756653992395,3,1
35,18,9,2,0,0,3,0,0,0,0,0,1,0,1,0,0,0,0,0,0,0.0,0.17142857142857143,3,0
82,21,54,2,1,0,10,0,0,0,0,3,1,0,0,0,0,0,2,0,0,0.036585365853658534,0.17073170731707318,3,1
480,34,59,3,13,4,7,1,5,0,4,90,1,0,0,0,0,1,0,0,0,0.1875,0.09166666666666666,3,1
72,21,44,2,0,0,14,0,0,0,0,6,1,0,0,0,0,0,1,1,0,0.08333333333333333,0.2361111111111111,3,1
78,32,38,2,4,0,4,0,0,0,0,18,1,0,1,0,0,1,0,0,0,0.23076923076923078,0.14102564102564102,2,1
33,8,6,1,0,0,3,1,1,0,0,3,0,0,1,0,0,0,0,0,0,0.09090909090909091,0.21212121212121213,3,0
29,15,6,2,0,0,3,0,0,0,0,0,1,0,1,0,0,0,0,0,0,0.0,0.20689655172413793,3,0
37,12,6,2,0,0,3,1,1,0,0,3,1,0,1,0,0,0,1,0,0,0.08108108108108109,0.21621621621621623,3,0
26,17,1,2,1,0,3,0,0,0,0,0,1,0,1,0,0,1,0,0,0,0.0,0.2692307692307692,3,1
35,27,1,3,0,0,3,0,0,0,0,0,2,0,0,0,0,0,0,0,0,0.0,0.2,2,1
42,14,20,2,0,0,5,0,0,0,0,0,1,0,1,0,0,0,0,0,0,0.0,0.19047619047619047,3,0
55,15,32,2,3,0,5,0,0,0,0,0,1,0,1,0,0,0,0,0,0,0.0,0.2,3,0
105,14,84,3,5,0,9,0,0,0,0,9,0,0,0,0,0,0,0,0,0,0.08571428571428572,0.17142857142857143,3,0
34,11,15,2,1,0,3,0,0,0,0,0,1,0,1,0,0,0,1,0,0,0.0,0.20588235294117646,3,0
188,23,10,4,0,0,3,1,3,0,2,92,2,0,0,0,0,0,1,0,0,0.48936170212765956,0.07446808510638298,2,1
145,11,126,3,1,0,3,0,0,1,0,38,0,0,1,0,0,0,0,0,0,0.2620689655172414,0.06896551724137931,3,1
43,13,22,3,0,0,5,0,0,0,0,1,1,0,1,0,0,0,0,0,0,0.023255813953488372,0.20930232558139536,3,0
23,15,0,2,0,0,2,0,0,0,0,0,1,0,1,0,0,0,0,0,0,0.0,0.21739130434782608,3,0
107,14,86,8,0,0,7,0,0,0,0,15,1,0,0,0,0,0,0,0,0,0.14018691588785046,0.14953271028037382,3,1
316,27,54,3,9,4,8,1,6,0,4,74,1,0,1,0,0,1,0,0,0,0.23417721518987342,0.1360759493670886,3,1
40,32,1,2,2,0,3,0,0,0,0,4,1,0,0,0,0,1,0,0,0,0.1,0.2,3,1
89,10,72,1,8,0,7,0,0,0,0,8,0,0,0,0,0,0,0,0,0,0.0898876404494382,0.19101123595505617,3,0
40,24,9,2,0,0,5,0,0,0,0,6,1,0,0,0,0,0,0,0,0,0.15,0.2,3,1
45,15,22,3,0,0,5,0,0,0,0,1,1,0,1,0,0,0,0,0,0,0.022222222222222223,0.2,3,0
53,13,32,2,3,0,5,0,0,0,0,0,1,0,1,0,0,0,0,0,0,0.0,0.20754716981132076,3,0
43,18,6,2,0,0,3,1,1,0,0,3,1,0,1,0,0,0,0,0,0,0.06976744186046512,0.18604651162790697,3,0
26,10,8,1,0,0,3,0,0,0,0,2,0,0,1,0,0,0,0,0,1,0.07692307692307693,0.19230769230769232,2,1
39,12,19,1,0,0,6,0,0,0,0,0,0,0,1,0,0,0,0,0,0,0.0,0.20512820512820512,2,1
37,29,1,2,2,0,3,0,0,0,0,1,1,0,0,0,0,1,0,0,0,0.02702702702702703,0.21621621621621623,3,1
37,15,14,2,1,0,4,0,0,0,0,0,1,0,1,0,0,0,0,0,0,0.0,0.21621621621621623,3,0
45,15,22,3,0,0,5,0,0,0,0,1,1,0,1,0,0,0,0,0,0,0.022222222222222223,0.2,3,0
109,15,87,2,1,1,5,0,0,0,0,10,0,0,0,0,0,0,0,0,0,0.09174311926605505,0.1834862385321101,2,0
39,23,9,3,0,0,3,0,0,0,0,0,1,0,0,0,0,0,0,0,0,0.0,0.1794871794871795,3,1
47,28,11,2,0,0,5,0,0,0,0,3,1,0,1,0,0,0,0,0,0,0.06382978723404255,0.1702127659574468,3,1
30,14,8,2,0,0,3,0,0,0,0,0,1,0,1,0,0,0,0,0,0,0.0,0.2,3,0
48,18,23,1,0,0,5,0,0,0,0,0,0,0,0,0,0,0,0,0,0,0.0,0.14583333333333334,2,1
42,10,25,3,1,0,5,0,0,0,0,0,1,0,0,0,0,0,1,0,0,0.0,0.23809523809523808,2,1
55,15,32,2,3,0,5,0,0,0,0,0,1,0,1,0,0,0,0,0,0,0.0,0.2,3,0
26,18,0,2,0,0,2,0,0,0,0,0,1,0,1,0,0,0,0,1,0,0.0,0.19230769230769232,3,0
20,6,6,1,0,0,3,0,0,0,0,0,0,0,1,0,0,0,0,0,0,0.0,0.25,2,1
31,18,5,2,0,0,3,0,0,0,0,0,1,0,1,0,0,0,0,0,0,0.0,0.1935483870967742,3,0
73,17,48,2,1,0,8,0,0,0,0,0,0,0,1,0,0,0,0,0,0,0.0,0.1643835616438356,3,1
48,21,19,1,0,0,6,0,0,0,0,0,0,0,1,0,0,0,0,1,0,0.0,0.16666666666666666,3,1
276,31,72,4,0,1,8,1,3,0,2,114,1,0,0,0,0,0,1,0,0,0.41304347826086957,0.07971014492753623,3,1
65,20,37,2,0,0,5,0,0,0,0,24,1,0,1,0,0,0,0,0,0,0.36923076923076925,0.12307692307692308,3,1
56,11,37,1,4,0,5,0,0,0,0,4,0,0,1,0,0,0,0,0,0,0.07142857142857142,0.19642857142857142,3,0
108,10,15,2,0,0,4,1,9,0,8,4,0,0,0,0,0,0,0,0,0,0.037037037037037035,0.23148148148148148,3,0
36,13,16,1,0,0,5,0,0,0,0,5,0,0,0,0,0,0,0,0,0,0.1388888888888889,0.19444444444444445,2,1
32,16,8,2,0,0,3,0,0,0,0,0,1,0,1,0,0,0,0,0,0,0.0,0.1875,3,0
108,12,70,1,8,1,8,1,1,0,0,14,0,0,0,0,0,0,0,0,0,0.12962962962962962,0.19444444444444445,3,0
41,18,15,2,1,0,3,0,0,0,0,0,1,0,1,0,0,0,1,0,0,0.0,0.17073170731707318,3,0
53,8,37,1,4,0,5,0,0,0,0,4,0,0,1,0,0,0,0,0,0,0.07547169811320754,0.20754716981132076,3,0
105,33,65,3,1,0,10,0,0,0,0,13,1,0,0,0,0,0,1,0,0,0.12380952380952381,0.14285714285714285,3,1
201,13,181,1,1,0,3,0,0,0,0,78,0,0,0,0,0,1,0,0,0,0.3880597014925373,0.3283582089552239,3,0
37,15,14,2,1,0,4,0,0,0,0,0,1,0,1,0,0,0,0,0,0,0.0,0.21621621621621623,3,0
42,12,22,2,0,1,4,0,0,0,0,0,1,0,1,0,0,0,0,0,0,0.0,0.19047619047619047,3,0
25,16,1,2,0,0,3,0,0,0,0,0,1,0,1,0,0,0,0,0,0,0.0,0.24,3,0
170,37,125,3,0,0,6,0,0,0,0,15,2,0,1,0,0,0,0,0,0,0.08823529411764706,0.058823529411764705,2,1
32,16,8,2,0,0,3,0,0,0,0,0,1,0,1,0,0,0,0,0,0,0.0,0.1875,3,0
32,24,1,2,0,0,3,0,0,0,0,0,1,0,0,0,0,0,0,0,0,0.0,0.1875,6,1
43,18,6,2,0,0,3,1,1,0,0,3,1,0,1,0,0,0,0,0,0,0.06976744186046512,0.18604651162790697,3,0
47,17,22,3,0,0,5,0,0,0,0,1,1,0,1,0,0,0,0,0,0,0.02127659574468085,0.19148936170212766,3,0
162,13,29,2,1,0,5,1,3,0,1,16,0,0,1,0,0,0,0,0,0,0.09876543209876543,0.09259259259259259,3,1
36,14,14,2,1,0,4,0,0,0,0,0,1,0,1,0,0,0,0,0,0,0.0,0.2222222222222222,3,0
119,18,93,3,3,0,10,0,0,0,0,20,2,0,1,0,0,0,0,1,0,0.16806722689075632,0.14285714285714285,2,1
208,24,51,7,3,3,7,1,2,0,3,47,1,0,0,0,0,0,0,1,0,0.22596153846153846,0.12980769230769232,2,1
96,35,54,2,1,0,7,0,0,0,0,18,1,0,0,0,0,0,0,0,0,0.1875,0.11458333333333333,4,1
44,14,22,3,0,0,5,0,0,0,0,1,1,0,1,0,0,0,0,1,0,0.022727272727272728,0.20454545454545456,3,0
38,11,20,2,0,0,5,0,0,0,0,0,0,0,0,0,0,0,1,0,0,0.0,0.21052631578947367,3,1
35,20,7,2,0,0,3,0,0,0,0,0,1,0,1,0,0,0,0,0,0,0.0,0.17142857142857143,3,0
166,23,136,6,4,0,10,0,0,0,0,13,2,0,0,0,0,0,0,0,0,0.0783132530120482,0.12650602409638553,2,1
44,14,22,2,0,1,4,0,0,0,0,0,1,0,1,0,0,0,0,0,0,0.0,0.18181818181818182,3,0
58,17,33,2,0,2,6,0,1,0,0,5,1,0,1,0,0,0,0,0,0,0.08620689655172414,0.20689655172413793,3,0
40,12,20,1,0,0,5,0,0,0,0,0,0,0,1,0,0,0,0,0,0,0.0,0.175,3,0
26,10,8,2,0,0,3,0,0,0,0,0,1,0,1,0,0,0,0,0,0,0.0,0.23076923076923078,2,0
37,15,14,2,1,0,4,0,0,0,0,0,1,0,1,0,0,0,0,0,0,0.0,0.21621621621621623,3,0
36,11,6,1,0,0,3,1,1,0,0,3,0,0,1,0,0,0,0,0,0,0.08333333333333333,0.19444444444444445,3,0
54,13,33,2,0,2,6,0,1,0,0,5,1,0,1,0,0,0,0,0,0,0.09259259259259259,0.2222222222222222,3,0
36,10,19,1,1,0,4,0,0,0,0,0,0,0,0,0,0,0,0,0,0,0.0,0.19444444444444445,3,1
85,19,22,3,0,0,5,1,1,1,0,2,0,0,0,0,0,0,1,0,0,0.023529411764705882,0.1411764705882353,3,1
34,20,6,2,0,0,3,0,0,0,0,0,1,0,1,0,0,0,1,0,0,0.0,0.17647058823529413,3,0
119,18,93,3,3,0,10,0,0,0,0,15,2,0,1,0,0,0,0,1,0,0.12605042016806722,0.14285714285714285,2,1
31,17,6,2,0,0,3,0,0,0,0,0,1,0,1,0,0,0,1,0,0,0.0,0.1935483870967742,3,0
87,6,74,2,5,0,7,0,0,0,0,1,0,0,0,0,0,0,0,0,0,0.011494252873563218,0.1724137931034483,2,0
118,12,99,2,17,0,3,0,0,0,0,16,0,0,0,0,0,0,0,0,0,0.13559322033898305,0.19491525423728814,3,0
43,15,20,2,0,0,5,0,0,0,0,0,1,0,1,0,0,0,0,0,0,0.0,0.18604651162790697,3,0
58,17,33,2,0,2,6,0,1,0,0,5,1,0,1,0,0,0,0,0,0,0.08620689655172414,0.20689655172413793,3,0
85,26,52,4,3,0,10,0,0,0,0,0,2,0,0,0,0,1,0,0,0,0.0,0.21176470588235294,2,1
29,14,7,2,0,0,3,0,0,0,0,0,1,0,1,0,0,0,0,0,0,0.0,0.20689655172413793,2,0
53,19,26,2,0,0,5,0,0,0,0,0,0,0,1,0,0,0,0,0,0,0.0,0.1509433962264151,2,1
32,12,12,2,0,0,4,0,0,0,0,0,1,0,1,0,0,0,0,0,0,0.0,0.21875,3,0
40,26,7,2,0,0,4,0,0,0,0,2,1,0,0,0,0,0,0,0,0,0.05,0.175,3,1
57,12,37,1,4,0,5,0,0,0,0,4,0,0,1,0,0,0,0,0,0,0.07017543859649122,0.19298245614035087,3,0
37,7,22,2,0,0,5,0,0,0,0,1,0,0,1,0,0,0,0,0,0,0.02702702702702703,0.21621621621621623,3,0
98,22,12,4,1,0,4,1,3,0,2,3,0,0,0,0,0,1,1,0,0,0.030612244897959183,0.1836734693877551,3,1
37,15,14,2,1,0,4,0,0,0,0,0,1,0,1,0,0,0,0,0,0,0.0,0.21621621621621623,3,0
30,15,7,2,0,0,3,0,0,0,0,0,1,0,1,0,0,0,0,0,0,0.0,0.2,3,0
26,11,7,1,0,0,3,0,0,0,0,0,0,0,1,0,0,0,0,0,0,0.0,0.19230769230769232,3,0
34,12,14,2,1,0,4,0,0,0,0,0,1,0,1,0,0,0,0,0,0,0.0,0.23529411764705882,3,0
44,12,24,4,0,0,5,0,0,0,0,0,1,0,1,0,0,0,0,0,0,0.0,0.22727272727272727,2,1
26,18,0,2,0,0,2,0,0,0,0,0,1,0,1,0,0,0,0,0,0,0.0,0.19230769230769232,3,0
71,20,44,3,1,0,5,0,0,0,0,17,1,0,0,0,0,1,0,0,0,0.23943661971830985,0.14084507042253522,2,1
40,10,22,1,0,1,4,0,0,0,0,0,0,0,1,0,0,0,0,0,0,0.0,0.175,3,0
30,22,0,2,0,0,2,0,0,0,0,0,1,0,1,0,0,0,0,0,0,0.0,0.16666666666666666,3,0
38,15,15,2,0,0,4,0,0,0,0,4,1,0,1,0,0,0,0,0,0,0.10526315789473684,0.18421052631578946,3,0
99,15,76,2,0,0,7,0,0,0,0,5,1,0,1,0,0,0,0,1,0,0.050505050505050504,0.10101010101010101,3,1
50,20,22,3,0,0,5,0,0,0,0,1,1,0,1,0,0,0,0,0,0,0.02,0.18,3,0
45,15,22,1,1,0,4,0,0,0,0,4,0,0,1,0,0,0,0,0,0,0.08888888888888889,0.15555555555555556,2,1
26,18,1,2,0,0,3,0,0,0,0,0,1,0,0,0,0,0,0,0,0,0.0,0.23076923076923078,2,1
287,30,63,3,1,5,7,1,4,0,3,69,1,0,1,0,0,1,0,0,0,0.24041811846689895,0.11498257839721254,3,1
32,9,15,1,1,0,3,0,0,0,0,0,0,0,1,0,0,0,1,0,0,0.0,0.1875,3,0
50,19,24,2,0,0,7,0,0,0,0,12,1,0,0,0,0,0,1,0,0,0.24,0.2,3,1
27,14,5,2,0,0,3,0,0,0,0,0,1,0,1,0,0,0,0,0,0,0.0,0.2222222222222222,3,0
49,9,32,2,0,0,6,0,0,0,0,0,1,0,1,0,0,0,0,0,0,0.0,0.1836734693877551,2,1
89,42,40,6,0,0,6,0,0,0,0,12,3,0,0,0,0,0,1,0,0,0.1348314606741573,0.15730337078651685,3,1
43,18,17,1,0,0,5,0,0,0,0,0,0,0,1,0,0,0,0,0,0,0.0,0.16279069767441862,3,1
44,19,6,2,0,0,3,1,1,0,0,3,1,0,1,0,0,0,0,0,0,0.06818181818181818,0.18181818181818182,3,0
133,30,42,5,4,0,7,1,2,0,1,33,1,0,1,0,0,0,0,1,0,0.24812030075187969,0.15789473684210525,3,1
50,42,1,2,0,0,3,0,0,0,0,0,1,0,0,0,0,0,0,0,0,0.0,0.12,2,1
38,18,13,2,1,0,4,0,0,0,0,0,1,0,0,0,0,0,0,0,0,0.0,0.21052631578947367,4,1
29,15,6,2,0,0,3,0,0,0,0,0,1,0,1,0,0,0,0,0,0,0.0,0.20689655172413793,3,0
22,13,1,2,0,0,3,0,0,0,0,0,1,0,1,0,0,0,0,0,0,0.0,0.2727272727272727,3,0
126,21,98,3,0,0,8,0,0,0,0,39,1,0,0,0,0,0,0,0,0,0.30952380952380953,0.09523809523809523,3,1
28,13,7,2,0,0,3,0,0,0,0,0,1,0,1,0,0,0,0,0,0,0.0,0.21428571428571427,3,0
43,15,20,2,0,0,5,0,0,0,0,0,1,0,1,0,0,0,0,0,0,0.0,0.18604651162790697,3,0
66,18,41,2,0,0,3,0,0,0,0,21,1,0,0,0,0,0,0,0,0,0.3181818181818182,0.10606060606060606,3,1
22,13,1,2,0,0,3,0,0,0,0,0,1,0,1,0,0,0,0,0,0,0.0,0.2727272727272727,3,0
61,20,33,2,0,2,6,0,1,0,0,5,1,0,1,0,0,0,0,0,0,0.08196721311475409,0.19672131147540983,3,0
104,12,85,1,10,0,7,0,0,0,0,11,0,0,0,0,0,0,0,0,0,0.10576923076923077,0.18269230769230768,3,0
48,20,20,2,0,0,6,0,0,0,0,3,0,0,1,0,0,0,0,1,0,0.0625,0.1875,3,1
61,14,40,5,0,0,6,0,0,0,0,0,2,0,0,0,0,0,2,1,0,0.0,0.19672131147540983,2,1
45,29,9,2,0,0,4,0,0,0,0,22,1,0,0,0,0,0,0,0,0,0.4888888888888889,0.15555555555555556,3,1
39,9,23,2,0,0,5,0,0,0,0,0,0,0,0,0,0,0,0,0,0,0.0,0.20512820512820512,2,1
58,13,37,2,4,0,5,0,0,0,0,4,1,0,1,0,0,0,1,1,0,0.06896551724137931,0.20689655172413793,3,0
61,16,37,2,0,0,4,0,0,0,0,21,1,0,1,0,0,0,0,0,0,0.3442622950819672,0.11475409836065574,2,1
31,22,1,2,0,0,3,0,0,0,0,2,1,0,1,0,0,0,0,0,0,0.06451612903225806,0.1935483870967742,3,1
37,19,10,2,0,0,6,0,0,0,0,1,1,0,1,0,0,0,0,0,0,0.02702702702702703,0.24324324324324326,3,0
103,15,81,1,9,0,5,0,0,0,0,6,0,0,0,0,0,0,1,0,0,0.05825242718446602,0.1553398058252427,3,0
276,31,72,4,0,1,8,1,3,0,2,90,1,0,0,0,0,0,1,0,0,0.32608695652173914,0.07971014492753623,3,1
113,14,17,6,0,0,15,2,1,0,0,2,1,0,0,0,0,0,1,0,0,0.017699115044247787,0.23893805309734514,3,1
23,15,1,2,0,0,3,0,0,0,0,0,1,0,0,0,0,0,0,0,0,0.0,0.2608695652173913,2,1
54,13,33,2,0,2,6,0,1,0,0,5,1,0,1,0,0,0,0,0,0,0.09259259259259259,0.2222222222222222,3,0
35,9,18,1,0,0,3,0,0,0,0,1,0,0,1,0,0,0,0,0,0,0.02857142857142857,0.14285714285714285,3,1
148,12,26,2,2,0,7,1,3,0,1,14,0,0,0,0,0,0,0,0,0,0.0945945945945946,0.11486486486486487,2,1
